TAG ID,GROUP,ELEMENT,GROUP VALUE,ELEMENT VALUE,NAME,KEYWORD,VR,VM,IS RETIRED
00020000,0002,0000,2,0,File Meta Information Group Length,FileMetaInformationGroupLength,UL,1,FALSE
00020001,0002,0001,2,1,File Meta Information Version,FileMetaInformationVersion,OB,1,FALSE
00020002,0002,0002,2,2,Media Storage SOP Class UID,MediaStorageSOPClassUID,UI,1,FALSE
00020003,0002,0003,2,3,Media Storage SOP Instance UID,MediaStorageSOPInstanceUID,UI,1,FALSE
00020010,0002,0010,2,16,Transfer Syntax UID,TransferSyntaxUID,UI,1,FALSE
00020012,0002,0012,2,18,Implementation Class UID,ImplementationClassUID,UI,1,FALSE
00020013,0002,0013,2,19,Implementation Version Name,ImplementationVersionName,SH,1,FALSE
00020016,0002,0016,2,22,Source Application Entity Title,SourceApplicationEntityTitle,AE,1,FALSE
00020017,0002,0017,2,23,Sending Application Entity Title,SendingApplicationEntityTitle,AE,1,FALSE
00020018,0002,0018,2,24,Receiving Application Entity Title,ReceivingApplicationEntityTitle,AE,1,FALSE
00020026,0002,0026,2,38,Source Presentation Address,SourcePresentationAddress,UR,1,FALSE
00020027,0002,0027,2,39,Sending Presentation Address,SendingPresentationAddress,UR,1,FALSE
00020028,0002,0028,2,40,Receiving Presentation Address,ReceivingPresentationAddress,UR,1,FALSE
00020031,0002,0031,2,49,RTV Meta Information Version,RTVMetaInformationVersion,OB,1,FALSE
00020032,0002,0032,2,50,RTV Communication SOP Class UID,RTVCommunicationSOPClassUID,UI,1,FALSE
00020033,0002,0033,2,51,RTV Communication SOP Instance UID,RTVCommunicationSOPInstanceUID,UI,1,FALSE
00020035,0002,0035,2,53,RTV Source Identifier,RTVSourceIdentifier,OB,1,FALSE
00020036,0002,0036,2,54,RTV Flow Identifier,RTVFlowIdentifier,OB,1,FALSE
00020037,0002,0037,2,55,RTV Flow RTP Sampling Rate,RTVFlowRTPSamplingRate,UL,1,FALSE
00020038,0002,0038,2,56,RTV Flow Actual Frame Duration,RTVFlowActualFrameDuration,FD,1,FALSE
00020100,0002,0100,2,256,Private Information Creator UID,PrivateInformationCreatorUID,UI,1,FALSE
00020102,0002,0102,2,258,Private Information,PrivateInformation,OB,1,FALSE
00041130,0004,1130,4,4400,File-set ID,FileSetID,CS,1,FALSE
00041141,0004,1141,4,4417,File-set Descriptor File ID,FileSetDescriptorFileID,CS,1-8,FALSE
00041142,0004,1142,4,4418,Specific Character Set of File-set Descriptor File,SpecificCharacterSetOfFileSetDescriptorFile,CS,1,FALSE
00041200,0004,1200,4,4608,Offset of the First Directory Record of the Root Directory Entity,OffsetOfTheFirstDirectoryRecordOfTheRootDirectoryEntity,UL,1,FALSE
00041202,0004,1202,4,4610,Offset of the Last Directory Record of the Root Directory Entity,OffsetOfTheLastDirectoryRecordOfTheRootDirectoryEntity,UL,1,FALSE
00041212,0004,1212,4,4626,File-set Consistency Flag,FileSetConsistencyFlag,US,1,FALSE
00041220,0004,1220,4,4640,Directory Record Sequence,DirectoryRecordSequence,SQ,1,FALSE
00041400,0004,1400,4,5120,Offset of the Next Directory Record,OffsetOfTheNextDirectoryRecord,UL,1,FALSE
00041410,0004,1410,4,5136,Record In-use Flag,RecordInUseFlag,US,1,FALSE
00041420,0004,1420,4,5152,Offset of Referenced Lower-Level Directory Entity,OffsetOfReferencedLowerLevelDirectoryEntity,UL,1,FALSE
00041430,0004,1430,4,5168,Directory Record Type,DirectoryRecordType,CS,1,FALSE
00041432,0004,1432,4,5170,Private Record UID,PrivateRecordUID,UI,1,FALSE
00041500,0004,1500,4,5376,Referenced File ID,ReferencedFileID,CS,1-8,FALSE
00041504,0004,1504,4,5380,MRDR Directory Record Offset,MRDRDirectoryRecordOffset,UL,1,TRUE
00041510,0004,1510,4,5392,Referenced SOP Class UID in File,ReferencedSOPClassUIDInFile,UI,1,FALSE
00041511,0004,1511,4,5393,Referenced SOP Instance UID in File,ReferencedSOPInstanceUIDInFile,UI,1,FALSE
00041512,0004,1512,4,5394,Referenced Transfer Syntax UID in File,ReferencedTransferSyntaxUIDInFile,UI,1,FALSE
0004151A,0004,151A,4,5402,Referenced Related General SOP Class UID in File,ReferencedRelatedGeneralSOPClassUIDInFile,UI,1-n,FALSE
00041600,0004,1600,4,5632,Number of References,NumberOfReferences,UL,1,TRUE
00060001,0006,0001,6,1,Current Frame Functional Groups Sequence,CurrentFrameFunctionalGroupsSequence,SQ,1,FALSE
00080001,0008,0001,8,1,Length to End,LengthToEnd,UL,1,TRUE
00080005,0008,0005,8,5,Specific Character Set,SpecificCharacterSet,CS,1-n,FALSE
00080006,0008,0006,8,6,Language Code Sequence,LanguageCodeSequence,SQ,1,FALSE
00080008,0008,0008,8,8,Image Type,ImageType,CS,2-n,FALSE
00080010,0008,0010,8,16,Recognition Code,RecognitionCode,SH,1,TRUE
00080012,0008,0012,8,18,Instance Creation Date,InstanceCreationDate,DA,1,FALSE
00080013,0008,0013,8,19,Instance Creation Time,InstanceCreationTime,TM,1,FALSE
00080014,0008,0014,8,20,Instance Creator UID,InstanceCreatorUID,UI,1,FALSE
00080015,0008,0015,8,21,Instance Coercion DateTime,InstanceCoercionDateTime,DT,1,FALSE
00080016,0008,0016,8,22,SOP Class UID,SOPClassUID,UI,1,FALSE
00080017,0008,0017,8,23,Acquisition UID,AcquisitionUID,UI,1,FALSE
00080018,0008,0018,8,24,SOP Instance UID,SOPInstanceUID,UI,1,FALSE
00080019,0008,0019,8,25,Pyramid UID,PyramidUID,UI,1,FALSE
0008001A,0008,001A,8,26,Related General SOP Class UID,RelatedGeneralSOPClassUID,UI,1-n,FALSE
0008001B,0008,001B,8,27,Original Specialized SOP Class UID,OriginalSpecializedSOPClassUID,UI,1,FALSE
00080020,0008,0020,8,32,Study Date,StudyDate,DA,1,FALSE
00080021,0008,0021,8,33,Series Date,SeriesDate,DA,1,FALSE
00080022,0008,0022,8,34,Acquisition Date,AcquisitionDate,DA,1,FALSE
00080023,0008,0023,8,35,Content Date,ContentDate,DA,1,FALSE
00080024,0008,0024,8,36,Overlay Date,OverlayDate,DA,1,TRUE
00080025,0008,0025,8,37,Curve Date,CurveDate,DA,1,TRUE
0008002A,0008,002A,8,42,Acquisition DateTime,AcquisitionDateTime,DT,1,FALSE
00080030,0008,0030,8,48,Study Time,StudyTime,TM,1,FALSE
00080031,0008,0031,8,49,Series Time,SeriesTime,TM,1,FALSE
00080032,0008,0032,8,50,Acquisition Time,AcquisitionTime,TM,1,FALSE
00080033,0008,0033,8,51,Content Time,ContentTime,TM,1,FALSE
00080034,0008,0034,8,52,Overlay Time,OverlayTime,TM,1,TRUE
00080035,0008,0035,8,53,Curve Time,CurveTime,TM,1,TRUE
00080040,0008,0040,8,64,Data Set Type,DataSetType,US,1,TRUE
00080041,0008,0041,8,65,Data Set Subtype,DataSetSubtype,LO,1,TRUE
00080042,0008,0042,8,66,Nuclear Medicine Series Type,NuclearMedicineSeriesType,CS,1,TRUE
00080050,0008,0050,8,80,Accession Number,AccessionNumber,SH,1,FALSE
00080051,0008,0051,8,81,Issuer of Accession Number Sequence,IssuerOfAccessionNumberSequence,SQ,1,FALSE
00080052,0008,0052,8,82,Query/Retrieve Level,QueryRetrieveLevel,CS,1,FALSE
00080053,0008,0053,8,83,Query/Retrieve View,QueryRetrieveView,CS,1,FALSE
00080054,0008,0054,8,84,Retrieve AE Title,RetrieveAETitle,AE,1-n,FALSE
00080055,0008,0055,8,85,Station AE Title,StationAETitle,AE,1,FALSE
00080056,0008,0056,8,86,Instance Availability,InstanceAvailability,CS,1,FALSE
00080058,0008,0058,8,88,Failed SOP Instance UID List,FailedSOPInstanceUIDList,UI,1-n,FALSE
00080060,0008,0060,8,96,Modality,Modality,CS,1,FALSE
00080061,0008,0061,8,97,Modalities in Study,ModalitiesInStudy,CS,1-n,FALSE
00080062,0008,0062,8,98,SOP Classes in Study,SOPClassesInStudy,UI,1-n,FALSE
00080063,0008,0063,8,99,Anatomic Regions in Study Code Sequence,AnatomicRegionsInStudyCodeSequence,SQ,1,FALSE
00080064,0008,0064,8,100,Conversion Type,ConversionType,CS,1,FALSE
00080068,0008,0068,8,104,Presentation Intent Type,PresentationIntentType,CS,1,FALSE
00080070,0008,0070,8,112,Manufacturer,Manufacturer,LO,1,FALSE
00080080,0008,0080,8,128,Institution Name,InstitutionName,LO,1,FALSE
00080081,0008,0081,8,129,Institution Address,InstitutionAddress,ST,1,FALSE
00080082,0008,0082,8,130,Institution Code Sequence,InstitutionCodeSequence,SQ,1,FALSE
00080090,0008,0090,8,144,Referring Physician's Name,ReferringPhysicianName,PN,1,FALSE
00080092,0008,0092,8,146,Referring Physician's Address,ReferringPhysicianAddress,ST,1,FALSE
00080094,0008,0094,8,148,Referring Physician's Telephone Numbers,ReferringPhysicianTelephoneNumbers,SH,1-n,FALSE
00080096,0008,0096,8,150,Referring Physician Identification Sequence,ReferringPhysicianIdentificationSequence,SQ,1,FALSE
0008009C,0008,009C,8,156,Consulting Physician's Name,ConsultingPhysicianName,PN,1-n,FALSE
0008009D,0008,009D,8,157,Consulting Physician Identification Sequence,ConsultingPhysicianIdentificationSequence,SQ,1,FALSE
00080100,0008,0100,8,256,Code Value,CodeValue,SH,1,FALSE
00080101,0008,0101,8,257,Extended Code Value,ExtendedCodeValue,LO,1,FALSE
00080102,0008,0102,8,258,Coding Scheme Designator,CodingSchemeDesignator,SH,1,FALSE
00080103,0008,0103,8,259,Coding Scheme Version,CodingSchemeVersion,SH,1,FALSE
00080104,0008,0104,8,260,Code Meaning,CodeMeaning,LO,1,FALSE
00080105,0008,0105,8,261,Mapping Resource,MappingResource,CS,1,FALSE
00080106,0008,0106,8,262,Context Group Version,ContextGroupVersion,DT,1,FALSE
00080107,0008,0107,8,263,Context Group Local Version,ContextGroupLocalVersion,DT,1,FALSE
00080108,0008,0108,8,264,Extended Code Meaning,ExtendedCodeMeaning,LT,1,FALSE
00080109,0008,0109,8,265,Coding Scheme Resources Sequence,CodingSchemeResourcesSequence,SQ,1,FALSE
0008010A,0008,010A,8,266,Coding Scheme URL Type,CodingSchemeURLType,CS,1,FALSE
0008010B,0008,010B,8,267,Context Group Extension Flag,ContextGroupExtensionFlag,CS,1,FALSE
0008010C,0008,010C,8,268,Coding Scheme UID,CodingSchemeUID,UI,1,FALSE
0008010D,0008,010D,8,269,Context Group Extension Creator UID,ContextGroupExtensionCreatorUID,UI,1,FALSE
0008010E,0008,010E,8,270,Coding Scheme URL,CodingSchemeURL,UR,1,FALSE
0008010F,0008,010F,8,271,Context Identifier,ContextIdentifier,CS,1,FALSE
00080110,0008,0110,8,272,Coding Scheme Identification Sequence,CodingSchemeIdentificationSequence,SQ,1,FALSE
00080112,0008,0112,8,274,Coding Scheme Registry,CodingSchemeRegistry,LO,1,FALSE
00080114,0008,0114,8,276,Coding Scheme External ID,CodingSchemeExternalID,ST,1,FALSE
00080115,0008,0115,8,277,Coding Scheme Name,CodingSchemeName,ST,1,FALSE
00080116,0008,0116,8,278,Coding Scheme Responsible Organization,CodingSchemeResponsibleOrganization,ST,1,FALSE
00080117,0008,0117,8,279,Context UID,ContextUID,UI,1,FALSE
00080118,0008,0118,8,280,Mapping Resource UID,MappingResourceUID,UI,1,FALSE
00080119,0008,0119,8,281,Long Code Value,LongCodeValue,UC,1,FALSE
00080120,0008,0120,8,288,URN Code Value,URNCodeValue,UR,1,FALSE
00080121,0008,0121,8,289,Equivalent Code Sequence,EquivalentCodeSequence,SQ,1,FALSE
00080122,0008,0122,8,290,Mapping Resource Name,MappingResourceName,LO,1,FALSE
00080123,0008,0123,8,291,Context Group Identification Sequence,ContextGroupIdentificationSequence,SQ,1,FALSE
00080124,0008,0124,8,292,Mapping Resource Identification Sequence,MappingResourceIdentificationSequence,SQ,1,FALSE
00080201,0008,0201,8,513,Timezone Offset From UTC,TimezoneOffsetFromUTC,SH,1,FALSE
00080202,0008,0202,8,514,,,,,TRUE
00080220,0008,0220,8,544,Responsible Group Code Sequence,ResponsibleGroupCodeSequence,SQ,1,FALSE
00080221,0008,0221,8,545,Equipment Modality,EquipmentModality,CS,1,FALSE
00080222,0008,0222,8,546,Manufacturer's Related Model Group,ManufacturerRelatedModelGroup,LO,1,FALSE
00080300,0008,0300,8,768,Private Data Element Characteristics Sequence,PrivateDataElementCharacteristicsSequence,SQ,1,FALSE
00080301,0008,0301,8,769,Private Group Reference,PrivateGroupReference,US,1,FALSE
00080302,0008,0302,8,770,Private Creator Reference,PrivateCreatorReference,LO,1,FALSE
00080303,0008,0303,8,771,Block Identifying Information Status,BlockIdentifyingInformationStatus,CS,1,FALSE
00080304,0008,0304,8,772,Nonidentifying Private Elements,NonidentifyingPrivateElements,US,1-n,FALSE
00080306,0008,0306,8,774,Identifying Private Elements,IdentifyingPrivateElements,US,1-n,FALSE
00080305,0008,0305,8,773,Deidentification Action Sequence,DeidentificationActionSequence,SQ,1,FALSE
00080307,0008,0307,8,775,Deidentification Action,DeidentificationAction,CS,1,FALSE
00080308,0008,0308,8,776,Private Data Element,PrivateDataElement,US,1,FALSE
00080309,0008,0309,8,777,Private Data Element Value Multiplicity,PrivateDataElementValueMultiplicity,UL,1-3,FALSE
0008030A,0008,030A,8,778,Private Data Element Value Representation,PrivateDataElementValueRepresentation,CS,1,FALSE
0008030B,0008,030B,8,779,Private Data Element Number of Items,PrivateDataElementNumberOfItems,UL,1-2,FALSE
0008030C,0008,030C,8,780,Private Data Element Name,PrivateDataElementName,UC,1,FALSE
0008030D,0008,030D,8,781,Private Data Element Keyword,PrivateDataElementKeyword,UC,1,FALSE
0008030E,0008,030E,8,782,Private Data Element Description,PrivateDataElementDescription,UT,1,FALSE
0008030F,0008,030F,8,783,Private Data Element Encoding,PrivateDataElementEncoding,UT,1,FALSE
00080310,0008,0310,8,784,Private Data Element Definition Sequence,PrivateDataElementDefinitionSequence,SQ,1,FALSE
00080400,0008,0400,8,1024,Scope of Inventory Sequence,ScopeOfInventorySequence,SQ,1,FALSE
00080401,0008,0401,8,1025,Inventory Purpose,InventoryPurpose,LT,1,FALSE
00080402,0008,0402,8,1026,Inventory Instance Description,InventoryInstanceDescription,LT,1,FALSE
00080403,0008,0403,8,1027,Inventory Level,InventoryLevel,CS,1,FALSE
00080404,0008,0404,8,1028,Item Inventory DateTime,ItemInventoryDateTime,DT,1,FALSE
00080405,0008,0405,8,1029,Removed from Operational Use,RemovedFromOperationalUse,CS,1,FALSE
00080406,0008,0406,8,1030,Reason for Removal Code Sequence,ReasonForRemovalCodeSequence,SQ,1,FALSE
00080407,0008,0407,8,1031,Stored Instance Base URI,StoredInstanceBaseURI,UR,1,FALSE
00080408,0008,0408,8,1032,Folder Access URI,FolderAccessURI,UR,1,FALSE
00080409,0008,0409,8,1033,File Access URI,FileAccessURI,UR,1,FALSE
0008040A,0008,040A,8,1034,Container File Type,ContainerFileType,CS,1,FALSE
0008040B,0008,040B,8,1035,Filename in Container,FilenameInContainer,UR,1,FALSE
0008040C,0008,040C,8,1036,File Offset in Container,FileOffsetInContainer,UV,1,FALSE
0008040D,0008,040D,8,1037,File Length in Container,FileLengthInContainer,UV,1,FALSE
0008040E,0008,040E,8,1038,Stored Instance Transfer Syntax UID,StoredInstanceTransferSyntaxUID,UI,1,FALSE
0008040F,0008,040F,8,1039,Extended Matching Mechanisms,ExtendedMatchingMechanisms,CS,1-n,FALSE
00080410,0008,0410,8,1040,Range Matching Sequence,RangeMatchingSequence,SQ,1,FALSE
00080411,0008,0411,8,1041,List of UID Matching Sequence,ListOfUIDMatchingSequence,SQ,1,FALSE
00080412,0008,0412,8,1042,Empty Value Matching Sequence,EmptyValueMatchingSequence,SQ,1,FALSE
00080413,0008,0413,8,1043,General Matching Sequence,GeneralMatchingSequence,SQ,1,FALSE
00080414,0008,0414,8,1044,Requested Status Interval,RequestedStatusInterval,US,1,FALSE
00080415,0008,0415,8,1045,Retain Instances,RetainInstances,CS,1,FALSE
00080416,0008,0416,8,1046,Expiration DateTime,ExpirationDateTime,DT,1,FALSE
00080417,0008,0417,8,1047,Transaction Status,TransactionStatus,CS,1,FALSE
00080418,0008,0418,8,1048,Transaction Status Comment,TransactionStatusComment,LT,1,FALSE
00080419,0008,0419,8,1049,File Set Access Sequence,FileSetAccessSequence,SQ,1,FALSE
0008041A,0008,041A,8,1050,File Access Sequence,FileAccessSequence,SQ,1,FALSE
0008041B,0008,041B,8,1051,Record Key,RecordKey,OB,1,FALSE
0008041C,0008,041C,8,1052,Prior Record Key,PriorRecordKey,OB,1,FALSE
0008041D,0008,041D,8,1053,Metadata Sequence,MetadataSequence,SQ,1,FALSE
0008041E,0008,041E,8,1054,Updated Metadata Sequence,UpdatedMetadataSequence,SQ,1,FALSE
0008041F,0008,041F,8,1055,Study Update DateTime,StudyUpdateDateTime,DT,1,FALSE
00080420,0008,0420,8,1056,Inventory Access End Points Sequence,InventoryAccessEndPointsSequence,SQ,1,FALSE
00080421,0008,0421,8,1057,Study Access End Points Sequence,StudyAccessEndPointsSequence,SQ,1,FALSE
00080422,0008,0422,8,1058,Incorporated Inventory Instance Sequence,IncorporatedInventoryInstanceSequence,SQ,1,FALSE
00080423,0008,0423,8,1059,Inventoried Studies Sequence,InventoriedStudiesSequence,SQ,1,FALSE
00080424,0008,0424,8,1060,Inventoried Series Sequence,InventoriedSeriesSequence,SQ,1,FALSE
00080425,0008,0425,8,1061,Inventoried Instances Sequence,InventoriedInstancesSequence,SQ,1,FALSE
00080426,0008,0426,8,1062,Inventory Completion Status,InventoryCompletionStatus,CS,1,FALSE
00080427,0008,0427,8,1063,Number of Study Records in Instance,NumberOfStudyRecordsInInstance,UL,1,FALSE
00080428,0008,0428,8,1064,Total Number of Study Records,TotalNumberOfStudyRecords,UV,1,FALSE
00080429,0008,0429,8,1065,Maximum Number of Records,MaximumNumberOfRecords,UV,1,FALSE
00081000,0008,1000,8,4096,Network ID,NetworkID,AE,1,TRUE
00081010,0008,1010,8,4112,Station Name,StationName,SH,1,FALSE
00081030,0008,1030,8,4144,Study Description,StudyDescription,LO,1,FALSE
00081032,0008,1032,8,4146,Procedure Code Sequence,ProcedureCodeSequence,SQ,1,FALSE
0008103E,0008,103E,8,4158,Series Description,SeriesDescription,LO,1,FALSE
0008103F,0008,103F,8,4159,Series Description Code Sequence,SeriesDescriptionCodeSequence,SQ,1,FALSE
00081040,0008,1040,8,4160,Institutional Department Name,InstitutionalDepartmentName,LO,1,FALSE
00081041,0008,1041,8,4161,Institutional Department Type Code Sequence,InstitutionalDepartmentTypeCodeSequence,SQ,1,FALSE
00081048,0008,1048,8,4168,Physician(s) of Record,PhysiciansOfRecord,PN,1-n,FALSE
00081049,0008,1049,8,4169,Physician(s) of Record Identification Sequence,PhysiciansOfRecordIdentificationSequence,SQ,1,FALSE
00081050,0008,1050,8,4176,Performing Physician's Name,PerformingPhysicianName,PN,1-n,FALSE
00081052,0008,1052,8,4178,Performing Physician Identification Sequence,PerformingPhysicianIdentificationSequence,SQ,1,FALSE
00081060,0008,1060,8,4192,Name of Physician(s) Reading Study,NameOfPhysiciansReadingStudy,PN,1-n,FALSE
00081062,0008,1062,8,4194,Physician(s) Reading Study Identification Sequence,PhysiciansReadingStudyIdentificationSequence,SQ,1,FALSE
00081070,0008,1070,8,4208,Operators' Name,OperatorsName,PN,1-n,FALSE
00081072,0008,1072,8,4210,Operator Identification Sequence,OperatorIdentificationSequence,SQ,1,FALSE
00081080,0008,1080,8,4224,Admitting Diagnoses Description,AdmittingDiagnosesDescription,LO,1-n,FALSE
00081084,0008,1084,8,4228,Admitting Diagnoses Code Sequence,AdmittingDiagnosesCodeSequence,SQ,1,FALSE
00081088,0008,1088,8,4232,Pyramid Description,PyramidDescription,LO,1,FALSE
00081090,0008,1090,8,4240,Manufacturer's Model Name,ManufacturerModelName,LO,1,FALSE
00081100,0008,1100,8,4352,Referenced Results Sequence,ReferencedResultsSequence,SQ,1,TRUE
00081110,0008,1110,8,4368,Referenced Study Sequence,ReferencedStudySequence,SQ,1,FALSE
00081111,0008,1111,8,4369,Referenced Performed Procedure Step Sequence,ReferencedPerformedProcedureStepSequence,SQ,1,FALSE
00081115,0008,1115,8,4373,Referenced Series Sequence,ReferencedSeriesSequence,SQ,1,FALSE
00081120,0008,1120,8,4384,Referenced Patient Sequence,ReferencedPatientSequence,SQ,1,FALSE
00081125,0008,1125,8,4389,Referenced Visit Sequence,ReferencedVisitSequence,SQ,1,FALSE
00081130,0008,1130,8,4400,Referenced Overlay Sequence,ReferencedOverlaySequence,SQ,1,TRUE
00081134,0008,1134,8,4404,Referenced Stereometric Instance Sequence,ReferencedStereometricInstanceSequence,SQ,1,FALSE
0008113A,0008,113A,8,4410,Referenced Waveform Sequence,ReferencedWaveformSequence,SQ,1,FALSE
00081140,0008,1140,8,4416,Referenced Image Sequence,ReferencedImageSequence,SQ,1,FALSE
00081145,0008,1145,8,4421,Referenced Curve Sequence,ReferencedCurveSequence,SQ,1,TRUE
0008114A,0008,114A,8,4426,Referenced Instance Sequence,ReferencedInstanceSequence,SQ,1,FALSE
0008114B,0008,114B,8,4427,Referenced Real World Value Mapping Instance Sequence,ReferencedRealWorldValueMappingInstanceSequence,SQ,1,FALSE
00081150,0008,1150,8,4432,Referenced SOP Class UID,ReferencedSOPClassUID,UI,1,FALSE
00081155,0008,1155,8,4437,Referenced SOP Instance UID,ReferencedSOPInstanceUID,UI,1,FALSE
00081156,0008,1156,8,4438,Definition Source Sequence,DefinitionSourceSequence,SQ,1,FALSE
0008115A,0008,115A,8,4442,SOP Classes Supported,SOPClassesSupported,UI,1-n,FALSE
00081160,0008,1160,8,4448,Referenced Frame Number,ReferencedFrameNumber,IS,1-n,FALSE
00081161,0008,1161,8,4449,Simple Frame List,SimpleFrameList,UL,1-n,FALSE
00081162,0008,1162,8,4450,Calculated Frame List,CalculatedFrameList,UL,3-3n,FALSE
00081163,0008,1163,8,4451,Time Range,TimeRange,FD,2,FALSE
00081164,0008,1164,8,4452,Frame Extraction Sequence,FrameExtractionSequence,SQ,1,FALSE
00081167,0008,1167,8,4455,Multi-frame Source SOP Instance UID,MultiFrameSourceSOPInstanceUID,UI,1,FALSE
00081190,0008,1190,8,4496,Retrieve URL,RetrieveURL,UR,1,FALSE
00081195,0008,1195,8,4501,Transaction UID,TransactionUID,UI,1,FALSE
00081196,0008,1196,8,4502,Warning Reason,WarningReason,US,1,FALSE
00081197,0008,1197,8,4503,Failure Reason,FailureReason,US,1,FALSE
00081198,0008,1198,8,4504,Failed SOP Sequence,FailedSOPSequence,SQ,1,FALSE
00081199,0008,1199,8,4505,Referenced SOP Sequence,ReferencedSOPSequence,SQ,1,FALSE
0008119A,0008,119A,8,4506,Other Failures Sequence,OtherFailuresSequence,SQ,1,FALSE
00081200,0008,1200,8,4608,Studies Containing Other Referenced Instances Sequence,StudiesContainingOtherReferencedInstancesSequence,SQ,1,FALSE
00081250,0008,1250,8,4688,Related Series Sequence,RelatedSeriesSequence,SQ,1,FALSE
00082110,0008,2110,8,8464,Lossy Image Compression (Retired),LossyImageCompressionRetired,CS,1,TRUE
00082111,0008,2111,8,8465,Derivation Description,DerivationDescription,ST,1,FALSE
00082112,0008,2112,8,8466,Source Image Sequence,SourceImageSequence,SQ,1,FALSE
00082120,0008,2120,8,8480,Stage Name,StageName,SH,1,FALSE
00082122,0008,2122,8,8482,Stage Number,StageNumber,IS,1,FALSE
00082124,0008,2124,8,8484,Number of Stages,NumberOfStages,IS,1,FALSE
00082127,0008,2127,8,8487,View Name,ViewName,SH,1,FALSE
00082128,0008,2128,8,8488,View Number,ViewNumber,IS,1,FALSE
00082129,0008,2129,8,8489,Number of Event Timers,NumberOfEventTimers,IS,1,FALSE
0008212A,0008,212A,8,8490,Number of Views in Stage,NumberOfViewsInStage,IS,1,FALSE
00082130,0008,2130,8,8496,Event Elapsed Time(s),EventElapsedTimes,DS,1-n,FALSE
00082132,0008,2132,8,8498,Event Timer Name(s),EventTimerNames,LO,1-n,FALSE
00082133,0008,2133,8,8499,Event Timer Sequence,EventTimerSequence,SQ,1,FALSE
00082134,0008,2134,8,8500,Event Time Offset,EventTimeOffset,FD,1,FALSE
00082135,0008,2135,8,8501,Event Code Sequence,EventCodeSequence,SQ,1,FALSE
00082142,0008,2142,8,8514,Start Trim,StartTrim,IS,1,FALSE
00082143,0008,2143,8,8515,Stop Trim,StopTrim,IS,1,FALSE
00082144,0008,2144,8,8516,Recommended Display Frame Rate,RecommendedDisplayFrameRate,IS,1,FALSE
00082200,0008,2200,8,8704,Transducer Position,TransducerPosition,CS,1,TRUE
00082204,0008,2204,8,8708,Transducer Orientation,TransducerOrientation,CS,1,TRUE
00082208,0008,2208,8,8712,Anatomic Structure,AnatomicStructure,CS,1,TRUE
00082218,0008,2218,8,8728,Anatomic Region Sequence,AnatomicRegionSequence,SQ,1,FALSE
00082220,0008,2220,8,8736,Anatomic Region Modifier Sequence,AnatomicRegionModifierSequence,SQ,1,FALSE
00082228,0008,2228,8,8744,Primary Anatomic Structure Sequence,PrimaryAnatomicStructureSequence,SQ,1,FALSE
00082229,0008,2229,8,8745,Anatomic Structure Space or Region Sequence,AnatomicStructureSpaceOrRegionSequence,SQ,1,TRUE
00082230,0008,2230,8,8752,Primary Anatomic Structure Modifier Sequence,PrimaryAnatomicStructureModifierSequence,SQ,1,FALSE
00082240,0008,2240,8,8768,Transducer Position Sequence,TransducerPositionSequence,SQ,1,TRUE
00082242,0008,2242,8,8770,Transducer Position Modifier Sequence,TransducerPositionModifierSequence,SQ,1,TRUE
00082244,0008,2244,8,8772,Transducer Orientation Sequence,TransducerOrientationSequence,SQ,1,TRUE
00082246,0008,2246,8,8774,Transducer Orientation Modifier Sequence,TransducerOrientationModifierSequence,SQ,1,TRUE
00082251,0008,2251,8,8785,Anatomic Structure Space Or Region Code Sequence (Trial),AnatomicStructureSpaceOrRegionCodeSequenceTrial,SQ,1,TRUE
00082253,0008,2253,8,8787,Anatomic Portal Of Entrance Code Sequence (Trial),AnatomicPortalOfEntranceCodeSequenceTrial,SQ,1,TRUE
00082255,0008,2255,8,8789,Anatomic Approach Direction Code Sequence (Trial),AnatomicApproachDirectionCodeSequenceTrial,SQ,1,TRUE
00082256,0008,2256,8,8790,Anatomic Perspective Description (Trial),AnatomicPerspectiveDescriptionTrial,ST,1,TRUE
00082257,0008,2257,8,8791,Anatomic Perspective Code Sequence (Trial),AnatomicPerspectiveCodeSequenceTrial,SQ,1,TRUE
00082258,0008,2258,8,8792,Anatomic Location Of Examining Instrument Description (Trial),AnatomicLocationOfExaminingInstrumentDescriptionTrial,ST,1,TRUE
00082259,0008,2259,8,8793,Anatomic Location Of Examining Instrument Code Sequence (Trial),AnatomicLocationOfExaminingInstrumentCodeSequenceTrial,SQ,1,TRUE
0008225A,0008,225A,8,8794,Anatomic Structure Space Or Region Modifier Code Sequence (Trial),AnatomicStructureSpaceOrRegionModifierCodeSequenceTrial,SQ,1,TRUE
0008225C,0008,225C,8,8796,On Axis Background Anatomic Structure Code Sequence (Trial),OnAxisBackgroundAnatomicStructureCodeSequenceTrial,SQ,1,TRUE
00083001,0008,3001,8,12289,Alternate Representation Sequence,AlternateRepresentationSequence,SQ,1,FALSE
00083002,0008,3002,8,12290,Available Transfer Syntax UID,AvailableTransferSyntaxUID,UI,1-n,FALSE
00083010,0008,3010,8,12304,Irradiation Event UID,IrradiationEventUID,UI,1-n,FALSE
00083011,0008,3011,8,12305,Source Irradiation Event Sequence,SourceIrradiationEventSequence,SQ,1,FALSE
00083012,0008,3012,8,12306,Radiopharmaceutical Administration Event UID,RadiopharmaceuticalAdministrationEventUID,UI,1,FALSE
00084000,0008,4000,8,16384,Identifying Comments,IdentifyingComments,LT,1,TRUE
00089007,0008,9007,8,36871,Frame Type,FrameType,CS,4-5,FALSE
00089092,0008,9092,8,37010,Referenced Image Evidence Sequence,ReferencedImageEvidenceSequence,SQ,1,FALSE
00089121,0008,9121,8,37153,Referenced Raw Data Sequence,ReferencedRawDataSequence,SQ,1,FALSE
00089123,0008,9123,8,37155,Creator-Version UID,CreatorVersionUID,UI,1,FALSE
00089124,0008,9124,8,37156,Derivation Image Sequence,DerivationImageSequence,SQ,1,FALSE
00089154,0008,9154,8,37204,Source Image Evidence Sequence,SourceImageEvidenceSequence,SQ,1,FALSE
00089205,0008,9205,8,37381,Pixel Presentation,PixelPresentation,CS,1,FALSE
00089206,0008,9206,8,37382,Volumetric Properties,VolumetricProperties,CS,1,FALSE
00089207,0008,9207,8,37383,Volume Based Calculation Technique,VolumeBasedCalculationTechnique,CS,1,FALSE
00089208,0008,9208,8,37384,Complex Image Component,ComplexImageComponent,CS,1,FALSE
00089209,0008,9209,8,37385,Acquisition Contrast,AcquisitionContrast,CS,1,FALSE
00089215,0008,9215,8,37397,Derivation Code Sequence,DerivationCodeSequence,SQ,1,FALSE
00089237,0008,9237,8,37431,Referenced Presentation State Sequence,ReferencedPresentationStateSequence,SQ,1,FALSE
00089410,0008,9410,8,37904,Referenced Other Plane Sequence,ReferencedOtherPlaneSequence,SQ,1,FALSE
00089458,0008,9458,8,37976,Frame Display Sequence,FrameDisplaySequence,SQ,1,FALSE
00089459,0008,9459,8,37977,Recommended Display Frame Rate in Float,RecommendedDisplayFrameRateInFloat,FL,1,FALSE
00089460,0008,9460,8,37984,Skip Frame Range Flag,SkipFrameRangeFlag,CS,1,FALSE
00100010,0010,0010,16,16,Patient's Name,PatientName,PN,1,FALSE
00100020,0010,0020,16,32,Patient ID,PatientID,LO,1,FALSE
00100021,0010,0021,16,33,Issuer of Patient ID,IssuerOfPatientID,LO,1,FALSE
00100022,0010,0022,16,34,Type of Patient ID,TypeOfPatientID,CS,1,FALSE
00100024,0010,0024,16,36,Issuer of Patient ID Qualifiers Sequence,IssuerOfPatientIDQualifiersSequence,SQ,1,FALSE
00100026,0010,0026,16,38,Source Patient Group Identification Sequence,SourcePatientGroupIdentificationSequence,SQ,1,FALSE
00100027,0010,0027,16,39,Group of Patients Identification Sequence,GroupOfPatientsIdentificationSequence,SQ,1,FALSE
00100028,0010,0028,16,40,Subject Relative Position in Image,SubjectRelativePositionInImage,US,3,FALSE
00100030,0010,0030,16,48,Patient's Birth Date,PatientBirthDate,DA,1,FALSE
00100032,0010,0032,16,50,Patient's Birth Time,PatientBirthTime,TM,1,FALSE
00100033,0010,0033,16,51,Patient's Birth Date in Alternative Calendar,PatientBirthDateInAlternativeCalendar,LO,1,FALSE
00100034,0010,0034,16,52,Patient's Death Date in Alternative Calendar,PatientDeathDateInAlternativeCalendar,LO,1,FALSE
00100035,0010,0035,16,53,Patient's Alternative Calendar,PatientAlternativeCalendar,CS,1,FALSE
00100040,0010,0040,16,64,Patient's Sex,PatientSex,CS,1,FALSE
00100050,0010,0050,16,80,Patient's Insurance Plan Code Sequence,PatientInsurancePlanCodeSequence,SQ,1,FALSE
00100101,0010,0101,16,257,Patient's Primary Language Code Sequence,PatientPrimaryLanguageCodeSequence,SQ,1,FALSE
00100102,0010,0102,16,258,Patient's Primary Language Modifier Code Sequence,PatientPrimaryLanguageModifierCodeSequence,SQ,1,FALSE
00100200,0010,0200,16,512,Quality Control Subject,QualityControlSubject,CS,1,FALSE
00100201,0010,0201,16,513,Quality Control Subject Type Code Sequence,QualityControlSubjectTypeCodeSequence,SQ,1,FALSE
00100212,0010,0212,16,530,Strain Description,StrainDescription,UC,1,FALSE
00100213,0010,0213,16,531,Strain Nomenclature,StrainNomenclature,LO,1,FALSE
00100214,0010,0214,16,532,Strain Stock Number,StrainStockNumber,LO,1,FALSE
00100215,0010,0215,16,533,Strain Source Registry Code Sequence,StrainSourceRegistryCodeSequence,SQ,1,FALSE
00100216,0010,0216,16,534,Strain Stock Sequence,StrainStockSequence,SQ,1,FALSE
00100217,0010,0217,16,535,Strain Source,StrainSource,LO,1,FALSE
00100218,0010,0218,16,536,Strain Additional Information,StrainAdditionalInformation,UT,1,FALSE
00100219,0010,0219,16,537,Strain Code Sequence,StrainCodeSequence,SQ,1,FALSE
00100221,0010,0221,16,545,Genetic Modifications Sequence,GeneticModificationsSequence,SQ,1,FALSE
00100222,0010,0222,16,546,Genetic Modifications Description,GeneticModificationsDescription,UC,1,FALSE
00100223,0010,0223,16,547,Genetic Modifications Nomenclature,GeneticModificationsNomenclature,LO,1,FALSE
00100229,0010,0229,16,553,Genetic Modifications Code Sequence,GeneticModificationsCodeSequence,SQ,1,FALSE
00101000,0010,1000,16,4096,Other Patient IDs,OtherPatientIDs,LO,1-n,TRUE
00101001,0010,1001,16,4097,Other Patient Names,OtherPatientNames,PN,1-n,FALSE
00101002,0010,1002,16,4098,Other Patient IDs Sequence,OtherPatientIDsSequence,SQ,1,FALSE
00101005,0010,1005,16,4101,Patient's Birth Name,PatientBirthName,PN,1,FALSE
00101010,0010,1010,16,4112,Patient's Age,PatientAge,AS,1,FALSE
00101020,0010,1020,16,4128,Patient's Size,PatientSize,DS,1,FALSE
00101021,0010,1021,16,4129,Patient's Size Code Sequence,PatientSizeCodeSequence,SQ,1,FALSE
00101022,0010,1022,16,4130,Patient's Body Mass Index,PatientBodyMassIndex,DS,1,FALSE
00101023,0010,1023,16,4131,Measured AP Dimension,MeasuredAPDimension,DS,1,FALSE
00101024,0010,1024,16,4132,Measured Lateral Dimension,MeasuredLateralDimension,DS,1,FALSE
00101030,0010,1030,16,4144,Patient's Weight,PatientWeight,DS,1,FALSE
00101040,0010,1040,16,4160,Patient's Address,PatientAddress,LO,1,FALSE
00101050,0010,1050,16,4176,Insurance Plan Identification,InsurancePlanIdentification,LO,1-n,TRUE
00101060,0010,1060,16,4192,Patient's Mother's Birth Name,PatientMotherBirthName,PN,1,FALSE
00101080,0010,1080,16,4224,Military Rank,MilitaryRank,LO,1,FALSE
00101081,0010,1081,16,4225,Branch of Service,BranchOfService,LO,1,FALSE
00101090,0010,1090,16,4240,Medical Record Locator,MedicalRecordLocator,LO,1,TRUE
00101100,0010,1100,16,4352,Referenced Patient Photo Sequence,ReferencedPatientPhotoSequence,SQ,1,FALSE
00102000,0010,2000,16,8192,Medical Alerts,MedicalAlerts,LO,1-n,FALSE
00102110,0010,2110,16,8464,Allergies,Allergies,LO,1-n,FALSE
00102150,0010,2150,16,8528,Country of Residence,CountryOfResidence,LO,1,FALSE
00102152,0010,2152,16,8530,Region of Residence,RegionOfResidence,LO,1,FALSE
00102154,0010,2154,16,8532,Patient's Telephone Numbers,PatientTelephoneNumbers,SH,1-n,FALSE
00102155,0010,2155,16,8533,Patient's Telecom Information,PatientTelecomInformation,LT,1,FALSE
00102160,0010,2160,16,8544,Ethnic Group,EthnicGroup,SH,1,FALSE
00102180,0010,2180,16,8576,Occupation,Occupation,SH,1,FALSE
001021A0,0010,21A0,16,8608,Smoking Status,SmokingStatus,CS,1,FALSE
001021B0,0010,21B0,16,8624,Additional Patient History,AdditionalPatientHistory,LT,1,FALSE
001021C0,0010,21C0,16,8640,Pregnancy Status,PregnancyStatus,US,1,FALSE
001021D0,0010,21D0,16,8656,Last Menstrual Date,LastMenstrualDate,DA,1,FALSE
001021F0,0010,21F0,16,8688,Patient's Religious Preference,PatientReligiousPreference,LO,1,FALSE
00102201,0010,2201,16,8705,Patient Species Description,PatientSpeciesDescription,LO,1,FALSE
00102202,0010,2202,16,8706,Patient Species Code Sequence,PatientSpeciesCodeSequence,SQ,1,FALSE
00102203,0010,2203,16,8707,Patient's Sex Neutered,PatientSexNeutered,CS,1,FALSE
00102210,0010,2210,16,8720,Anatomical Orientation Type,AnatomicalOrientationType,CS,1,FALSE
00102292,0010,2292,16,8850,Patient Breed Description,PatientBreedDescription,LO,1,FALSE
00102293,0010,2293,16,8851,Patient Breed Code Sequence,PatientBreedCodeSequence,SQ,1,FALSE
00102294,0010,2294,16,8852,Breed Registration Sequence,BreedRegistrationSequence,SQ,1,FALSE
00102295,0010,2295,16,8853,Breed Registration Number,BreedRegistrationNumber,LO,1,FALSE
00102296,0010,2296,16,8854,Breed Registry Code Sequence,BreedRegistryCodeSequence,SQ,1,FALSE
00102297,0010,2297,16,8855,Responsible Person,ResponsiblePerson,PN,1,FALSE
00102298,0010,2298,16,8856,Responsible Person Role,ResponsiblePersonRole,CS,1,FALSE
00102299,0010,2299,16,8857,Responsible Organization,ResponsibleOrganization,LO,1,FALSE
00104000,0010,4000,16,16384,Patient Comments,PatientComments,LT,1,FALSE
00109431,0010,9431,16,37937,Examined Body Thickness,ExaminedBodyThickness,FL,1,FALSE
00120010,0012,0010,18,16,Clinical Trial Sponsor Name,ClinicalTrialSponsorName,LO,1,FALSE
00120020,0012,0020,18,32,Clinical Trial Protocol ID,ClinicalTrialProtocolID,LO,1,FALSE
00120021,0012,0021,18,33,Clinical Trial Protocol Name,ClinicalTrialProtocolName,LO,1,FALSE
00120030,0012,0030,18,48,Clinical Trial Site ID,ClinicalTrialSiteID,LO,1,FALSE
00120031,0012,0031,18,49,Clinical Trial Site Name,ClinicalTrialSiteName,LO,1,FALSE
00120040,0012,0040,18,64,Clinical Trial Subject ID,ClinicalTrialSubjectID,LO,1,FALSE
00120042,0012,0042,18,66,Clinical Trial Subject Reading ID,ClinicalTrialSubjectReadingID,LO,1,FALSE
00120050,0012,0050,18,80,Clinical Trial Time Point ID,ClinicalTrialTimePointID,LO,1,FALSE
00120051,0012,0051,18,81,Clinical Trial Time Point Description,ClinicalTrialTimePointDescription,ST,1,FALSE
00120052,0012,0052,18,82,Longitudinal Temporal Offset from Event,LongitudinalTemporalOffsetFromEvent,FD,1,FALSE
00120053,0012,0053,18,83,Longitudinal Temporal Event Type,LongitudinalTemporalEventType,CS,1,FALSE
00120054,0012,0054,18,84,Clinical Trial Time Point Type Code Sequence,ClinicalTrialTimePointTypeCodeSequence,SQ,1,FALSE
00120060,0012,0060,18,96,Clinical Trial Coordinating Center Name,ClinicalTrialCoordinatingCenterName,LO,1,FALSE
00120062,0012,0062,18,98,Patient Identity Removed,PatientIdentityRemoved,CS,1,FALSE
00120063,0012,0063,18,99,De-identification Method,DeidentificationMethod,LO,1-n,FALSE
00120064,0012,0064,18,100,De-identification Method Code Sequence,DeidentificationMethodCodeSequence,SQ,1,FALSE
00120071,0012,0071,18,113,Clinical Trial Series ID,ClinicalTrialSeriesID,LO,1,FALSE
00120072,0012,0072,18,114,Clinical Trial Series Description,ClinicalTrialSeriesDescription,LO,1,FALSE
00120081,0012,0081,18,129,Clinical Trial Protocol Ethics Committee Name,ClinicalTrialProtocolEthicsCommitteeName,LO,1,FALSE
00120082,0012,0082,18,130,Clinical Trial Protocol Ethics Committee Approval Number,ClinicalTrialProtocolEthicsCommitteeApprovalNumber,LO,1,FALSE
00120083,0012,0083,18,131,Consent for Clinical Trial Use Sequence,ConsentForClinicalTrialUseSequence,SQ,1,FALSE
00120084,0012,0084,18,132,Distribution Type,DistributionType,CS,1,FALSE
00120085,0012,0085,18,133,Consent for Distribution Flag,ConsentForDistributionFlag,CS,1,FALSE
00120086,0012,0086,18,134,Ethics Committee Approval Effectiveness Start Date,EthicsCommitteeApprovalEffectivenessStartDate,DA,1,FALSE
00120087,0012,0087,18,135,Ethics Committee Approval Effectiveness End Date,EthicsCommitteeApprovalEffectivenessEndDate,DA,1,FALSE
00140023,0014,0023,20,35,CAD File Format,CADFileFormat,ST,1,TRUE
00140024,0014,0024,20,36,Component Reference System,ComponentReferenceSystem,ST,1,TRUE
00140025,0014,0025,20,37,Component Manufacturing Procedure,ComponentManufacturingProcedure,ST,1,FALSE
00140028,0014,0028,20,40,Component Manufacturer,ComponentManufacturer,ST,1,FALSE
00140030,0014,0030,20,48,Material Thickness,MaterialThickness,DS,1-n,FALSE
00140032,0014,0032,20,50,Material Pipe Diameter,MaterialPipeDiameter,DS,1-n,FALSE
00140034,0014,0034,20,52,Material Isolation Diameter,MaterialIsolationDiameter,DS,1-n,FALSE
00140042,0014,0042,20,66,Material Grade,MaterialGrade,ST,1,FALSE
00140044,0014,0044,20,68,Material Properties Description,MaterialPropertiesDescription,ST,1,FALSE
00140045,0014,0045,20,69,Material Properties File Format (Retired),MaterialPropertiesFileFormatRetired,ST,1,TRUE
00140046,0014,0046,20,70,Material Notes,MaterialNotes,LT,1,FALSE
00140050,0014,0050,20,80,Component Shape,ComponentShape,CS,1,FALSE
00140052,0014,0052,20,82,Curvature Type,CurvatureType,CS,1,FALSE
00140054,0014,0054,20,84,Outer Diameter,OuterDiameter,DS,1,FALSE
00140056,0014,0056,20,86,Inner Diameter,InnerDiameter,DS,1,FALSE
00140100,0014,0100,20,256,Component Welder IDs,ComponentWelderIDs,LO,1-n,FALSE
00140101,0014,0101,20,257,Secondary Approval Status,SecondaryApprovalStatus,CS,1,FALSE
00140102,0014,0102,20,258,Secondary Review Date,SecondaryReviewDate,DA,1,FALSE
00140103,0014,0103,20,259,Secondary Review Time,SecondaryReviewTime,TM,1,FALSE
00140104,0014,0104,20,260,Secondary Reviewer Name,SecondaryReviewerName,PN,1,FALSE
00140105,0014,0105,20,261,Repair ID,RepairID,ST,1,FALSE
00140106,0014,0106,20,262,Multiple Component Approval Sequence,MultipleComponentApprovalSequence,SQ,1,FALSE
00140107,0014,0107,20,263,Other Approval Status,OtherApprovalStatus,CS,1-n,FALSE
00140108,0014,0108,20,264,Other Secondary Approval Status,OtherSecondaryApprovalStatus,CS,1-n,FALSE
00140200,0014,0200,20,512,Data Element Label Sequence,DataElementLabelSequence,SQ,1,FALSE
00140201,0014,0201,20,513,Data Element Label Item Sequence,DataElementLabelItemSequence,SQ,1,FALSE
00140202,0014,0202,20,514,Data Element,DataElement,AT,1,FALSE
00140203,0014,0203,20,515,Data Element Name,DataElementName,LO,1,FALSE
00140204,0014,0204,20,516,Data Element Description,DataElementDescription,LO,1,FALSE
00140205,0014,0205,20,517,Data Element Conditionality,DataElementConditionality,CS,1,FALSE
00140206,0014,0206,20,518,Data Element Minimum Characters,DataElementMinimumCharacters,IS,1,FALSE
00140207,0014,0207,20,519,Data Element Maximum Characters,DataElementMaximumCharacters,IS,1,FALSE
00141010,0014,1010,20,4112,Actual Environmental Conditions,ActualEnvironmentalConditions,ST,1,FALSE
00141020,0014,1020,20,4128,Expiry Date,ExpiryDate,DA,1,FALSE
00141040,0014,1040,20,4160,Environmental Conditions,EnvironmentalConditions,ST,1,FALSE
00142002,0014,2002,20,8194,Evaluator Sequence,EvaluatorSequence,SQ,1,FALSE
00142004,0014,2004,20,8196,Evaluator Number,EvaluatorNumber,IS,1,FALSE
00142006,0014,2006,20,8198,Evaluator Name,EvaluatorName,PN,1,FALSE
00142008,0014,2008,20,8200,Evaluation Attempt,EvaluationAttempt,IS,1,FALSE
00142012,0014,2012,20,8210,Indication Sequence,IndicationSequence,SQ,1,FALSE
00142014,0014,2014,20,8212,Indication Number,IndicationNumber,IS,1,FALSE
00142016,0014,2016,20,8214,Indication Label,IndicationLabel,SH,1,FALSE
00142018,0014,2018,20,8216,Indication Description,IndicationDescription,ST,1,FALSE
0014201A,0014,201A,20,8218,Indication Type,IndicationType,CS,1-n,FALSE
0014201C,0014,201C,20,8220,Indication Disposition,IndicationDisposition,CS,1,FALSE
0014201E,0014,201E,20,8222,Indication ROI Sequence,IndicationROISequence,SQ,1,FALSE
00142030,0014,2030,20,8240,Indication Physical Property Sequence,IndicationPhysicalPropertySequence,SQ,1,FALSE
00142032,0014,2032,20,8242,Property Label,PropertyLabel,SH,1,FALSE
00142202,0014,2202,20,8706,Coordinate System Number of Axes,CoordinateSystemNumberOfAxes,IS,1,FALSE
00142204,0014,2204,20,8708,Coordinate System Axes Sequence,CoordinateSystemAxesSequence,SQ,1,FALSE
00142206,0014,2206,20,8710,Coordinate System Axis Description,CoordinateSystemAxisDescription,ST,1,FALSE
00142208,0014,2208,20,8712,Coordinate System Data Set Mapping,CoordinateSystemDataSetMapping,CS,1,FALSE
0014220A,0014,220A,20,8714,Coordinate System Axis Number,CoordinateSystemAxisNumber,IS,1,FALSE
0014220C,0014,220C,20,8716,Coordinate System Axis Type,CoordinateSystemAxisType,CS,1,FALSE
0014220E,0014,220E,20,8718,Coordinate System Axis Units,CoordinateSystemAxisUnits,CS,1,FALSE
00142210,0014,2210,20,8720,Coordinate System Axis Values,CoordinateSystemAxisValues,OB,1,FALSE
00142220,0014,2220,20,8736,Coordinate System Transform Sequence,CoordinateSystemTransformSequence,SQ,1,FALSE
00142222,0014,2222,20,8738,Transform Description,TransformDescription,ST,1,FALSE
00142224,0014,2224,20,8740,Transform Number of Axes,TransformNumberOfAxes,IS,1,FALSE
00142226,0014,2226,20,8742,Transform Order of Axes,TransformOrderOfAxes,IS,1-n,FALSE
00142228,0014,2228,20,8744,Transformed Axis Units,TransformedAxisUnits,CS,1,FALSE
0014222A,0014,222A,20,8746,Coordinate System Transform Rotation and Scale Matrix,CoordinateSystemTransformRotationAndScaleMatrix,DS,1-n,FALSE
0014222C,0014,222C,20,8748,Coordinate System Transform Translation Matrix,CoordinateSystemTransformTranslationMatrix,DS,1-n,FALSE
00143011,0014,3011,20,12305,Internal Detector Frame Time,InternalDetectorFrameTime,DS,1,FALSE
00143012,0014,3012,20,12306,Number of Frames Integrated,NumberOfFramesIntegrated,DS,1,FALSE
00143020,0014,3020,20,12320,Detector Temperature Sequence,DetectorTemperatureSequence,SQ,1,FALSE
00143022,0014,3022,20,12322,Sensor Name,SensorName,ST,1,FALSE
00143024,0014,3024,20,12324,Horizontal Offset of Sensor,HorizontalOffsetOfSensor,DS,1,FALSE
00143026,0014,3026,20,12326,Vertical Offset of Sensor,VerticalOffsetOfSensor,DS,1,FALSE
00143028,0014,3028,20,12328,Sensor Temperature,SensorTemperature,DS,1,FALSE
00143040,0014,3040,20,12352,Dark Current Sequence,DarkCurrentSequence,SQ,1,FALSE
00143050,0014,3050,20,12368,Dark Current Counts,DarkCurrentCounts,OB or OW,1,FALSE
00143060,0014,3060,20,12384,Gain Correction Reference Sequence,GainCorrectionReferenceSequence,SQ,1,FALSE
00143070,0014,3070,20,12400,Air Counts,AirCounts,OB or OW,1,FALSE
00143071,0014,3071,20,12401,KV Used in Gain Calibration,KVUsedInGainCalibration,DS,1,FALSE
00143072,0014,3072,20,12402,MA Used in Gain Calibration,MAUsedInGainCalibration,DS,1,FALSE
00143073,0014,3073,20,12403,Number of Frames Used for Integration,NumberOfFramesUsedForIntegration,DS,1,FALSE
00143074,0014,3074,20,12404,Filter Material Used in Gain Calibration,FilterMaterialUsedInGainCalibration,LO,1,FALSE
00143075,0014,3075,20,12405,Filter Thickness Used in Gain Calibration,FilterThicknessUsedInGainCalibration,DS,1,FALSE
00143076,0014,3076,20,12406,Date of Gain Calibration,DateOfGainCalibration,DA,1,FALSE
00143077,0014,3077,20,12407,Time of Gain Calibration,TimeOfGainCalibration,TM,1,FALSE
00143080,0014,3080,20,12416,Bad Pixel Image,BadPixelImage,OB,1,FALSE
00143099,0014,3099,20,12441,Calibration Notes,CalibrationNotes,LT,1,FALSE
00143100,0014,3100,20,12544,Linearity Correction Technique,LinearityCorrectionTechnique,LT,1,FALSE
00143101,0014,3101,20,12545,Beam Hardening Correction Technique,BeamHardeningCorrectionTechnique,LT,1,FALSE
00144002,0014,4002,20,16386,Pulser Equipment Sequence,PulserEquipmentSequence,SQ,1,FALSE
00144004,0014,4004,20,16388,Pulser Type,PulserType,CS,1,FALSE
00144006,0014,4006,20,16390,Pulser Notes,PulserNotes,LT,1,FALSE
00144008,0014,4008,20,16392,Receiver Equipment Sequence,ReceiverEquipmentSequence,SQ,1,FALSE
0014400A,0014,400A,20,16394,Amplifier Type,AmplifierType,CS,1,FALSE
0014400C,0014,400C,20,16396,Receiver Notes,ReceiverNotes,LT,1,FALSE
0014400E,0014,400E,20,16398,Pre-Amplifier Equipment Sequence,PreAmplifierEquipmentSequence,SQ,1,FALSE
0014400F,0014,400F,20,16399,Pre-Amplifier Notes,PreAmplifierNotes,LT,1,FALSE
00144010,0014,4010,20,16400,Transmit Transducer Sequence,TransmitTransducerSequence,SQ,1,FALSE
00144011,0014,4011,20,16401,Receive Transducer Sequence,ReceiveTransducerSequence,SQ,1,FALSE
00144012,0014,4012,20,16402,Number of Elements,NumberOfElements,US,1,FALSE
00144013,0014,4013,20,16403,Element Shape,ElementShape,CS,1,FALSE
00144014,0014,4014,20,16404,Element Dimension A,ElementDimensionA,DS,1,FALSE
00144015,0014,4015,20,16405,Element Dimension B,ElementDimensionB,DS,1,FALSE
00144016,0014,4016,20,16406,Element Pitch A,ElementPitchA,DS,1,FALSE
00144017,0014,4017,20,16407,Measured Beam Dimension A,MeasuredBeamDimensionA,DS,1,FALSE
00144018,0014,4018,20,16408,Measured Beam Dimension B,MeasuredBeamDimensionB,DS,1,FALSE
00144019,0014,4019,20,16409,Location of Measured Beam Diameter,LocationOfMeasuredBeamDiameter,DS,1,FALSE
0014401A,0014,401A,20,16410,Nominal Frequency,NominalFrequency,DS,1,FALSE
0014401B,0014,401B,20,16411,Measured Center Frequency,MeasuredCenterFrequency,DS,1,FALSE
0014401C,0014,401C,20,16412,Measured Bandwidth,MeasuredBandwidth,DS,1,FALSE
0014401D,0014,401D,20,16413,Element Pitch B,ElementPitchB,DS,1,FALSE
00144020,0014,4020,20,16416,Pulser Settings Sequence,PulserSettingsSequence,SQ,1,FALSE
00144022,0014,4022,20,16418,Pulse Width,PulseWidth,DS,1,FALSE
00144024,0014,4024,20,16420,Excitation Frequency,ExcitationFrequency,DS,1,FALSE
00144026,0014,4026,20,16422,Modulation Type,ModulationType,CS,1,FALSE
00144028,0014,4028,20,16424,Damping,Damping,DS,1,FALSE
00144030,0014,4030,20,16432,Receiver Settings Sequence,ReceiverSettingsSequence,SQ,1,FALSE
00144031,0014,4031,20,16433,Acquired Soundpath Length,AcquiredSoundpathLength,DS,1,FALSE
00144032,0014,4032,20,16434,Acquisition Compression Type,AcquisitionCompressionType,CS,1,FALSE
00144033,0014,4033,20,16435,Acquisition Sample Size,AcquisitionSampleSize,IS,1,FALSE
00144034,0014,4034,20,16436,Rectifier Smoothing,RectifierSmoothing,DS,1,FALSE
00144035,0014,4035,20,16437,DAC Sequence,DACSequence,SQ,1,FALSE
00144036,0014,4036,20,16438,DAC Type,DACType,CS,1,FALSE
00144038,0014,4038,20,16440,DAC Gain Points,DACGainPoints,DS,1-n,FALSE
0014403A,0014,403A,20,16442,DAC Time Points,DACTimePoints,DS,1-n,FALSE
0014403C,0014,403C,20,16444,DAC Amplitude,DACAmplitude,DS,1-n,FALSE
00144040,0014,4040,20,16448,Pre-Amplifier Settings Sequence,PreAmplifierSettingsSequence,SQ,1,FALSE
00144050,0014,4050,20,16464,Transmit Transducer Settings Sequence,TransmitTransducerSettingsSequence,SQ,1,FALSE
00144051,0014,4051,20,16465,Receive Transducer Settings Sequence,ReceiveTransducerSettingsSequence,SQ,1,FALSE
00144052,0014,4052,20,16466,Incident Angle,IncidentAngle,DS,1,FALSE
00144054,0014,4054,20,16468,Coupling Technique,CouplingTechnique,ST,1,FALSE
00144056,0014,4056,20,16470,Coupling Medium,CouplingMedium,ST,1,FALSE
00144057,0014,4057,20,16471,Coupling Velocity,CouplingVelocity,DS,1,FALSE
00144058,0014,4058,20,16472,Probe Center Location X,ProbeCenterLocationX,DS,1,FALSE
00144059,0014,4059,20,16473,Probe Center Location Z,ProbeCenterLocationZ,DS,1,FALSE
0014405A,0014,405A,20,16474,Sound Path Length,SoundPathLength,DS,1,FALSE
0014405C,0014,405C,20,16476,Delay Law Identifier,DelayLawIdentifier,ST,1,FALSE
00144060,0014,4060,20,16480,Gate Settings Sequence,GateSettingsSequence,SQ,1,FALSE
00144062,0014,4062,20,16482,Gate Threshold,GateThreshold,DS,1,FALSE
00144064,0014,4064,20,16484,Velocity of Sound,VelocityOfSound,DS,1,FALSE
00144070,0014,4070,20,16496,Calibration Settings Sequence,CalibrationSettingsSequence,SQ,1,FALSE
00144072,0014,4072,20,16498,Calibration Procedure,CalibrationProcedure,ST,1,FALSE
00144074,0014,4074,20,16500,Procedure Version,ProcedureVersion,SH,1,FALSE
00144076,0014,4076,20,16502,Procedure Creation Date,ProcedureCreationDate,DA,1,FALSE
00144078,0014,4078,20,16504,Procedure Expiration Date,ProcedureExpirationDate,DA,1,FALSE
0014407A,0014,407A,20,16506,Procedure Last Modified Date,ProcedureLastModifiedDate,DA,1,FALSE
0014407C,0014,407C,20,16508,Calibration Time,CalibrationTime,TM,1-n,FALSE
0014407E,0014,407E,20,16510,Calibration Date,CalibrationDate,DA,1-n,FALSE
00144080,0014,4080,20,16512,Probe Drive Equipment Sequence,ProbeDriveEquipmentSequence,SQ,1,FALSE
00144081,0014,4081,20,16513,Drive Type,DriveType,CS,1,FALSE
00144082,0014,4082,20,16514,Probe Drive Notes,ProbeDriveNotes,LT,1,FALSE
00144083,0014,4083,20,16515,Drive Probe Sequence,DriveProbeSequence,SQ,1,FALSE
00144084,0014,4084,20,16516,Probe Inductance,ProbeInductance,DS,1,FALSE
00144085,0014,4085,20,16517,Probe Resistance,ProbeResistance,DS,1,FALSE
00144086,0014,4086,20,16518,Receive Probe Sequence,ReceiveProbeSequence,SQ,1,FALSE
00144087,0014,4087,20,16519,Probe Drive Settings Sequence,ProbeDriveSettingsSequence,SQ,1,FALSE
00144088,0014,4088,20,16520,Bridge Resistors,BridgeResistors,DS,1,FALSE
00144089,0014,4089,20,16521,Probe Orientation Angle,ProbeOrientationAngle,DS,1,FALSE
0014408B,0014,408B,20,16523,User Selected Gain Y,UserSelectedGainY,DS,1,FALSE
0014408C,0014,408C,20,16524,User Selected Phase,UserSelectedPhase,DS,1,FALSE
0014408D,0014,408D,20,16525,User Selected Offset X,UserSelectedOffsetX,DS,1,FALSE
0014408E,0014,408E,20,16526,User Selected Offset Y,UserSelectedOffsetY,DS,1,FALSE
00144091,0014,4091,20,16529,Channel Settings Sequence,ChannelSettingsSequence,SQ,1,FALSE
00144092,0014,4092,20,16530,Channel Threshold,ChannelThreshold,DS,1,FALSE
0014409A,0014,409A,20,16538,Scanner Settings Sequence,ScannerSettingsSequence,SQ,1,FALSE
0014409B,0014,409B,20,16539,Scan Procedure,ScanProcedure,ST,1,FALSE
0014409C,0014,409C,20,16540,Translation Rate X,TranslationRateX,DS,1,FALSE
0014409D,0014,409D,20,16541,Translation Rate Y,TranslationRateY,DS,1,FALSE
0014409F,0014,409F,20,16543,Channel Overlap,ChannelOverlap,DS,1,FALSE
001440A0,0014,40A0,20,16544,Image Quality Indicator Type,ImageQualityIndicatorType,LO,1-n,FALSE
001440A1,0014,40A1,20,16545,Image Quality Indicator Material,ImageQualityIndicatorMaterial,LO,1-n,FALSE
001440A2,0014,40A2,20,16546,Image Quality Indicator Size,ImageQualityIndicatorSize,LO,1-n,FALSE
00145002,0014,5002,20,20482,LINAC Energy,LINACEnergy,IS,1,FALSE
00145004,0014,5004,20,20484,LINAC Output,LINACOutput,IS,1,FALSE
00145100,0014,5100,20,20736,Active Aperture,ActiveAperture,US,1,FALSE
00145101,0014,5101,20,20737,Total Aperture,TotalAperture,DS,1,FALSE
00145102,0014,5102,20,20738,Aperture Elevation,ApertureElevation,DS,1,FALSE
00145103,0014,5103,20,20739,Main Lobe Angle,MainLobeAngle,DS,1,FALSE
00145104,0014,5104,20,20740,Main Roof Angle,MainRoofAngle,DS,1,FALSE
00145105,0014,5105,20,20741,Connector Type,ConnectorType,CS,1,FALSE
00145106,0014,5106,20,20742,Wedge Model Number,WedgeModelNumber,SH,1,FALSE
00145107,0014,5107,20,20743,Wedge Angle Float,WedgeAngleFloat,DS,1,FALSE
00145108,0014,5108,20,20744,Wedge Roof Angle,WedgeRoofAngle,DS,1,FALSE
00145109,0014,5109,20,20745,Wedge Element 1 Position,WedgeElement1Position,CS,1,FALSE
0014510A,0014,510A,20,20746,Wedge Material Velocity,WedgeMaterialVelocity,DS,1,FALSE
0014510B,0014,510B,20,20747,Wedge Material,WedgeMaterial,SH,1,FALSE
0014510C,0014,510C,20,20748,Wedge Offset Z,WedgeOffsetZ,DS,1,FALSE
0014510D,0014,510D,20,20749,Wedge Origin Offset X,WedgeOriginOffsetX,DS,1,FALSE
0014510E,0014,510E,20,20750,Wedge Time Delay,WedgeTimeDelay,DS,1,FALSE
0014510F,0014,510F,20,20751,Wedge Name,WedgeName,SH,1,FALSE
00145110,0014,5110,20,20752,Wedge Manufacturer Name,WedgeManufacturerName,SH,1,FALSE
00145111,0014,5111,20,20753,Wedge Description,WedgeDescription,LO,1,FALSE
00145112,0014,5112,20,20754,Nominal Beam Angle,NominalBeamAngle,DS,1,FALSE
00145113,0014,5113,20,20755,Wedge Offset X,WedgeOffsetX,DS,1,FALSE
00145114,0014,5114,20,20756,Wedge Offset Y,WedgeOffsetY,DS,1,FALSE
00145115,0014,5115,20,20757,Wedge Total Length,WedgeTotalLength,DS,1,FALSE
00145116,0014,5116,20,20758,Wedge In Contact Length,WedgeInContactLength,DS,1,FALSE
00145117,0014,5117,20,20759,Wedge Front Gap,WedgeFrontGap,DS,1,FALSE
00145118,0014,5118,20,20760,Wedge Total Height,WedgeTotalHeight,DS,1,FALSE
00145119,0014,5119,20,20761,Wedge Front Height,WedgeFrontHeight,DS,1,FALSE
0014511A,0014,511A,20,20762,Wedge Rear Height,WedgeRearHeight,DS,1,FALSE
0014511B,0014,511B,20,20763,Wedge Total Width,WedgeTotalWidth,DS,1,FALSE
0014511C,0014,511C,20,20764,Wedge In Contact Width,WedgeInContactWidth,DS,1,FALSE
0014511D,0014,511D,20,20765,Wedge Chamfer Height,WedgeChamferHeight,DS,1,FALSE
0014511E,0014,511E,20,20766,Wedge Curve,WedgeCurve,CS,1,FALSE
0014511F,0014,511F,20,20767,Radius Along the Wedge,RadiusAlongWedge,DS,1,FALSE
00160001,0016,0001,22,1,White Point,WhitePoint,DS,1,FALSE
00160002,0016,0002,22,2,Primary Chromaticities,PrimaryChromaticities,DS,3,FALSE
00160003,0016,0003,22,3,Battery Level,BatteryLevel,UT,1,FALSE
00160004,0016,0004,22,4,Exposure Time in Seconds,ExposureTimeInSeconds,DS,1,FALSE
00160005,0016,0005,22,5,F-Number,FNumber,DS,1,FALSE
00160006,0016,0006,22,6,OECF Rows,OECFRows,IS,1,FALSE
00160007,0016,0007,22,7,OECF Columns,OECFColumns,IS,1,FALSE
00160008,0016,0008,22,8,OECF Column Names,OECFColumnNames,UC,1-n,FALSE
00160009,0016,0009,22,9,OECF Values,OECFValues,DS,1-n,FALSE
0016000A,0016,000A,22,10,Spatial Frequency Response Rows,SpatialFrequencyResponseRows,IS,1,FALSE
0016000B,0016,000B,22,11,Spatial Frequency Response Columns,SpatialFrequencyResponseColumns,IS,1,FALSE
0016000C,0016,000C,22,12,Spatial Frequency Response Column Names,SpatialFrequencyResponseColumnNames,UC,1-n,FALSE
0016000D,0016,000D,22,13,Spatial Frequency Response Values,SpatialFrequencyResponseValues,DS,1-n,FALSE
0016000E,0016,000E,22,14,Color Filter Array Pattern Rows,ColorFilterArrayPatternRows,IS,1,FALSE
0016000F,0016,000F,22,15,Color Filter Array Pattern Columns,ColorFilterArrayPatternColumns,IS,1,FALSE
00160010,0016,0010,22,16,Color Filter Array Pattern Values,ColorFilterArrayPatternValues,DS,1-n,FALSE
00160011,0016,0011,22,17,Flash Firing Status,FlashFiringStatus,US,1,FALSE
00160012,0016,0012,22,18,Flash Return Status,FlashReturnStatus,US,1,FALSE
00160013,0016,0013,22,19,Flash Mode,FlashMode,US,1,FALSE
00160014,0016,0014,22,20,Flash Function Present,FlashFunctionPresent,US,1,FALSE
00160015,0016,0015,22,21,Flash Red Eye Mode,FlashRedEyeMode,US,1,FALSE
00160016,0016,0016,22,22,Exposure Program,ExposureProgram,US,1,FALSE
00160017,0016,0017,22,23,Spectral Sensitivity,SpectralSensitivity,UT,1,FALSE
00160018,0016,0018,22,24,Photographic Sensitivity,PhotographicSensitivity,IS,1,FALSE
00160019,0016,0019,22,25,Self Timer Mode,SelfTimerMode,IS,1,FALSE
0016001A,0016,001A,22,26,Sensitivity Type,SensitivityType,US,1,FALSE
0016001B,0016,001B,22,27,Standard Output Sensitivity,StandardOutputSensitivity,IS,1,FALSE
0016001C,0016,001C,22,28,Recommended Exposure Index,RecommendedExposureIndex,IS,1,FALSE
0016001D,0016,001D,22,29,ISO Speed,ISOSpeed,IS,1,FALSE
0016001E,0016,001E,22,30,ISO Speed Latitude yyy,ISOSpeedLatitudeyyy,IS,1,FALSE
0016001F,0016,001F,22,31,ISO Speed Latitude zzz,ISOSpeedLatitudezzz,IS,1,FALSE
00160020,0016,0020,22,32,EXIF Version,EXIFVersion,UT,1,FALSE
00160021,0016,0021,22,33,Shutter Speed Value,ShutterSpeedValue,DS,1,FALSE
00160022,0016,0022,22,34,Aperture Value,ApertureValue,DS,1,FALSE
00160023,0016,0023,22,35,Brightness Value,BrightnessValue,DS,1,FALSE
00160024,0016,0024,22,36,Exposure Bias Value,ExposureBiasValue,DS,1,FALSE
00160025,0016,0025,22,37,Max Aperture Value,MaxApertureValue,DS,1,FALSE
00160026,0016,0026,22,38,Subject Distance,SubjectDistance,DS,1,FALSE
00160027,0016,0027,22,39,Metering Mode,MeteringMode,US,1,FALSE
00160028,0016,0028,22,40,Light Source,LightSource,US,1,FALSE
00160029,0016,0029,22,41,Focal Length,FocalLength,DS,1,FALSE
0016002A,0016,002A,22,42,Subject Area,SubjectArea,IS,2-4,FALSE
0016002B,0016,002B,22,43,Maker Note,MakerNote,OB,1,FALSE
00160030,0016,0030,22,48,Temperature,Temperature,DS,1,FALSE
00160031,0016,0031,22,49,Humidity,Humidity,DS,1,FALSE
00160032,0016,0032,22,50,Pressure,Pressure,DS,1,FALSE
00160033,0016,0033,22,51,Water Depth,WaterDepth,DS,1,FALSE
00160034,0016,0034,22,52,Acceleration,Acceleration,DS,1,FALSE
00160035,0016,0035,22,53,Camera Elevation Angle,CameraElevationAngle,DS,1,FALSE
00160036,0016,0036,22,54,Flash Energy,FlashEnergy,DS,1-2,FALSE
00160037,0016,0037,22,55,Subject Location,SubjectLocation,IS,2,FALSE
00160038,0016,0038,22,56,Photographic Exposure Index,PhotographicExposureIndex,DS,1,FALSE
00160039,0016,0039,22,57,Sensing Method,SensingMethod,US,1,FALSE
0016003A,0016,003A,22,58,File Source,FileSource,US,1,FALSE
0016003B,0016,003B,22,59,Scene Type,SceneType,US,1,FALSE
00160041,0016,0041,22,65,Custom Rendered,CustomRendered,US,1,FALSE
00160042,0016,0042,22,66,Exposure Mode,ExposureMode,US,1,FALSE
00160043,0016,0043,22,67,White Balance,WhiteBalance,US,1,FALSE
00160044,0016,0044,22,68,Digital Zoom Ratio,DigitalZoomRatio,DS,1,FALSE
00160045,0016,0045,22,69,Focal Length In 35mm Film,FocalLengthIn35mmFilm,IS,1,FALSE
00160046,0016,0046,22,70,Scene Capture Type,SceneCaptureType,US,1,FALSE
00160047,0016,0047,22,71,Gain Control,GainControl,US,1,FALSE
00160048,0016,0048,22,72,Contrast,Contrast,US,1,FALSE
00160049,0016,0049,22,73,Saturation,Saturation,US,1,FALSE
0016004A,0016,004A,22,74,Sharpness,Sharpness,US,1,FALSE
0016004B,0016,004B,22,75,Device Setting Description,DeviceSettingDescription,OB,1,FALSE
0016004C,0016,004C,22,76,Subject Distance Range,SubjectDistanceRange,US,1,FALSE
0016004D,0016,004D,22,77,Camera Owner Name,CameraOwnerName,UT,1,FALSE
0016004E,0016,004E,22,78,Lens Specification,LensSpecification,DS,4,FALSE
0016004F,0016,004F,22,79,Lens Make,LensMake,UT,1,FALSE
00160050,0016,0050,22,80,Lens Model,LensModel,UT,1,FALSE
00160051,0016,0051,22,81,Lens Serial Number,LensSerialNumber,UT,1,FALSE
00160061,0016,0061,22,97,Interoperability Index,InteroperabilityIndex,CS,1,FALSE
00160062,0016,0062,22,98,Interoperability Version,InteroperabilityVersion,OB,1,FALSE
00160070,0016,0070,22,112,GPS Version ID,GPSVersionID,OB,1,FALSE
00160071,0016,0071,22,113,GPS Latitude Ref,GPSLatitudeRef,CS,1,FALSE
00160072,0016,0072,22,114,GPS Latitude,GPSLatitude,DS,3,FALSE
00160073,0016,0073,22,115,GPS Longitude Ref,GPSLongitudeRef,CS,1,FALSE
00160074,0016,0074,22,116,GPS Longitude,GPSLongitude,DS,3,FALSE
00160075,0016,0075,22,117,GPS Altitude Ref,GPSAltitudeRef,US,1,FALSE
00160076,0016,0076,22,118,GPS Altitude,GPSAltitude,DS,1,FALSE
00160077,0016,0077,22,119,GPS Time Stamp,GPSTimeStamp,DT,1,FALSE
00160078,0016,0078,22,120,GPS Satellites,GPSSatellites,UT,1,FALSE
00160079,0016,0079,22,121,GPS Status,GPSStatus,CS,1,FALSE
0016007A,0016,007A,22,122,GPS Measure Mode,GPSMeasureMode,CS,1,FALSE
0016007B,0016,007B,22,123,GPS DOP,GPSDOP,DS,1,FALSE
0016007C,0016,007C,22,124,GPS Speed Ref,GPSSpeedRef,CS,1,FALSE
0016007D,0016,007D,22,125,GPS Speed,GPSSpeed,DS,1,FALSE
0016007E,0016,007E,22,126,GPS Track Ref,GPSTrackRef,CS,1,FALSE
0016007F,0016,007F,22,127,GPS Track,GPSTrack,DS,1,FALSE
00160080,0016,0080,22,128,GPS Img Direction Ref,GPSImgDirectionRef,CS,1,FALSE
00160081,0016,0081,22,129,GPS Img Direction,GPSImgDirection,DS,1,FALSE
00160082,0016,0082,22,130,GPS Map Datum,GPSMapDatum,UT,1,FALSE
00160083,0016,0083,22,131,GPS Dest Latitude Ref,GPSDestLatitudeRef,CS,1,FALSE
00160084,0016,0084,22,132,GPS Dest Latitude,GPSDestLatitude,DS,3,FALSE
00160085,0016,0085,22,133,GPS Dest Longitude Ref,GPSDestLongitudeRef,CS,1,FALSE
00160086,0016,0086,22,134,GPS Dest Longitude,GPSDestLongitude,DS,3,FALSE
00160087,0016,0087,22,135,GPS Dest Bearing Ref,GPSDestBearingRef,CS,1,FALSE
00160088,0016,0088,22,136,GPS Dest Bearing,GPSDestBearing,DS,1,FALSE
00160089,0016,0089,22,137,GPS Dest Distance Ref,GPSDestDistanceRef,CS,1,FALSE
0016008A,0016,008A,22,138,GPS Dest Distance,GPSDestDistance,DS,1,FALSE
0016008B,0016,008B,22,139,GPS Processing Method,GPSProcessingMethod,OB,1,FALSE
0016008C,0016,008C,22,140,GPS Area Information,GPSAreaInformation,OB,1,FALSE
0016008D,0016,008D,22,141,GPS Date Stamp,GPSDateStamp,DT,1,FALSE
0016008E,0016,008E,22,142,GPS Differential,GPSDifferential,IS,1,FALSE
00161001,0016,1001,22,4097,Light Source Polarization,LightSourcePolarization,CS,1,FALSE
00161002,0016,1002,22,4098,Emitter Color Temperature,EmitterColorTemperature,DS,1,FALSE
00161003,0016,1003,22,4099,Contact Method,ContactMethod,CS,1,FALSE
00161004,0016,1004,22,4100,Immersion Media,ImmersionMedia,CS,1-n,FALSE
00161005,0016,1005,22,4101,Optical Magnification Factor,OpticalMagnificationFactor,DS,1,FALSE
00180010,0018,0010,24,16,Contrast/Bolus Agent,ContrastBolusAgent,LO,1,FALSE
00180012,0018,0012,24,18,Contrast/Bolus Agent Sequence,ContrastBolusAgentSequence,SQ,1,FALSE
00180013,0018,0013,24,19,Contrast/Bolus T1 Relaxivity,ContrastBolusT1Relaxivity,FL,1,FALSE
00180014,0018,0014,24,20,Contrast/Bolus Administration Route Sequence,ContrastBolusAdministrationRouteSequence,SQ,1,FALSE
00180015,0018,0015,24,21,Body Part Examined,BodyPartExamined,CS,1,FALSE
00180020,0018,0020,24,32,Scanning Sequence,ScanningSequence,CS,1-n,FALSE
00180021,0018,0021,24,33,Sequence Variant,SequenceVariant,CS,1-n,FALSE
00180022,0018,0022,24,34,Scan Options,ScanOptions,CS,1-n,FALSE
00180023,0018,0023,24,35,MR Acquisition Type,MRAcquisitionType,CS,1,FALSE
00180024,0018,0024,24,36,Sequence Name,SequenceName,SH,1,FALSE
00180025,0018,0025,24,37,Angio Flag,AngioFlag,CS,1,FALSE
00180026,0018,0026,24,38,Intervention Drug Information Sequence,InterventionDrugInformationSequence,SQ,1,FALSE
00180027,0018,0027,24,39,Intervention Drug Stop Time,InterventionDrugStopTime,TM,1,FALSE
00180028,0018,0028,24,40,Intervention Drug Dose,InterventionDrugDose,DS,1,FALSE
00180029,0018,0029,24,41,Intervention Drug Code Sequence,InterventionDrugCodeSequence,SQ,1,FALSE
0018002A,0018,002A,24,42,Additional Drug Sequence,AdditionalDrugSequence,SQ,1,FALSE
00180030,0018,0030,24,48,Radionuclide,Radionuclide,LO,1-n,TRUE
00180031,0018,0031,24,49,Radiopharmaceutical,Radiopharmaceutical,LO,1,FALSE
00180032,0018,0032,24,50,Energy Window Centerline,EnergyWindowCenterline,DS,1,TRUE
00180033,0018,0033,24,51,Energy Window Total Width,EnergyWindowTotalWidth,DS,1-n,TRUE
00180034,0018,0034,24,52,Intervention Drug Name,InterventionDrugName,LO,1,FALSE
00180035,0018,0035,24,53,Intervention Drug Start Time,InterventionDrugStartTime,TM,1,FALSE
00180036,0018,0036,24,54,Intervention Sequence,InterventionSequence,SQ,1,FALSE
00180037,0018,0037,24,55,Therapy Type,TherapyType,CS,1,TRUE
00180038,0018,0038,24,56,Intervention Status,InterventionStatus,CS,1,FALSE
00180039,0018,0039,24,57,Therapy Description,TherapyDescription,CS,1,TRUE
0018003A,0018,003A,24,58,Intervention Description,InterventionDescription,ST,1,FALSE
00180040,0018,0040,24,64,Cine Rate,CineRate,IS,1,FALSE
00180042,0018,0042,24,66,Initial Cine Run State,InitialCineRunState,CS,1,FALSE
00180050,0018,0050,24,80,Slice Thickness,SliceThickness,DS,1,FALSE
00180060,0018,0060,24,96,KVP,KVP,DS,1,FALSE
00180061,0018,0061,24,97,,,DS,1,TRUE
00180070,0018,0070,24,112,Counts Accumulated,CountsAccumulated,IS,1,FALSE
00180071,0018,0071,24,113,Acquisition Termination Condition,AcquisitionTerminationCondition,CS,1,FALSE
00180072,0018,0072,24,114,Effective Duration,EffectiveDuration,DS,1,FALSE
00180073,0018,0073,24,115,Acquisition Start Condition,AcquisitionStartCondition,CS,1,FALSE
00180074,0018,0074,24,116,Acquisition Start Condition Data,AcquisitionStartConditionData,IS,1,FALSE
00180075,0018,0075,24,117,Acquisition Termination Condition Data,AcquisitionTerminationConditionData,IS,1,FALSE
00180080,0018,0080,24,128,Repetition Time,RepetitionTime,DS,1,FALSE
00180081,0018,0081,24,129,Echo Time,EchoTime,DS,1,FALSE
00180082,0018,0082,24,130,Inversion Time,InversionTime,DS,1,FALSE
00180083,0018,0083,24,131,Number of Averages,NumberOfAverages,DS,1,FALSE
00180084,0018,0084,24,132,Imaging Frequency,ImagingFrequency,DS,1,FALSE
00180085,0018,0085,24,133,Imaged Nucleus,ImagedNucleus,SH,1,FALSE
00180086,0018,0086,24,134,Echo Number(s),EchoNumbers,IS,1-n,FALSE
00180087,0018,0087,24,135,Magnetic Field Strength,MagneticFieldStrength,DS,1,FALSE
00180088,0018,0088,24,136,Spacing Between Slices,SpacingBetweenSlices,DS,1,FALSE
00180089,0018,0089,24,137,Number of Phase Encoding Steps,NumberOfPhaseEncodingSteps,IS,1,FALSE
00180090,0018,0090,24,144,Data Collection Diameter,DataCollectionDiameter,DS,1,FALSE
00180091,0018,0091,24,145,Echo Train Length,EchoTrainLength,IS,1,FALSE
00180093,0018,0093,24,147,Percent Sampling,PercentSampling,DS,1,FALSE
00180094,0018,0094,24,148,Percent Phase Field of View,PercentPhaseFieldOfView,DS,1,FALSE
00180095,0018,0095,24,149,Pixel Bandwidth,PixelBandwidth,DS,1,FALSE
00181000,0018,1000,24,4096,Device Serial Number,DeviceSerialNumber,LO,1,FALSE
00181002,0018,1002,24,4098,Device UID,DeviceUID,UI,1,FALSE
00181003,0018,1003,24,4099,Device ID,DeviceID,LO,1,FALSE
00181004,0018,1004,24,4100,Plate ID,PlateID,LO,1,FALSE
00181005,0018,1005,24,4101,Generator ID,GeneratorID,LO,1,FALSE
00181006,0018,1006,24,4102,Grid ID,GridID,LO,1,FALSE
00181007,0018,1007,24,4103,Cassette ID,CassetteID,LO,1,FALSE
00181008,0018,1008,24,4104,Gantry ID,GantryID,LO,1,FALSE
00181009,0018,1009,24,4105,Unique Device Identifier,UniqueDeviceIdentifier,UT,1,FALSE
0018100A,0018,100A,24,4106,UDI Sequence,UDISequence,SQ,1,FALSE
0018100B,0018,100B,24,4107,Manufacturer's Device Class UID,ManufacturerDeviceClassUID,UI,1-n,FALSE
00181010,0018,1010,24,4112,Secondary Capture Device ID,SecondaryCaptureDeviceID,LO,1,FALSE
00181011,0018,1011,24,4113,Hardcopy Creation Device ID,HardcopyCreationDeviceID,LO,1,TRUE
00181012,0018,1012,24,4114,Date of Secondary Capture,DateOfSecondaryCapture,DA,1,FALSE
00181014,0018,1014,24,4116,Time of Secondary Capture,TimeOfSecondaryCapture,TM,1,FALSE
00181016,0018,1016,24,4118,Secondary Capture Device Manufacturer,SecondaryCaptureDeviceManufacturer,LO,1,FALSE
00181017,0018,1017,24,4119,Hardcopy Device Manufacturer,HardcopyDeviceManufacturer,LO,1,TRUE
00181018,0018,1018,24,4120,Secondary Capture Device Manufacturer's Model Name,SecondaryCaptureDeviceManufacturerModelName,LO,1,FALSE
00181019,0018,1019,24,4121,Secondary Capture Device Software Versions,SecondaryCaptureDeviceSoftwareVersions,LO,1-n,FALSE
0018101A,0018,101A,24,4122,Hardcopy Device Software Version,HardcopyDeviceSoftwareVersion,LO,1-n,TRUE
0018101B,0018,101B,24,4123,Hardcopy Device Manufacturer's Model Name,HardcopyDeviceManufacturerModelName,LO,1,TRUE
00181020,0018,1020,24,4128,Software Versions,SoftwareVersions,LO,1-n,FALSE
00181022,0018,1022,24,4130,Video Image Format Acquired,VideoImageFormatAcquired,SH,1,FALSE
00181023,0018,1023,24,4131,Digital Image Format Acquired,DigitalImageFormatAcquired,LO,1,FALSE
00181030,0018,1030,24,4144,Protocol Name,ProtocolName,LO,1,FALSE
00181040,0018,1040,24,4160,Contrast/Bolus Route,ContrastBolusRoute,LO,1,FALSE
00181041,0018,1041,24,4161,Contrast/Bolus Volume,ContrastBolusVolume,DS,1,FALSE
00181042,0018,1042,24,4162,Contrast/Bolus Start Time,ContrastBolusStartTime,TM,1,FALSE
00181043,0018,1043,24,4163,Contrast/Bolus Stop Time,ContrastBolusStopTime,TM,1,FALSE
00181044,0018,1044,24,4164,Contrast/Bolus Total Dose,ContrastBolusTotalDose,DS,1,FALSE
00181045,0018,1045,24,4165,Syringe Counts,SyringeCounts,IS,1,FALSE
00181046,0018,1046,24,4166,Contrast Flow Rate,ContrastFlowRate,DS,1-n,FALSE
00181047,0018,1047,24,4167,Contrast Flow Duration,ContrastFlowDuration,DS,1-n,FALSE
00181048,0018,1048,24,4168,Contrast/Bolus Ingredient,ContrastBolusIngredient,CS,1,FALSE
00181049,0018,1049,24,4169,Contrast/Bolus Ingredient Concentration,ContrastBolusIngredientConcentration,DS,1,FALSE
00181050,0018,1050,24,4176,Spatial Resolution,SpatialResolution,DS,1,FALSE
00181060,0018,1060,24,4192,Trigger Time,TriggerTime,DS,1,FALSE
00181061,0018,1061,24,4193,Trigger Source or Type,TriggerSourceOrType,LO,1,FALSE
00181062,0018,1062,24,4194,Nominal Interval,NominalInterval,IS,1,FALSE
00181063,0018,1063,24,4195,Frame Time,FrameTime,DS,1,FALSE
00181064,0018,1064,24,4196,Cardiac Framing Type,CardiacFramingType,LO,1,FALSE
00181065,0018,1065,24,4197,Frame Time Vector,FrameTimeVector,DS,1-n,FALSE
00181066,0018,1066,24,4198,Frame Delay,FrameDelay,DS,1,FALSE
00181067,0018,1067,24,4199,Image Trigger Delay,ImageTriggerDelay,DS,1,FALSE
00181068,0018,1068,24,4200,Multiplex Group Time Offset,MultiplexGroupTimeOffset,DS,1,FALSE
00181069,0018,1069,24,4201,Trigger Time Offset,TriggerTimeOffset,DS,1,FALSE
0018106A,0018,106A,24,4202,Synchronization Trigger,SynchronizationTrigger,CS,1,FALSE
0018106C,0018,106C,24,4204,Synchronization Channel,SynchronizationChannel,US,2,FALSE
0018106E,0018,106E,24,4206,Trigger Sample Position,TriggerSamplePosition,UL,1,FALSE
00181070,0018,1070,24,4208,Radiopharmaceutical Route,RadiopharmaceuticalRoute,LO,1,FALSE
00181071,0018,1071,24,4209,Radiopharmaceutical Volume,RadiopharmaceuticalVolume,DS,1,FALSE
00181072,0018,1072,24,4210,Radiopharmaceutical Start Time,RadiopharmaceuticalStartTime,TM,1,FALSE
00181073,0018,1073,24,4211,Radiopharmaceutical Stop Time,RadiopharmaceuticalStopTime,TM,1,FALSE
00181074,0018,1074,24,4212,Radionuclide Total Dose,RadionuclideTotalDose,DS,1,FALSE
00181075,0018,1075,24,4213,Radionuclide Half Life,RadionuclideHalfLife,DS,1,FALSE
00181076,0018,1076,24,4214,Radionuclide Positron Fraction,RadionuclidePositronFraction,DS,1,FALSE
00181077,0018,1077,24,4215,Radiopharmaceutical Specific Activity,RadiopharmaceuticalSpecificActivity,DS,1,FALSE
00181078,0018,1078,24,4216,Radiopharmaceutical Start DateTime,RadiopharmaceuticalStartDateTime,DT,1,FALSE
00181079,0018,1079,24,4217,Radiopharmaceutical Stop DateTime,RadiopharmaceuticalStopDateTime,DT,1,FALSE
00181080,0018,1080,24,4224,Beat Rejection Flag,BeatRejectionFlag,CS,1,FALSE
00181081,0018,1081,24,4225,Low R-R Value,LowRRValue,IS,1,FALSE
00181082,0018,1082,24,4226,High R-R Value,HighRRValue,IS,1,FALSE
00181083,0018,1083,24,4227,Intervals Acquired,IntervalsAcquired,IS,1,FALSE
00181084,0018,1084,24,4228,Intervals Rejected,IntervalsRejected,IS,1,FALSE
00181085,0018,1085,24,4229,PVC Rejection,PVCRejection,LO,1,FALSE
00181086,0018,1086,24,4230,Skip Beats,SkipBeats,IS,1,FALSE
00181088,0018,1088,24,4232,Heart Rate,HeartRate,IS,1,FALSE
00181090,0018,1090,24,4240,Cardiac Number of Images,CardiacNumberOfImages,IS,1,FALSE
00181094,0018,1094,24,4244,Trigger Window,TriggerWindow,IS,1,FALSE
00181100,0018,1100,24,4352,Reconstruction Diameter,ReconstructionDiameter,DS,1,FALSE
00181110,0018,1110,24,4368,Distance Source to Detector,DistanceSourceToDetector,DS,1,FALSE
00181111,0018,1111,24,4369,Distance Source to Patient,DistanceSourceToPatient,DS,1,FALSE
00181114,0018,1114,24,4372,Estimated Radiographic Magnification Factor,EstimatedRadiographicMagnificationFactor,DS,1,FALSE
00181120,0018,1120,24,4384,Gantry/Detector Tilt,GantryDetectorTilt,DS,1,FALSE
00181121,0018,1121,24,4385,Gantry/Detector Slew,GantryDetectorSlew,DS,1,FALSE
00181130,0018,1130,24,4400,Table Height,TableHeight,DS,1,FALSE
00181131,0018,1131,24,4401,Table Traverse,TableTraverse,DS,1,FALSE
00181134,0018,1134,24,4404,Table Motion,TableMotion,CS,1,FALSE
00181135,0018,1135,24,4405,Table Vertical Increment,TableVerticalIncrement,DS,1-n,FALSE
00181136,0018,1136,24,4406,Table Lateral Increment,TableLateralIncrement,DS,1-n,FALSE
00181137,0018,1137,24,4407,Table Longitudinal Increment,TableLongitudinalIncrement,DS,1-n,FALSE
00181138,0018,1138,24,4408,Table Angle,TableAngle,DS,1,FALSE
0018113A,0018,113A,24,4410,Table Type,TableType,CS,1,FALSE
00181140,0018,1140,24,4416,Rotation Direction,RotationDirection,CS,1,FALSE
00181141,0018,1141,24,4417,Angular Position,AngularPosition,DS,1,TRUE
00181142,0018,1142,24,4418,Radial Position,RadialPosition,DS,1-n,FALSE
00181143,0018,1143,24,4419,Scan Arc,ScanArc,DS,1,FALSE
00181144,0018,1144,24,4420,Angular Step,AngularStep,DS,1,FALSE
00181145,0018,1145,24,4421,Center of Rotation Offset,CenterOfRotationOffset,DS,1,FALSE
00181146,0018,1146,24,4422,Rotation Offset,RotationOffset,DS,1-n,TRUE
00181147,0018,1147,24,4423,Field of View Shape,FieldOfViewShape,CS,1,FALSE
00181149,0018,1149,24,4425,Field of View Dimension(s),FieldOfViewDimensions,IS,1-2,FALSE
00181150,0018,1150,24,4432,Exposure Time,ExposureTime,IS,1,FALSE
00181151,0018,1151,24,4433,X-Ray Tube Current,XRayTubeCurrent,IS,1,FALSE
00181152,0018,1152,24,4434,Exposure,Exposure,IS,1,FALSE
00181153,0018,1153,24,4435,Exposure in µAs,ExposureInuAs,IS,1,FALSE
00181154,0018,1154,24,4436,Average Pulse Width,AveragePulseWidth,DS,1,FALSE
00181155,0018,1155,24,4437,Radiation Setting,RadiationSetting,CS,1,FALSE
00181156,0018,1156,24,4438,Rectification Type,RectificationType,CS,1,FALSE
0018115A,0018,115A,24,4442,Radiation Mode,RadiationMode,CS,1,FALSE
0018115E,0018,115E,24,4446,Image and Fluoroscopy Area Dose Product,ImageAndFluoroscopyAreaDoseProduct,DS,1,FALSE
00181160,0018,1160,24,4448,Filter Type,FilterType,SH,1,FALSE
00181161,0018,1161,24,4449,Type of Filters,TypeOfFilters,LO,1-n,FALSE
00181162,0018,1162,24,4450,Intensifier Size,IntensifierSize,DS,1,FALSE
00181164,0018,1164,24,4452,Imager Pixel Spacing,ImagerPixelSpacing,DS,2,FALSE
00181166,0018,1166,24,4454,Grid,Grid,CS,1-n,FALSE
00181170,0018,1170,24,4464,Generator Power,GeneratorPower,IS,1,FALSE
00181180,0018,1180,24,4480,Collimator/grid Name,CollimatorGridName,SH,1,FALSE
00181181,0018,1181,24,4481,Collimator Type,CollimatorType,CS,1,FALSE
00181182,0018,1182,24,4482,Focal Distance,FocalDistance,IS,1-2,FALSE
00181183,0018,1183,24,4483,X Focus Center,XFocusCenter,DS,1-2,FALSE
00181184,0018,1184,24,4484,Y Focus Center,YFocusCenter,DS,1-2,FALSE
00181190,0018,1190,24,4496,Focal Spot(s),FocalSpots,DS,1-n,FALSE
00181191,0018,1191,24,4497,Anode Target Material,AnodeTargetMaterial,CS,1,FALSE
001811A0,0018,11A0,24,4512,Body Part Thickness,BodyPartThickness,DS,1,FALSE
001811A2,0018,11A2,24,4514,Compression Force,CompressionForce,DS,1,FALSE
001811A3,0018,11A3,24,4515,Compression Pressure,CompressionPressure,DS,1,FALSE
001811A4,0018,11A4,24,4516,Paddle Description,PaddleDescription,LO,1,FALSE
001811A5,0018,11A5,24,4517,Compression Contact Area,CompressionContactArea,DS,1,FALSE
001811B0,0018,11B0,24,4528,Acquisition Mode,AcquisitionMode,LO,1,FALSE
001811B1,0018,11B1,24,4529,Dose Mode Name,DoseModeName,LO,1,FALSE
001811B2,0018,11B2,24,4530,Acquired Subtraction Mask Flag,AcquiredSubtractionMaskFlag,CS,1,FALSE
001811B3,0018,11B3,24,4531,Fluoroscopy Persistence Flag,FluoroscopyPersistenceFlag,CS,1,FALSE
001811B4,0018,11B4,24,4532,Fluoroscopy Last Image Hold Persistence Flag,FluoroscopyLastImageHoldPersistenceFlag,CS,1,FALSE
001811B5,0018,11B5,24,4533,Upper Limit Number Of Persistent Fluoroscopy Frames,UpperLimitNumberOfPersistentFluoroscopyFrames,IS,1,FALSE
001811B6,0018,11B6,24,4534,Contrast/Bolus Auto Injection Trigger Flag,ContrastBolusAutoInjectionTriggerFlag,CS,1,FALSE
001811B7,0018,11B7,24,4535,Contrast/Bolus Injection Delay,ContrastBolusInjectionDelay,FD,1,FALSE
001811B8,0018,11B8,24,4536,XA Acquisition Phase Details Sequence,XAAcquisitionPhaseDetailsSequence,SQ,1,FALSE
001811B9,0018,11B9,24,4537,XA Acquisition Frame Rate,XAAcquisitionFrameRate,FD,1,FALSE
001811BA,0018,11BA,24,4538,XA Plane Details Sequence,XAPlaneDetailsSequence,SQ,1,FALSE
001811BB,0018,11BB,24,4539,Acquisition Field of View Label,AcquisitionFieldOfViewLabel,LO,1,FALSE
001811BC,0018,11BC,24,4540,X-Ray Filter Details Sequence,XRayFilterDetailsSequence,SQ,1,FALSE
001811BD,0018,11BD,24,4541,XA Acquisition Duration,XAAcquisitionDuration,FD,1,FALSE
001811BE,0018,11BE,24,4542,Reconstruction Pipeline Type,ReconstructionPipelineType,CS,1,FALSE
001811BF,0018,11BF,24,4543,Image Filter Details Sequence,ImageFilterDetailsSequence,SQ,1,FALSE
001811C0,0018,11C0,24,4544,Applied Mask Subtraction Flag,AppliedMaskSubtractionFlag,CS,1,FALSE
001811C1,0018,11C1,24,4545,Requested Series Description Code Sequence,RequestedSeriesDescriptionCodeSequence,SQ,1,FALSE
00181200,0018,1200,24,4608,Date of Last Calibration,DateOfLastCalibration,DA,1-n,FALSE
00181201,0018,1201,24,4609,Time of Last Calibration,TimeOfLastCalibration,TM,1-n,FALSE
00181202,0018,1202,24,4610,DateTime of Last Calibration,DateTimeOfLastCalibration,DT,1,FALSE
00181203,0018,1203,24,4611,Calibration DateTime,CalibrationDateTime,DT,1,FALSE
00181210,0018,1210,24,4624,Convolution Kernel,ConvolutionKernel,SH,1-n,FALSE
00181240,0018,1240,24,4672,Upper/Lower Pixel Values,UpperLowerPixelValues,IS,1-n,TRUE
00181242,0018,1242,24,4674,Actual Frame Duration,ActualFrameDuration,IS,1,FALSE
00181243,0018,1243,24,4675,Count Rate,CountRate,IS,1,FALSE
00181244,0018,1244,24,4676,Preferred Playback Sequencing,PreferredPlaybackSequencing,US,1,FALSE
00181250,0018,1250,24,4688,Receive Coil Name,ReceiveCoilName,SH,1,FALSE
00181251,0018,1251,24,4689,Transmit Coil Name,TransmitCoilName,SH,1,FALSE
00181260,0018,1260,24,4704,Plate Type,PlateType,SH,1,FALSE
00181261,0018,1261,24,4705,Phosphor Type,PhosphorType,LO,1,FALSE
00181271,0018,1271,24,4721,Water Equivalent Diameter,WaterEquivalentDiameter,FD,1,FALSE
00181272,0018,1272,24,4722,Water Equivalent Diameter Calculation Method Code Sequence,WaterEquivalentDiameterCalculationMethodCodeSequence,SQ,1,FALSE
00181300,0018,1300,24,4864,Scan Velocity,ScanVelocity,DS,1,FALSE
00181301,0018,1301,24,4865,Whole Body Technique,WholeBodyTechnique,CS,1-n,FALSE
00181302,0018,1302,24,4866,Scan Length,ScanLength,IS,1,FALSE
00181310,0018,1310,24,4880,Acquisition Matrix,AcquisitionMatrix,US,4,FALSE
00181312,0018,1312,24,4882,In-plane Phase Encoding Direction,InPlanePhaseEncodingDirection,CS,1,FALSE
00181314,0018,1314,24,4884,Flip Angle,FlipAngle,DS,1,FALSE
00181315,0018,1315,24,4885,Variable Flip Angle Flag,VariableFlipAngleFlag,CS,1,FALSE
00181316,0018,1316,24,4886,SAR,SAR,DS,1,FALSE
00181318,0018,1318,24,4888,dB/dt,dBdt,DS,1,FALSE
00181320,0018,1320,24,4896,B1rms,B1rms,FL,1,FALSE
00181400,0018,1400,24,5120,Acquisition Device Processing Description,AcquisitionDeviceProcessingDescription,LO,1,FALSE
00181401,0018,1401,24,5121,Acquisition Device Processing Code,AcquisitionDeviceProcessingCode,LO,1,FALSE
00181402,0018,1402,24,5122,Cassette Orientation,CassetteOrientation,CS,1,FALSE
00181403,0018,1403,24,5123,Cassette Size,CassetteSize,CS,1,FALSE
00181404,0018,1404,24,5124,Exposures on Plate,ExposuresOnPlate,US,1,FALSE
00181405,0018,1405,24,5125,Relative X-Ray Exposure,RelativeXRayExposure,IS,1,FALSE
00181411,0018,1411,24,5137,Exposure Index,ExposureIndex,DS,1,FALSE
00181412,0018,1412,24,5138,Target Exposure Index,TargetExposureIndex,DS,1,FALSE
00181413,0018,1413,24,5139,Deviation Index,DeviationIndex,DS,1,FALSE
00181450,0018,1450,24,5200,Column Angulation,ColumnAngulation,DS,1,FALSE
00181460,0018,1460,24,5216,Tomo Layer Height,TomoLayerHeight,DS,1,FALSE
00181470,0018,1470,24,5232,Tomo Angle,TomoAngle,DS,1,FALSE
00181480,0018,1480,24,5248,Tomo Time,TomoTime,DS,1,FALSE
00181490,0018,1490,24,5264,Tomo Type,TomoType,CS,1,FALSE
00181491,0018,1491,24,5265,Tomo Class,TomoClass,CS,1,FALSE
00181495,0018,1495,24,5269,Number of Tomosynthesis Source Images,NumberOfTomosynthesisSourceImages,IS,1,FALSE
00181500,0018,1500,24,5376,Positioner Motion,PositionerMotion,CS,1,FALSE
00181508,0018,1508,24,5384,Positioner Type,PositionerType,CS,1,FALSE
00181510,0018,1510,24,5392,Positioner Primary Angle,PositionerPrimaryAngle,DS,1,FALSE
00181511,0018,1511,24,5393,Positioner Secondary Angle,PositionerSecondaryAngle,DS,1,FALSE
00181520,0018,1520,24,5408,Positioner Primary Angle Increment,PositionerPrimaryAngleIncrement,DS,1-n,FALSE
00181521,0018,1521,24,5409,Positioner Secondary Angle Increment,PositionerSecondaryAngleIncrement,DS,1-n,FALSE
00181530,0018,1530,24,5424,Detector Primary Angle,DetectorPrimaryAngle,DS,1,FALSE
00181531,0018,1531,24,5425,Detector Secondary Angle,DetectorSecondaryAngle,DS,1,FALSE
00181600,0018,1600,24,5632,Shutter Shape,ShutterShape,CS,1-3,FALSE
00181602,0018,1602,24,5634,Shutter Left Vertical Edge,ShutterLeftVerticalEdge,IS,1,FALSE
00181604,0018,1604,24,5636,Shutter Right Vertical Edge,ShutterRightVerticalEdge,IS,1,FALSE
00181606,0018,1606,24,5638,Shutter Upper Horizontal Edge,ShutterUpperHorizontalEdge,IS,1,FALSE
00181608,0018,1608,24,5640,Shutter Lower Horizontal Edge,ShutterLowerHorizontalEdge,IS,1,FALSE
00181610,0018,1610,24,5648,Center of Circular Shutter,CenterOfCircularShutter,IS,2,FALSE
00181612,0018,1612,24,5650,Radius of Circular Shutter,RadiusOfCircularShutter,IS,1,FALSE
00181620,0018,1620,24,5664,Vertices of the Polygonal Shutter,VerticesOfThePolygonalShutter,IS,2-2n,FALSE
00181622,0018,1622,24,5666,Shutter Presentation Value,ShutterPresentationValue,US,1,FALSE
00181623,0018,1623,24,5667,Shutter Overlay Group,ShutterOverlayGroup,US,1,FALSE
00181624,0018,1624,24,5668,Shutter Presentation Color CIELab Value,ShutterPresentationColorCIELabValue,US,3,FALSE
00181630,0018,1630,24,5680,Outline Shape Type,OutlineShapeType,CS,1,FALSE
00181631,0018,1631,24,5681,Outline Left Vertical Edge,OutlineLeftVerticalEdge,FD,1,FALSE
00181632,0018,1632,24,5682,Outline Right Vertical Edge,OutlineRightVerticalEdge,FD,1,FALSE
00181633,0018,1633,24,5683,Outline Upper Horizontal Edge,OutlineUpperHorizontalEdge,FD,1,FALSE
00181634,0018,1634,24,5684,Outline Lower Horizontal Edge,OutlineLowerHorizontalEdge,FD,1,FALSE
00181635,0018,1635,24,5685,Center of Circular Outline,CenterOfCircularOutline,FD,2,FALSE
00181636,0018,1636,24,5686,Diameter of Circular Outline,DiameterOfCircularOutline,FD,1,FALSE
00181637,0018,1637,24,5687,Number of Polygonal Vertices,NumberOfPolygonalVertices,UL,1,FALSE
00181638,0018,1638,24,5688,Vertices of the Polygonal Outline,VerticesOfThePolygonalOutline,OF,1,FALSE
00181700,0018,1700,24,5888,Collimator Shape,CollimatorShape,CS,1-3,FALSE
00181702,0018,1702,24,5890,Collimator Left Vertical Edge,CollimatorLeftVerticalEdge,IS,1,FALSE
00181704,0018,1704,24,5892,Collimator Right Vertical Edge,CollimatorRightVerticalEdge,IS,1,FALSE
00181706,0018,1706,24,5894,Collimator Upper Horizontal Edge,CollimatorUpperHorizontalEdge,IS,1,FALSE
00181708,0018,1708,24,5896,Collimator Lower Horizontal Edge,CollimatorLowerHorizontalEdge,IS,1,FALSE
00181710,0018,1710,24,5904,Center of Circular Collimator,CenterOfCircularCollimator,IS,2,FALSE
00181712,0018,1712,24,5906,Radius of Circular Collimator,RadiusOfCircularCollimator,IS,1,FALSE
00181720,0018,1720,24,5920,Vertices of the Polygonal Collimator,VerticesOfThePolygonalCollimator,IS,2-2n,FALSE
00181800,0018,1800,24,6144,Acquisition Time Synchronized,AcquisitionTimeSynchronized,CS,1,FALSE
00181801,0018,1801,24,6145,Time Source,TimeSource,SH,1,FALSE
00181802,0018,1802,24,6146,Time Distribution Protocol,TimeDistributionProtocol,CS,1,FALSE
00181803,0018,1803,24,6147,NTP Source Address,NTPSourceAddress,LO,1,FALSE
00182001,0018,2001,24,8193,Page Number Vector,PageNumberVector,IS,1-n,FALSE
00182002,0018,2002,24,8194,Frame Label Vector,FrameLabelVector,SH,1-n,FALSE
00182003,0018,2003,24,8195,Frame Primary Angle Vector,FramePrimaryAngleVector,DS,1-n,FALSE
00182004,0018,2004,24,8196,Frame Secondary Angle Vector,FrameSecondaryAngleVector,DS,1-n,FALSE
00182005,0018,2005,24,8197,Slice Location Vector,SliceLocationVector,DS,1-n,FALSE
00182006,0018,2006,24,8198,Display Window Label Vector,DisplayWindowLabelVector,SH,1-n,FALSE
00182010,0018,2010,24,8208,Nominal Scanned Pixel Spacing,NominalScannedPixelSpacing,DS,2,FALSE
00182020,0018,2020,24,8224,Digitizing Device Transport Direction,DigitizingDeviceTransportDirection,CS,1,FALSE
00182030,0018,2030,24,8240,Rotation of Scanned Film,RotationOfScannedFilm,DS,1,FALSE
00182041,0018,2041,24,8257,Biopsy Target Sequence,BiopsyTargetSequence,SQ,1,FALSE
00182042,0018,2042,24,8258,Target UID,TargetUID,UI,1,FALSE
00182043,0018,2043,24,8259,Localizing Cursor Position,LocalizingCursorPosition,FL,2,FALSE
00182044,0018,2044,24,8260,Calculated Target Position,CalculatedTargetPosition,FL,3,FALSE
00182045,0018,2045,24,8261,Target Label,TargetLabel,SH,1,FALSE
00182046,0018,2046,24,8262,Displayed Z Value,DisplayedZValue,FL,1,FALSE
00183100,0018,3100,24,12544,IVUS Acquisition,IVUSAcquisition,CS,1,FALSE
00183101,0018,3101,24,12545,IVUS Pullback Rate,IVUSPullbackRate,DS,1,FALSE
00183102,0018,3102,24,12546,IVUS Gated Rate,IVUSGatedRate,DS,1,FALSE
00183103,0018,3103,24,12547,IVUS Pullback Start Frame Number,IVUSPullbackStartFrameNumber,IS,1,FALSE
00183104,0018,3104,24,12548,IVUS Pullback Stop Frame Number,IVUSPullbackStopFrameNumber,IS,1,FALSE
00183105,0018,3105,24,12549,Lesion Number,LesionNumber,IS,1-n,FALSE
00184000,0018,4000,24,16384,Acquisition Comments,AcquisitionComments,LT,1,TRUE
00185000,0018,5000,24,20480,Output Power,OutputPower,SH,1-n,FALSE
00185010,0018,5010,24,20496,Transducer Data,TransducerData,LO,1-n,FALSE
00185011,0018,5011,24,20497,Transducer Identification Sequence,TransducerIdentificationSequence,SQ,1,FALSE
00185012,0018,5012,24,20498,Focus Depth,FocusDepth,DS,1,FALSE
00185020,0018,5020,24,20512,Processing Function,ProcessingFunction,LO,1,FALSE
00185021,0018,5021,24,20513,Postprocessing Function,PostprocessingFunction,LO,1,TRUE
00185022,0018,5022,24,20514,Mechanical Index,MechanicalIndex,DS,1,FALSE
00185024,0018,5024,24,20516,Bone Thermal Index,BoneThermalIndex,DS,1,FALSE
00185026,0018,5026,24,20518,Cranial Thermal Index,CranialThermalIndex,DS,1,FALSE
00185027,0018,5027,24,20519,Soft Tissue Thermal Index,SoftTissueThermalIndex,DS,1,FALSE
00185028,0018,5028,24,20520,Soft Tissue-focus Thermal Index,SoftTissueFocusThermalIndex,DS,1,FALSE
00185029,0018,5029,24,20521,Soft Tissue-surface Thermal Index,SoftTissueSurfaceThermalIndex,DS,1,FALSE
00185030,0018,5030,24,20528,Dynamic Range,DynamicRange,DS,1,TRUE
00185040,0018,5040,24,20544,Total Gain,TotalGain,DS,1,TRUE
00185050,0018,5050,24,20560,Depth of Scan Field,DepthOfScanField,IS,1,FALSE
00185100,0018,5100,24,20736,Patient Position,PatientPosition,CS,1,FALSE
00185101,0018,5101,24,20737,View Position,ViewPosition,CS,1,FALSE
00185104,0018,5104,24,20740,Projection Eponymous Name Code Sequence,ProjectionEponymousNameCodeSequence,SQ,1,FALSE
00185210,0018,5210,24,21008,Image Transformation Matrix,ImageTransformationMatrix,DS,6,TRUE
00185212,0018,5212,24,21010,Image Translation Vector,ImageTranslationVector,DS,3,TRUE
00186000,0018,6000,24,24576,Sensitivity,Sensitivity,DS,1,FALSE
00186011,0018,6011,24,24593,Sequence of Ultrasound Regions,SequenceOfUltrasoundRegions,SQ,1,FALSE
00186012,0018,6012,24,24594,Region Spatial Format,RegionSpatialFormat,US,1,FALSE
00186014,0018,6014,24,24596,Region Data Type,RegionDataType,US,1,FALSE
00186016,0018,6016,24,24598,Region Flags,RegionFlags,UL,1,FALSE
00186018,0018,6018,24,24600,Region Location Min X0,RegionLocationMinX0,UL,1,FALSE
0018601A,0018,601A,24,24602,Region Location Min Y0,RegionLocationMinY0,UL,1,FALSE
0018601C,0018,601C,24,24604,Region Location Max X1,RegionLocationMaxX1,UL,1,FALSE
0018601E,0018,601E,24,24606,Region Location Max Y1,RegionLocationMaxY1,UL,1,FALSE
00186020,0018,6020,24,24608,Reference Pixel X0,ReferencePixelX0,SL,1,FALSE
00186022,0018,6022,24,24610,Reference Pixel Y0,ReferencePixelY0,SL,1,FALSE
00186024,0018,6024,24,24612,Physical Units X Direction,PhysicalUnitsXDirection,US,1,FALSE
00186026,0018,6026,24,24614,Physical Units Y Direction,PhysicalUnitsYDirection,US,1,FALSE
00186028,0018,6028,24,24616,Reference Pixel Physical Value X,ReferencePixelPhysicalValueX,FD,1,FALSE
0018602A,0018,602A,24,24618,Reference Pixel Physical Value Y,ReferencePixelPhysicalValueY,FD,1,FALSE
0018602C,0018,602C,24,24620,Physical Delta X,PhysicalDeltaX,FD,1,FALSE
0018602E,0018,602E,24,24622,Physical Delta Y,PhysicalDeltaY,FD,1,FALSE
00186030,0018,6030,24,24624,Transducer Frequency,TransducerFrequency,UL,1,FALSE
00186031,0018,6031,24,24625,Transducer Type,TransducerType,CS,1,FALSE
00186032,0018,6032,24,24626,Pulse Repetition Frequency,PulseRepetitionFrequency,UL,1,FALSE
00186034,0018,6034,24,24628,Doppler Correction Angle,DopplerCorrectionAngle,FD,1,FALSE
00186036,0018,6036,24,24630,Steering Angle,SteeringAngle,FD,1,FALSE
00186038,0018,6038,24,24632,Doppler Sample Volume X Position (Retired),DopplerSampleVolumeXPositionRetired,UL,1,TRUE
00186039,0018,6039,24,24633,Doppler Sample Volume X Position,DopplerSampleVolumeXPosition,SL,1,FALSE
0018603A,0018,603A,24,24634,Doppler Sample Volume Y Position (Retired),DopplerSampleVolumeYPositionRetired,UL,1,TRUE
0018603B,0018,603B,24,24635,Doppler Sample Volume Y Position,DopplerSampleVolumeYPosition,SL,1,FALSE
0018603C,0018,603C,24,24636,TM-Line Position X0 (Retired),TMLinePositionX0Retired,UL,1,TRUE
0018603D,0018,603D,24,24637,TM-Line Position X0,TMLinePositionX0,SL,1,FALSE
0018603E,0018,603E,24,24638,TM-Line Position Y0 (Retired),TMLinePositionY0Retired,UL,1,TRUE
0018603F,0018,603F,24,24639,TM-Line Position Y0,TMLinePositionY0,SL,1,FALSE
00186040,0018,6040,24,24640,TM-Line Position X1 (Retired),TMLinePositionX1Retired,UL,1,TRUE
00186041,0018,6041,24,24641,TM-Line Position X1,TMLinePositionX1,SL,1,FALSE
00186042,0018,6042,24,24642,TM-Line Position Y1 (Retired),TMLinePositionY1Retired,UL,1,TRUE
00186043,0018,6043,24,24643,TM-Line Position Y1,TMLinePositionY1,SL,1,FALSE
00186044,0018,6044,24,24644,Pixel Component Organization,PixelComponentOrganization,US,1,FALSE
00186046,0018,6046,24,24646,Pixel Component Mask,PixelComponentMask,UL,1,FALSE
00186048,0018,6048,24,24648,Pixel Component Range Start,PixelComponentRangeStart,UL,1,FALSE
0018604A,0018,604A,24,24650,Pixel Component Range Stop,PixelComponentRangeStop,UL,1,FALSE
0018604C,0018,604C,24,24652,Pixel Component Physical Units,PixelComponentPhysicalUnits,US,1,FALSE
0018604E,0018,604E,24,24654,Pixel Component Data Type,PixelComponentDataType,US,1,FALSE
00186050,0018,6050,24,24656,Number of Table Break Points,NumberOfTableBreakPoints,UL,1,FALSE
00186052,0018,6052,24,24658,Table of X Break Points,TableOfXBreakPoints,UL,1-n,FALSE
00186054,0018,6054,24,24660,Table of Y Break Points,TableOfYBreakPoints,FD,1-n,FALSE
00186056,0018,6056,24,24662,Number of Table Entries,NumberOfTableEntries,UL,1,FALSE
00186058,0018,6058,24,24664,Table of Pixel Values,TableOfPixelValues,UL,1-n,FALSE
0018605A,0018,605A,24,24666,Table of Parameter Values,TableOfParameterValues,FL,1-n,FALSE
00186060,0018,6060,24,24672,R Wave Time Vector,RWaveTimeVector,FL,1-n,FALSE
00186070,0018,6070,24,24688,Active Image Area Overlay Group,ActiveImageAreaOverlayGroup,US,1,FALSE
00187000,0018,7000,24,28672,Detector Conditions Nominal Flag,DetectorConditionsNominalFlag,CS,1,FALSE
00187001,0018,7001,24,28673,Detector Temperature,DetectorTemperature,DS,1,FALSE
00187004,0018,7004,24,28676,Detector Type,DetectorType,CS,1,FALSE
00187005,0018,7005,24,28677,Detector Configuration,DetectorConfiguration,CS,1,FALSE
00187006,0018,7006,24,28678,Detector Description,DetectorDescription,LT,1,FALSE
00187008,0018,7008,24,28680,Detector Mode,DetectorMode,LT,1,FALSE
0018700A,0018,700A,24,28682,Detector ID,DetectorID,SH,1,FALSE
0018700C,0018,700C,24,28684,Date of Last Detector Calibration,DateOfLastDetectorCalibration,DA,1,FALSE
0018700E,0018,700E,24,28686,Time of Last Detector Calibration,TimeOfLastDetectorCalibration,TM,1,FALSE
00187010,0018,7010,24,28688,Exposures on Detector Since Last Calibration,ExposuresOnDetectorSinceLastCalibration,IS,1,FALSE
00187011,0018,7011,24,28689,Exposures on Detector Since Manufactured,ExposuresOnDetectorSinceManufactured,IS,1,FALSE
00187012,0018,7012,24,28690,Detector Time Since Last Exposure,DetectorTimeSinceLastExposure,DS,1,FALSE
00187014,0018,7014,24,28692,Detector Active Time,DetectorActiveTime,DS,1,FALSE
00187016,0018,7016,24,28694,Detector Activation Offset From Exposure,DetectorActivationOffsetFromExposure,DS,1,FALSE
0018701A,0018,701A,24,28698,Detector Binning,DetectorBinning,DS,2,FALSE
00187020,0018,7020,24,28704,Detector Element Physical Size,DetectorElementPhysicalSize,DS,2,FALSE
00187022,0018,7022,24,28706,Detector Element Spacing,DetectorElementSpacing,DS,2,FALSE
00187024,0018,7024,24,28708,Detector Active Shape,DetectorActiveShape,CS,1,FALSE
00187026,0018,7026,24,28710,Detector Active Dimension(s),DetectorActiveDimensions,DS,1-2,FALSE
00187028,0018,7028,24,28712,Detector Active Origin,DetectorActiveOrigin,DS,2,FALSE
0018702A,0018,702A,24,28714,Detector Manufacturer Name,DetectorManufacturerName,LO,1,FALSE
0018702B,0018,702B,24,28715,Detector Manufacturer's Model Name,DetectorManufacturerModelName,LO,1,FALSE
00187030,0018,7030,24,28720,Field of View Origin,FieldOfViewOrigin,DS,2,FALSE
00187032,0018,7032,24,28722,Field of View Rotation,FieldOfViewRotation,DS,1,FALSE
00187034,0018,7034,24,28724,Field of View Horizontal Flip,FieldOfViewHorizontalFlip,CS,1,FALSE
00187036,0018,7036,24,28726,Pixel Data Area Origin Relative To FOV,PixelDataAreaOriginRelativeToFOV,FL,2,FALSE
00187038,0018,7038,24,28728,Pixel Data Area Rotation Angle Relative To FOV,PixelDataAreaRotationAngleRelativeToFOV,FL,1,FALSE
00187040,0018,7040,24,28736,Grid Absorbing Material,GridAbsorbingMaterial,LT,1,FALSE
00187041,0018,7041,24,28737,Grid Spacing Material,GridSpacingMaterial,LT,1,FALSE
00187042,0018,7042,24,28738,Grid Thickness,GridThickness,DS,1,FALSE
00187044,0018,7044,24,28740,Grid Pitch,GridPitch,DS,1,FALSE
00187046,0018,7046,24,28742,Grid Aspect Ratio,GridAspectRatio,IS,2,FALSE
00187048,0018,7048,24,28744,Grid Period,GridPeriod,DS,1,FALSE
0018704C,0018,704C,24,28748,Grid Focal Distance,GridFocalDistance,DS,1,FALSE
00187050,0018,7050,24,28752,Filter Material,FilterMaterial,CS,1-n,FALSE
00187052,0018,7052,24,28754,Filter Thickness Minimum,FilterThicknessMinimum,DS,1-n,FALSE
00187054,0018,7054,24,28756,Filter Thickness Maximum,FilterThicknessMaximum,DS,1-n,FALSE
00187056,0018,7056,24,28758,Filter Beam Path Length Minimum,FilterBeamPathLengthMinimum,FL,1-n,FALSE
00187058,0018,7058,24,28760,Filter Beam Path Length Maximum,FilterBeamPathLengthMaximum,FL,1-n,FALSE
00187060,0018,7060,24,28768,Exposure Control Mode,ExposureControlMode,CS,1,FALSE
00187062,0018,7062,24,28770,Exposure Control Mode Description,ExposureControlModeDescription,LT,1,FALSE
00187064,0018,7064,24,28772,Exposure Status,ExposureStatus,CS,1,FALSE
00187065,0018,7065,24,28773,Phototimer Setting,PhototimerSetting,DS,1,FALSE
00188150,0018,8150,24,33104,Exposure Time in µS,ExposureTimeInuS,DS,1,FALSE
00188151,0018,8151,24,33105,X-Ray Tube Current in µA,XRayTubeCurrentInuA,DS,1,FALSE
00189004,0018,9004,24,36868,Content Qualification,ContentQualification,CS,1,FALSE
00189005,0018,9005,24,36869,Pulse Sequence Name,PulseSequenceName,SH,1,FALSE
00189006,0018,9006,24,36870,MR Imaging Modifier Sequence,MRImagingModifierSequence,SQ,1,FALSE
00189008,0018,9008,24,36872,Echo Pulse Sequence,EchoPulseSequence,CS,1,FALSE
00189009,0018,9009,24,36873,Inversion Recovery,InversionRecovery,CS,1,FALSE
00189010,0018,9010,24,36880,Flow Compensation,FlowCompensation,CS,1,FALSE
00189011,0018,9011,24,36881,Multiple Spin Echo,MultipleSpinEcho,CS,1,FALSE
00189012,0018,9012,24,36882,Multi-planar Excitation,MultiPlanarExcitation,CS,1,FALSE
00189014,0018,9014,24,36884,Phase Contrast,PhaseContrast,CS,1,FALSE
00189015,0018,9015,24,36885,Time of Flight Contrast,TimeOfFlightContrast,CS,1,FALSE
00189016,0018,9016,24,36886,Spoiling,Spoiling,CS,1,FALSE
00189017,0018,9017,24,36887,Steady State Pulse Sequence,SteadyStatePulseSequence,CS,1,FALSE
00189018,0018,9018,24,36888,Echo Planar Pulse Sequence,EchoPlanarPulseSequence,CS,1,FALSE
00189019,0018,9019,24,36889,Tag Angle First Axis,TagAngleFirstAxis,FD,1,FALSE
00189020,0018,9020,24,36896,Magnetization Transfer,MagnetizationTransfer,CS,1,FALSE
00189021,0018,9021,24,36897,T2 Preparation,T2Preparation,CS,1,FALSE
00189022,0018,9022,24,36898,Blood Signal Nulling,BloodSignalNulling,CS,1,FALSE
00189024,0018,9024,24,36900,Saturation Recovery,SaturationRecovery,CS,1,FALSE
00189025,0018,9025,24,36901,Spectrally Selected Suppression,SpectrallySelectedSuppression,CS,1,FALSE
00189026,0018,9026,24,36902,Spectrally Selected Excitation,SpectrallySelectedExcitation,CS,1,FALSE
00189027,0018,9027,24,36903,Spatial Pre-saturation,SpatialPresaturation,CS,1,FALSE
00189028,0018,9028,24,36904,Tagging,Tagging,CS,1,FALSE
00189029,0018,9029,24,36905,Oversampling Phase,OversamplingPhase,CS,1,FALSE
00189030,0018,9030,24,36912,Tag Spacing First Dimension,TagSpacingFirstDimension,FD,1,FALSE
00189032,0018,9032,24,36914,Geometry of k-Space Traversal,GeometryOfKSpaceTraversal,CS,1,FALSE
00189033,0018,9033,24,36915,Segmented k-Space Traversal,SegmentedKSpaceTraversal,CS,1,FALSE
00189034,0018,9034,24,36916,Rectilinear Phase Encode Reordering,RectilinearPhaseEncodeReordering,CS,1,FALSE
00189035,0018,9035,24,36917,Tag Thickness,TagThickness,FD,1,FALSE
00189036,0018,9036,24,36918,Partial Fourier Direction,PartialFourierDirection,CS,1,FALSE
00189037,0018,9037,24,36919,Cardiac Synchronization Technique,CardiacSynchronizationTechnique,CS,1,FALSE
00189041,0018,9041,24,36929,Receive Coil Manufacturer Name,ReceiveCoilManufacturerName,LO,1,FALSE
00189042,0018,9042,24,36930,MR Receive Coil Sequence,MRReceiveCoilSequence,SQ,1,FALSE
00189043,0018,9043,24,36931,Receive Coil Type,ReceiveCoilType,CS,1,FALSE
00189044,0018,9044,24,36932,Quadrature Receive Coil,QuadratureReceiveCoil,CS,1,FALSE
00189045,0018,9045,24,36933,Multi-Coil Definition Sequence,MultiCoilDefinitionSequence,SQ,1,FALSE
00189046,0018,9046,24,36934,Multi-Coil Configuration,MultiCoilConfiguration,LO,1,FALSE
00189047,0018,9047,24,36935,Multi-Coil Element Name,MultiCoilElementName,SH,1,FALSE
00189048,0018,9048,24,36936,Multi-Coil Element Used,MultiCoilElementUsed,CS,1,FALSE
00189049,0018,9049,24,36937,MR Transmit Coil Sequence,MRTransmitCoilSequence,SQ,1,FALSE
00189050,0018,9050,24,36944,Transmit Coil Manufacturer Name,TransmitCoilManufacturerName,LO,1,FALSE
00189051,0018,9051,24,36945,Transmit Coil Type,TransmitCoilType,CS,1,FALSE
00189052,0018,9052,24,36946,Spectral Width,SpectralWidth,FD,1-2,FALSE
00189053,0018,9053,24,36947,Chemical Shift Reference,ChemicalShiftReference,FD,1-2,FALSE
00189054,0018,9054,24,36948,Volume Localization Technique,VolumeLocalizationTechnique,CS,1,FALSE
00189058,0018,9058,24,36952,MR Acquisition Frequency Encoding Steps,MRAcquisitionFrequencyEncodingSteps,US,1,FALSE
00189059,0018,9059,24,36953,De-coupling,Decoupling,CS,1,FALSE
00189060,0018,9060,24,36960,De-coupled Nucleus,DecoupledNucleus,CS,1-2,FALSE
00189061,0018,9061,24,36961,De-coupling Frequency,DecouplingFrequency,FD,1-2,FALSE
00189062,0018,9062,24,36962,De-coupling Method,DecouplingMethod,CS,1,FALSE
00189063,0018,9063,24,36963,De-coupling Chemical Shift Reference,DecouplingChemicalShiftReference,FD,1-2,FALSE
00189064,0018,9064,24,36964,k-space Filtering,KSpaceFiltering,CS,1,FALSE
00189065,0018,9065,24,36965,Time Domain Filtering,TimeDomainFiltering,CS,1-2,FALSE
00189066,0018,9066,24,36966,Number of Zero Fills,NumberOfZeroFills,US,1-2,FALSE
00189067,0018,9067,24,36967,Baseline Correction,BaselineCorrection,CS,1,FALSE
00189069,0018,9069,24,36969,Parallel Reduction Factor In-plane,ParallelReductionFactorInPlane,FD,1,FALSE
00189070,0018,9070,24,36976,Cardiac R-R Interval Specified,CardiacRRIntervalSpecified,FD,1,FALSE
00189073,0018,9073,24,36979,Acquisition Duration,AcquisitionDuration,FD,1,FALSE
00189074,0018,9074,24,36980,Frame Acquisition DateTime,FrameAcquisitionDateTime,DT,1,FALSE
00189075,0018,9075,24,36981,Diffusion Directionality,DiffusionDirectionality,CS,1,FALSE
00189076,0018,9076,24,36982,Diffusion Gradient Direction Sequence,DiffusionGradientDirectionSequence,SQ,1,FALSE
00189077,0018,9077,24,36983,Parallel Acquisition,ParallelAcquisition,CS,1,FALSE
00189078,0018,9078,24,36984,Parallel Acquisition Technique,ParallelAcquisitionTechnique,CS,1,FALSE
00189079,0018,9079,24,36985,Inversion Times,InversionTimes,FD,1-n,FALSE
00189080,0018,9080,24,36992,Metabolite Map Description,MetaboliteMapDescription,ST,1,FALSE
00189081,0018,9081,24,36993,Partial Fourier,PartialFourier,CS,1,FALSE
00189082,0018,9082,24,36994,Effective Echo Time,EffectiveEchoTime,FD,1,FALSE
00189083,0018,9083,24,36995,Metabolite Map Code Sequence,MetaboliteMapCodeSequence,SQ,1,FALSE
00189084,0018,9084,24,36996,Chemical Shift Sequence,ChemicalShiftSequence,SQ,1,FALSE
00189085,0018,9085,24,36997,Cardiac Signal Source,CardiacSignalSource,CS,1,FALSE
00189087,0018,9087,24,36999,Diffusion b-value,DiffusionBValue,FD,1,FALSE
00189089,0018,9089,24,37001,Diffusion Gradient Orientation,DiffusionGradientOrientation,FD,3,FALSE
00189090,0018,9090,24,37008,Velocity Encoding Direction,VelocityEncodingDirection,FD,3,FALSE
00189091,0018,9091,24,37009,Velocity Encoding Minimum Value,VelocityEncodingMinimumValue,FD,1,FALSE
00189092,0018,9092,24,37010,Velocity Encoding Acquisition Sequence,VelocityEncodingAcquisitionSequence,SQ,1,FALSE
00189093,0018,9093,24,37011,Number of k-Space Trajectories,NumberOfKSpaceTrajectories,US,1,FALSE
00189094,0018,9094,24,37012,Coverage of k-Space,CoverageOfKSpace,CS,1,FALSE
00189095,0018,9095,24,37013,Spectroscopy Acquisition Phase Rows,SpectroscopyAcquisitionPhaseRows,UL,1,FALSE
00189096,0018,9096,24,37014,Parallel Reduction Factor In-plane (Retired),ParallelReductionFactorInPlaneRetired,FD,1,TRUE
00189098,0018,9098,24,37016,Transmitter Frequency,TransmitterFrequency,FD,1-2,FALSE
00189100,0018,9100,24,37120,Resonant Nucleus,ResonantNucleus,CS,1-2,FALSE
00189101,0018,9101,24,37121,Frequency Correction,FrequencyCorrection,CS,1,FALSE
00189103,0018,9103,24,37123,MR Spectroscopy FOV/Geometry Sequence,MRSpectroscopyFOVGeometrySequence,SQ,1,FALSE
00189104,0018,9104,24,37124,Slab Thickness,SlabThickness,FD,1,FALSE
00189105,0018,9105,24,37125,Slab Orientation,SlabOrientation,FD,3,FALSE
00189106,0018,9106,24,37126,Mid Slab Position,MidSlabPosition,FD,3,FALSE
00189107,0018,9107,24,37127,MR Spatial Saturation Sequence,MRSpatialSaturationSequence,SQ,1,FALSE
00189112,0018,9112,24,37138,MR Timing and Related Parameters Sequence,MRTimingAndRelatedParametersSequence,SQ,1,FALSE
00189114,0018,9114,24,37140,MR Echo Sequence,MREchoSequence,SQ,1,FALSE
00189115,0018,9115,24,37141,MR Modifier Sequence,MRModifierSequence,SQ,1,FALSE
00189117,0018,9117,24,37143,MR Diffusion Sequence,MRDiffusionSequence,SQ,1,FALSE
00189118,0018,9118,24,37144,Cardiac Synchronization Sequence,CardiacSynchronizationSequence,SQ,1,FALSE
00189119,0018,9119,24,37145,MR Averages Sequence,MRAveragesSequence,SQ,1,FALSE
00189125,0018,9125,24,37157,MR FOV/Geometry Sequence,MRFOVGeometrySequence,SQ,1,FALSE
00189126,0018,9126,24,37158,Volume Localization Sequence,VolumeLocalizationSequence,SQ,1,FALSE
00189127,0018,9127,24,37159,Spectroscopy Acquisition Data Columns,SpectroscopyAcquisitionDataColumns,UL,1,FALSE
00189147,0018,9147,24,37191,Diffusion Anisotropy Type,DiffusionAnisotropyType,CS,1,FALSE
00189151,0018,9151,24,37201,Frame Reference DateTime,FrameReferenceDateTime,DT,1,FALSE
00189152,0018,9152,24,37202,MR Metabolite Map Sequence,MRMetaboliteMapSequence,SQ,1,FALSE
00189155,0018,9155,24,37205,Parallel Reduction Factor out-of-plane,ParallelReductionFactorOutOfPlane,FD,1,FALSE
00189159,0018,9159,24,37209,Spectroscopy Acquisition Out-of-plane Phase Steps,SpectroscopyAcquisitionOutOfPlanePhaseSteps,UL,1,FALSE
00189166,0018,9166,24,37222,Bulk Motion Status,BulkMotionStatus,CS,1,TRUE
00189168,0018,9168,24,37224,Parallel Reduction Factor Second In-plane,ParallelReductionFactorSecondInPlane,FD,1,FALSE
00189169,0018,9169,24,37225,Cardiac Beat Rejection Technique,CardiacBeatRejectionTechnique,CS,1,FALSE
00189170,0018,9170,24,37232,Respiratory Motion Compensation Technique,RespiratoryMotionCompensationTechnique,CS,1,FALSE
00189171,0018,9171,24,37233,Respiratory Signal Source,RespiratorySignalSource,CS,1,FALSE
00189172,0018,9172,24,37234,Bulk Motion Compensation Technique,BulkMotionCompensationTechnique,CS,1,FALSE
00189173,0018,9173,24,37235,Bulk Motion Signal Source,BulkMotionSignalSource,CS,1,FALSE
00189174,0018,9174,24,37236,Applicable Safety Standard Agency,ApplicableSafetyStandardAgency,CS,1,FALSE
00189175,0018,9175,24,37237,Applicable Safety Standard Description,ApplicableSafetyStandardDescription,LO,1,FALSE
00189176,0018,9176,24,37238,Operating Mode Sequence,OperatingModeSequence,SQ,1,FALSE
00189177,0018,9177,24,37239,Operating Mode Type,OperatingModeType,CS,1,FALSE
00189178,0018,9178,24,37240,Operating Mode,OperatingMode,CS,1,FALSE
00189179,0018,9179,24,37241,Specific Absorption Rate Definition,SpecificAbsorptionRateDefinition,CS,1,FALSE
00189180,0018,9180,24,37248,Gradient Output Type,GradientOutputType,CS,1,FALSE
00189181,0018,9181,24,37249,Specific Absorption Rate Value,SpecificAbsorptionRateValue,FD,1,FALSE
00189182,0018,9182,24,37250,Gradient Output,GradientOutput,FD,1,FALSE
00189183,0018,9183,24,37251,Flow Compensation Direction,FlowCompensationDirection,CS,1,FALSE
00189184,0018,9184,24,37252,Tagging Delay,TaggingDelay,FD,1,FALSE
00189185,0018,9185,24,37253,Respiratory Motion Compensation Technique Description,RespiratoryMotionCompensationTechniqueDescription,ST,1,FALSE
00189186,0018,9186,24,37254,Respiratory Signal Source ID,RespiratorySignalSourceID,SH,1,FALSE
00189195,0018,9195,24,37269,Chemical Shift Minimum Integration Limit in Hz,ChemicalShiftMinimumIntegrationLimitInHz,FD,1,TRUE
00189196,0018,9196,24,37270,Chemical Shift Maximum Integration Limit in Hz,ChemicalShiftMaximumIntegrationLimitInHz,FD,1,TRUE
00189197,0018,9197,24,37271,MR Velocity Encoding Sequence,MRVelocityEncodingSequence,SQ,1,FALSE
00189198,0018,9198,24,37272,First Order Phase Correction,FirstOrderPhaseCorrection,CS,1,FALSE
00189199,0018,9199,24,37273,Water Referenced Phase Correction,WaterReferencedPhaseCorrection,CS,1,FALSE
00189200,0018,9200,24,37376,MR Spectroscopy Acquisition Type,MRSpectroscopyAcquisitionType,CS,1,FALSE
00189214,0018,9214,24,37396,Respiratory Cycle Position,RespiratoryCyclePosition,CS,1,FALSE
00189217,0018,9217,24,37399,Velocity Encoding Maximum Value,VelocityEncodingMaximumValue,FD,1,FALSE
00189218,0018,9218,24,37400,Tag Spacing Second Dimension,TagSpacingSecondDimension,FD,1,FALSE
00189219,0018,9219,24,37401,Tag Angle Second Axis,TagAngleSecondAxis,SS,1,FALSE
00189220,0018,9220,24,37408,Frame Acquisition Duration,FrameAcquisitionDuration,FD,1,FALSE
00189226,0018,9226,24,37414,MR Image Frame Type Sequence,MRImageFrameTypeSequence,SQ,1,FALSE
00189227,0018,9227,24,37415,MR Spectroscopy Frame Type Sequence,MRSpectroscopyFrameTypeSequence,SQ,1,FALSE
00189231,0018,9231,24,37425,MR Acquisition Phase Encoding Steps in-plane,MRAcquisitionPhaseEncodingStepsInPlane,US,1,FALSE
00189232,0018,9232,24,37426,MR Acquisition Phase Encoding Steps out-of-plane,MRAcquisitionPhaseEncodingStepsOutOfPlane,US,1,FALSE
00189234,0018,9234,24,37428,Spectroscopy Acquisition Phase Columns,SpectroscopyAcquisitionPhaseColumns,UL,1,FALSE
00189236,0018,9236,24,37430,Cardiac Cycle Position,CardiacCyclePosition,CS,1,FALSE
00189239,0018,9239,24,37433,Specific Absorption Rate Sequence,SpecificAbsorptionRateSequence,SQ,1,FALSE
00189240,0018,9240,24,37440,RF Echo Train Length,RFEchoTrainLength,US,1,FALSE
00189241,0018,9241,24,37441,Gradient Echo Train Length,GradientEchoTrainLength,US,1,FALSE
00189250,0018,9250,24,37456,Arterial Spin Labeling Contrast,ArterialSpinLabelingContrast,CS,1,FALSE
00189251,0018,9251,24,37457,MR Arterial Spin Labeling Sequence,MRArterialSpinLabelingSequence,SQ,1,FALSE
00189252,0018,9252,24,37458,ASL Technique Description,ASLTechniqueDescription,LO,1,FALSE
00189253,0018,9253,24,37459,ASL Slab Number,ASLSlabNumber,US,1,FALSE
00189254,0018,9254,24,37460,ASL Slab Thickness,ASLSlabThickness,FD,1,FALSE
00189255,0018,9255,24,37461,ASL Slab Orientation,ASLSlabOrientation,FD,3,FALSE
00189256,0018,9256,24,37462,ASL Mid Slab Position,ASLMidSlabPosition,FD,3,FALSE
00189257,0018,9257,24,37463,ASL Context,ASLContext,CS,1,FALSE
00189258,0018,9258,24,37464,ASL Pulse Train Duration,ASLPulseTrainDuration,UL,1,FALSE
00189259,0018,9259,24,37465,ASL Crusher Flag,ASLCrusherFlag,CS,1,FALSE
0018925A,0018,925A,24,37466,ASL Crusher Flow Limit,ASLCrusherFlowLimit,FD,1,FALSE
0018925B,0018,925B,24,37467,ASL Crusher Description,ASLCrusherDescription,LO,1,FALSE
0018925C,0018,925C,24,37468,ASL Bolus Cut-off Flag,ASLBolusCutoffFlag,CS,1,FALSE
0018925D,0018,925D,24,37469,ASL Bolus Cut-off Timing Sequence,ASLBolusCutoffTimingSequence,SQ,1,FALSE
0018925E,0018,925E,24,37470,ASL Bolus Cut-off Technique,ASLBolusCutoffTechnique,LO,1,FALSE
0018925F,0018,925F,24,37471,ASL Bolus Cut-off Delay Time,ASLBolusCutoffDelayTime,UL,1,FALSE
00189260,0018,9260,24,37472,ASL Slab Sequence,ASLSlabSequence,SQ,1,FALSE
00189295,0018,9295,24,37525,Chemical Shift Minimum Integration Limit in ppm,ChemicalShiftMinimumIntegrationLimitInppm,FD,1,FALSE
00189296,0018,9296,24,37526,Chemical Shift Maximum Integration Limit in ppm,ChemicalShiftMaximumIntegrationLimitInppm,FD,1,FALSE
00189297,0018,9297,24,37527,Water Reference Acquisition,WaterReferenceAcquisition,CS,1,FALSE
00189298,0018,9298,24,37528,Echo Peak Position,EchoPeakPosition,IS,1,FALSE
00189301,0018,9301,24,37633,CT Acquisition Type Sequence,CTAcquisitionTypeSequence,SQ,1,FALSE
00189302,0018,9302,24,37634,Acquisition Type,AcquisitionType,CS,1,FALSE
00189303,0018,9303,24,37635,Tube Angle,TubeAngle,FD,1,FALSE
00189304,0018,9304,24,37636,CT Acquisition Details Sequence,CTAcquisitionDetailsSequence,SQ,1,FALSE
00189305,0018,9305,24,37637,Revolution Time,RevolutionTime,FD,1,FALSE
00189306,0018,9306,24,37638,Single Collimation Width,SingleCollimationWidth,FD,1,FALSE
00189307,0018,9307,24,37639,Total Collimation Width,TotalCollimationWidth,FD,1,FALSE
00189308,0018,9308,24,37640,CT Table Dynamics Sequence,CTTableDynamicsSequence,SQ,1,FALSE
00189309,0018,9309,24,37641,Table Speed,TableSpeed,FD,1,FALSE
00189310,0018,9310,24,37648,Table Feed per Rotation,TableFeedPerRotation,FD,1,FALSE
00189311,0018,9311,24,37649,Spiral Pitch Factor,SpiralPitchFactor,FD,1,FALSE
00189312,0018,9312,24,37650,CT Geometry Sequence,CTGeometrySequence,SQ,1,FALSE
00189313,0018,9313,24,37651,Data Collection Center (Patient),DataCollectionCenterPatient,FD,3,FALSE
00189314,0018,9314,24,37652,CT Reconstruction Sequence,CTReconstructionSequence,SQ,1,FALSE
00189315,0018,9315,24,37653,Reconstruction Algorithm,ReconstructionAlgorithm,CS,1,FALSE
00189316,0018,9316,24,37654,Convolution Kernel Group,ConvolutionKernelGroup,CS,1,FALSE
00189317,0018,9317,24,37655,Reconstruction Field of View,ReconstructionFieldOfView,FD,2,FALSE
00189318,0018,9318,24,37656,Reconstruction Target Center (Patient),ReconstructionTargetCenterPatient,FD,3,FALSE
00189319,0018,9319,24,37657,Reconstruction Angle,ReconstructionAngle,FD,1,FALSE
00189320,0018,9320,24,37664,Image Filter,ImageFilter,SH,1,FALSE
00189321,0018,9321,24,37665,CT Exposure Sequence,CTExposureSequence,SQ,1,FALSE
00189322,0018,9322,24,37666,Reconstruction Pixel Spacing,ReconstructionPixelSpacing,FD,2,FALSE
00189323,0018,9323,24,37667,Exposure Modulation Type,ExposureModulationType,CS,1-n,FALSE
00189324,0018,9324,24,37668,Estimated Dose Saving,EstimatedDoseSaving,FD,1,TRUE
00189325,0018,9325,24,37669,CT X-Ray Details Sequence,CTXRayDetailsSequence,SQ,1,FALSE
00189326,0018,9326,24,37670,CT Position Sequence,CTPositionSequence,SQ,1,FALSE
00189327,0018,9327,24,37671,Table Position,TablePosition,FD,1,FALSE
00189328,0018,9328,24,37672,Exposure Time in ms,ExposureTimeInms,FD,1,FALSE
00189329,0018,9329,24,37673,CT Image Frame Type Sequence,CTImageFrameTypeSequence,SQ,1,FALSE
00189330,0018,9330,24,37680,X-Ray Tube Current in mA,XRayTubeCurrentInmA,FD,1,FALSE
00189332,0018,9332,24,37682,Exposure in mAs,ExposureInmAs,FD,1,FALSE
00189333,0018,9333,24,37683,Constant Volume Flag,ConstantVolumeFlag,CS,1,FALSE
00189334,0018,9334,24,37684,Fluoroscopy Flag,FluoroscopyFlag,CS,1,FALSE
00189335,0018,9335,24,37685,Distance Source to Data Collection Center,DistanceSourceToDataCollectionCenter,FD,1,FALSE
00189337,0018,9337,24,37687,Contrast/Bolus Agent Number,ContrastBolusAgentNumber,US,1,FALSE
00189338,0018,9338,24,37688,Contrast/Bolus Ingredient Code Sequence,ContrastBolusIngredientCodeSequence,SQ,1,FALSE
00189340,0018,9340,24,37696,Contrast Administration Profile Sequence,ContrastAdministrationProfileSequence,SQ,1,FALSE
00189341,0018,9341,24,37697,Contrast/Bolus Usage Sequence,ContrastBolusUsageSequence,SQ,1,FALSE
00189342,0018,9342,24,37698,Contrast/Bolus Agent Administered,ContrastBolusAgentAdministered,CS,1,FALSE
00189343,0018,9343,24,37699,Contrast/Bolus Agent Detected,ContrastBolusAgentDetected,CS,1,FALSE
00189344,0018,9344,24,37700,Contrast/Bolus Agent Phase,ContrastBolusAgentPhase,CS,1,FALSE
00189345,0018,9345,24,37701,CTDIvol,CTDIvol,FD,1,FALSE
00189346,0018,9346,24,37702,CTDI Phantom Type Code Sequence,CTDIPhantomTypeCodeSequence,SQ,1,FALSE
00189351,0018,9351,24,37713,Calcium Scoring Mass Factor Patient,CalciumScoringMassFactorPatient,FL,1,FALSE
00189352,0018,9352,24,37714,Calcium Scoring Mass Factor Device,CalciumScoringMassFactorDevice,FL,3,FALSE
00189353,0018,9353,24,37715,Energy Weighting Factor,EnergyWeightingFactor,FL,1,FALSE
00189360,0018,9360,24,37728,CT Additional X-Ray Source Sequence,CTAdditionalXRaySourceSequence,SQ,1,FALSE
00189361,0018,9361,24,37729,Multi-energy CT Acquisition,MultienergyCTAcquisition,CS,1,FALSE
00189362,0018,9362,24,37730,Multi-energy CT Acquisition Sequence,MultienergyCTAcquisitionSequence,SQ,1,FALSE
00189363,0018,9363,24,37731,Multi-energy CT Processing Sequence,MultienergyCTProcessingSequence,SQ,1,FALSE
00189364,0018,9364,24,37732,Multi-energy CT Characteristics Sequence,MultienergyCTCharacteristicsSequence,SQ,1,FALSE
00189365,0018,9365,24,37733,Multi-energy CT X-Ray Source Sequence,MultienergyCTXRaySourceSequence,SQ,1,FALSE
00189366,0018,9366,24,37734,X-Ray Source Index,XRaySourceIndex,US,1,FALSE
00189367,0018,9367,24,37735,X-Ray Source ID,XRaySourceID,UC,1,FALSE
00189368,0018,9368,24,37736,Multi-energy Source Technique,MultienergySourceTechnique,CS,1,FALSE
00189369,0018,9369,24,37737,Source Start DateTime,SourceStartDateTime,DT,1,FALSE
0018936A,0018,936A,24,37738,Source End DateTime,SourceEndDateTime,DT,1,FALSE
0018936B,0018,936B,24,37739,Switching Phase Number,SwitchingPhaseNumber,US,1,FALSE
0018936C,0018,936C,24,37740,Switching Phase Nominal Duration,SwitchingPhaseNominalDuration,DS,1,FALSE
0018936D,0018,936D,24,37741,Switching Phase Transition Duration,SwitchingPhaseTransitionDuration,DS,1,FALSE
0018936E,0018,936E,24,37742,Effective Bin Energy,EffectiveBinEnergy,DS,1,FALSE
0018936F,0018,936F,24,37743,Multi-energy CT X-Ray Detector Sequence,MultienergyCTXRayDetectorSequence,SQ,1,FALSE
00189370,0018,9370,24,37744,X-Ray Detector Index,XRayDetectorIndex,US,1,FALSE
00189371,0018,9371,24,37745,X-Ray Detector ID,XRayDetectorID,UC,1,FALSE
00189372,0018,9372,24,37746,Multi-energy Detector Type,MultienergyDetectorType,CS,1,FALSE
00189373,0018,9373,24,37747,X-Ray Detector Label,XRayDetectorLabel,ST,1,FALSE
00189374,0018,9374,24,37748,Nominal Max Energy,NominalMaxEnergy,DS,1,FALSE
00189375,0018,9375,24,37749,Nominal Min Energy,NominalMinEnergy,DS,1,FALSE
00189376,0018,9376,24,37750,Referenced X-Ray Detector Index,ReferencedXRayDetectorIndex,US,1-n,FALSE
00189377,0018,9377,24,37751,Referenced X-Ray Source Index,ReferencedXRaySourceIndex,US,1-n,FALSE
00189378,0018,9378,24,37752,Referenced Path Index,ReferencedPathIndex,US,1-n,FALSE
00189379,0018,9379,24,37753,Multi-energy CT Path Sequence,MultienergyCTPathSequence,SQ,1,FALSE
0018937A,0018,937A,24,37754,Multi-energy CT Path Index,MultienergyCTPathIndex,US,1,FALSE
0018937B,0018,937B,24,37755,Multi-energy Acquisition Description,MultienergyAcquisitionDescription,UT,1,FALSE
0018937C,0018,937C,24,37756,Monoenergetic Energy Equivalent,MonoenergeticEnergyEquivalent,FD,1,FALSE
0018937D,0018,937D,24,37757,Material Code Sequence,MaterialCodeSequence,SQ,1,FALSE
0018937E,0018,937E,24,37758,Decomposition Method,DecompositionMethod,CS,1,FALSE
0018937F,0018,937F,24,37759,Decomposition Description,DecompositionDescription,UT,1,FALSE
00189380,0018,9380,24,37760,Decomposition Algorithm Identification Sequence,DecompositionAlgorithmIdentificationSequence,SQ,1,FALSE
00189381,0018,9381,24,37761,Decomposition Material Sequence,DecompositionMaterialSequence,SQ,1,FALSE
00189382,0018,9382,24,37762,Material Attenuation Sequence,MaterialAttenuationSequence,SQ,1,FALSE
00189383,0018,9383,24,37763,Photon Energy,PhotonEnergy,DS,1,FALSE
00189384,0018,9384,24,37764,X-Ray Mass Attenuation Coefficient,XRayMassAttenuationCoefficient,DS,1,FALSE
00189401,0018,9401,24,37889,Projection Pixel Calibration Sequence,ProjectionPixelCalibrationSequence,SQ,1,FALSE
00189402,0018,9402,24,37890,Distance Source to Isocenter,DistanceSourceToIsocenter,FL,1,FALSE
00189403,0018,9403,24,37891,Distance Object to Table Top,DistanceObjectToTableTop,FL,1,FALSE
00189404,0018,9404,24,37892,Object Pixel Spacing in Center of Beam,ObjectPixelSpacingInCenterOfBeam,FL,2,FALSE
00189405,0018,9405,24,37893,Positioner Position Sequence,PositionerPositionSequence,SQ,1,FALSE
00189406,0018,9406,24,37894,Table Position Sequence,TablePositionSequence,SQ,1,FALSE
00189407,0018,9407,24,37895,Collimator Shape Sequence,CollimatorShapeSequence,SQ,1,FALSE
00189410,0018,9410,24,37904,Planes in Acquisition,PlanesInAcquisition,CS,1,FALSE
00189412,0018,9412,24,37906,XA/XRF Frame Characteristics Sequence,XAXRFFrameCharacteristicsSequence,SQ,1,FALSE
00189417,0018,9417,24,37911,Frame Acquisition Sequence,FrameAcquisitionSequence,SQ,1,FALSE
00189420,0018,9420,24,37920,X-Ray Receptor Type,XRayReceptorType,CS,1,FALSE
00189423,0018,9423,24,37923,Acquisition Protocol Name,AcquisitionProtocolName,LO,1,FALSE
00189424,0018,9424,24,37924,Acquisition Protocol Description,AcquisitionProtocolDescription,LT,1,FALSE
00189425,0018,9425,24,37925,Contrast/Bolus Ingredient Opaque,ContrastBolusIngredientOpaque,CS,1,FALSE
00189426,0018,9426,24,37926,Distance Receptor Plane to Detector Housing,DistanceReceptorPlaneToDetectorHousing,FL,1,FALSE
00189427,0018,9427,24,37927,Intensifier Active Shape,IntensifierActiveShape,CS,1,FALSE
00189428,0018,9428,24,37928,Intensifier Active Dimension(s),IntensifierActiveDimensions,FL,1-2,FALSE
00189429,0018,9429,24,37929,Physical Detector Size,PhysicalDetectorSize,FL,2,FALSE
00189430,0018,9430,24,37936,Position of Isocenter Projection,PositionOfIsocenterProjection,FL,2,FALSE
00189432,0018,9432,24,37938,Field of View Sequence,FieldOfViewSequence,SQ,1,FALSE
00189433,0018,9433,24,37939,Field of View Description,FieldOfViewDescription,LO,1,FALSE
00189434,0018,9434,24,37940,Exposure Control Sensing Regions Sequence,ExposureControlSensingRegionsSequence,SQ,1,FALSE
00189435,0018,9435,24,37941,Exposure Control Sensing Region Shape,ExposureControlSensingRegionShape,CS,1,FALSE
00189436,0018,9436,24,37942,Exposure Control Sensing Region Left Vertical Edge,ExposureControlSensingRegionLeftVerticalEdge,SS,1,FALSE
00189437,0018,9437,24,37943,Exposure Control Sensing Region Right Vertical Edge,ExposureControlSensingRegionRightVerticalEdge,SS,1,FALSE
00189438,0018,9438,24,37944,Exposure Control Sensing Region Upper Horizontal Edge,ExposureControlSensingRegionUpperHorizontalEdge,SS,1,FALSE
00189439,0018,9439,24,37945,Exposure Control Sensing Region Lower Horizontal Edge,ExposureControlSensingRegionLowerHorizontalEdge,SS,1,FALSE
00189440,0018,9440,24,37952,Center of Circular Exposure Control Sensing Region,CenterOfCircularExposureControlSensingRegion,SS,2,FALSE
00189441,0018,9441,24,37953,Radius of Circular Exposure Control Sensing Region,RadiusOfCircularExposureControlSensingRegion,US,1,FALSE
00189442,0018,9442,24,37954,Vertices of the Polygonal Exposure Control Sensing Region,VerticesOfThePolygonalExposureControlSensingRegion,SS,2-n,FALSE
00189445,0018,9445,24,37957,,,,,TRUE
00189447,0018,9447,24,37959,Column Angulation (Patient),ColumnAngulationPatient,FL,1,FALSE
00189449,0018,9449,24,37961,Beam Angle,BeamAngle,FL,1,FALSE
00189451,0018,9451,24,37969,Frame Detector Parameters Sequence,FrameDetectorParametersSequence,SQ,1,FALSE
00189452,0018,9452,24,37970,Calculated Anatomy Thickness,CalculatedAnatomyThickness,FL,1,FALSE
00189455,0018,9455,24,37973,Calibration Sequence,CalibrationSequence,SQ,1,FALSE
00189456,0018,9456,24,37974,Object Thickness Sequence,ObjectThicknessSequence,SQ,1,FALSE
00189457,0018,9457,24,37975,Plane Identification,PlaneIdentification,CS,1,FALSE
00189461,0018,9461,24,37985,Field of View Dimension(s) in Float,FieldOfViewDimensionsInFloat,FL,1-2,FALSE
00189462,0018,9462,24,37986,Isocenter Reference System Sequence,IsocenterReferenceSystemSequence,SQ,1,FALSE
00189463,0018,9463,24,37987,Positioner Isocenter Primary Angle,PositionerIsocenterPrimaryAngle,FL,1,FALSE
00189464,0018,9464,24,37988,Positioner Isocenter Secondary Angle,PositionerIsocenterSecondaryAngle,FL,1,FALSE
00189465,0018,9465,24,37989,Positioner Isocenter Detector Rotation Angle,PositionerIsocenterDetectorRotationAngle,FL,1,FALSE
00189466,0018,9466,24,37990,Table X Position to Isocenter,TableXPositionToIsocenter,FL,1,FALSE
00189467,0018,9467,24,37991,Table Y Position to Isocenter,TableYPositionToIsocenter,FL,1,FALSE
00189468,0018,9468,24,37992,Table Z Position to Isocenter,TableZPositionToIsocenter,FL,1,FALSE
00189469,0018,9469,24,37993,Table Horizontal Rotation Angle,TableHorizontalRotationAngle,FL,1,FALSE
00189470,0018,9470,24,38000,Table Head Tilt Angle,TableHeadTiltAngle,FL,1,FALSE
00189471,0018,9471,24,38001,Table Cradle Tilt Angle,TableCradleTiltAngle,FL,1,FALSE
00189472,0018,9472,24,38002,Frame Display Shutter Sequence,FrameDisplayShutterSequence,SQ,1,FALSE
00189473,0018,9473,24,38003,Acquired Image Area Dose Product,AcquiredImageAreaDoseProduct,FL,1,FALSE
00189474,0018,9474,24,38004,C-arm Positioner Tabletop Relationship,CArmPositionerTabletopRelationship,CS,1,FALSE
00189476,0018,9476,24,38006,X-Ray Geometry Sequence,XRayGeometrySequence,SQ,1,FALSE
00189477,0018,9477,24,38007,Irradiation Event Identification Sequence,IrradiationEventIdentificationSequence,SQ,1,FALSE
00189504,0018,9504,24,38148,X-Ray 3D Frame Type Sequence,XRay3DFrameTypeSequence,SQ,1,FALSE
00189506,0018,9506,24,38150,Contributing Sources Sequence,ContributingSourcesSequence,SQ,1,FALSE
00189507,0018,9507,24,38151,X-Ray 3D Acquisition Sequence,XRay3DAcquisitionSequence,SQ,1,FALSE
00189508,0018,9508,24,38152,Primary Positioner Scan Arc,PrimaryPositionerScanArc,FL,1,FALSE
00189509,0018,9509,24,38153,Secondary Positioner Scan Arc,SecondaryPositionerScanArc,FL,1,FALSE
00189510,0018,9510,24,38160,Primary Positioner Scan Start Angle,PrimaryPositionerScanStartAngle,FL,1,FALSE
00189511,0018,9511,24,38161,Secondary Positioner Scan Start Angle,SecondaryPositionerScanStartAngle,FL,1,FALSE
00189514,0018,9514,24,38164,Primary Positioner Increment,PrimaryPositionerIncrement,FL,1,FALSE
00189515,0018,9515,24,38165,Secondary Positioner Increment,SecondaryPositionerIncrement,FL,1,FALSE
00189516,0018,9516,24,38166,Start Acquisition DateTime,StartAcquisitionDateTime,DT,1,FALSE
00189517,0018,9517,24,38167,End Acquisition DateTime,EndAcquisitionDateTime,DT,1,FALSE
00189518,0018,9518,24,38168,Primary Positioner Increment Sign,PrimaryPositionerIncrementSign,SS,1,FALSE
00189519,0018,9519,24,38169,Secondary Positioner Increment Sign,SecondaryPositionerIncrementSign,SS,1,FALSE
00189524,0018,9524,24,38180,Application Name,ApplicationName,LO,1,FALSE
00189525,0018,9525,24,38181,Application Version,ApplicationVersion,LO,1,FALSE
00189526,0018,9526,24,38182,Application Manufacturer,ApplicationManufacturer,LO,1,FALSE
00189527,0018,9527,24,38183,Algorithm Type,AlgorithmType,CS,1,FALSE
00189528,0018,9528,24,38184,Algorithm Description,AlgorithmDescription,LO,1,FALSE
00189530,0018,9530,24,38192,X-Ray 3D Reconstruction Sequence,XRay3DReconstructionSequence,SQ,1,FALSE
00189531,0018,9531,24,38193,Reconstruction Description,ReconstructionDescription,LO,1,FALSE
00189538,0018,9538,24,38200,Per Projection Acquisition Sequence,PerProjectionAcquisitionSequence,SQ,1,FALSE
00189541,0018,9541,24,38209,Detector Position Sequence,DetectorPositionSequence,SQ,1,FALSE
00189542,0018,9542,24,38210,X-Ray Acquisition Dose Sequence,XRayAcquisitionDoseSequence,SQ,1,FALSE
00189543,0018,9543,24,38211,X-Ray Source Isocenter Primary Angle,XRaySourceIsocenterPrimaryAngle,FD,1,FALSE
00189544,0018,9544,24,38212,X-Ray Source Isocenter Secondary Angle,XRaySourceIsocenterSecondaryAngle,FD,1,FALSE
00189545,0018,9545,24,38213,Breast Support Isocenter Primary Angle,BreastSupportIsocenterPrimaryAngle,FD,1,FALSE
00189546,0018,9546,24,38214,Breast Support Isocenter Secondary Angle,BreastSupportIsocenterSecondaryAngle,FD,1,FALSE
00189547,0018,9547,24,38215,Breast Support X Position to Isocenter,BreastSupportXPositionToIsocenter,FD,1,FALSE
00189548,0018,9548,24,38216,Breast Support Y Position to Isocenter,BreastSupportYPositionToIsocenter,FD,1,FALSE
00189549,0018,9549,24,38217,Breast Support Z Position to Isocenter,BreastSupportZPositionToIsocenter,FD,1,FALSE
00189550,0018,9550,24,38224,Detector Isocenter Primary Angle,DetectorIsocenterPrimaryAngle,FD,1,FALSE
00189551,0018,9551,24,38225,Detector Isocenter Secondary Angle,DetectorIsocenterSecondaryAngle,FD,1,FALSE
00189552,0018,9552,24,38226,Detector X Position to Isocenter,DetectorXPositionToIsocenter,FD,1,FALSE
00189553,0018,9553,24,38227,Detector Y Position to Isocenter,DetectorYPositionToIsocenter,FD,1,FALSE
00189554,0018,9554,24,38228,Detector Z Position to Isocenter,DetectorZPositionToIsocenter,FD,1,FALSE
00189555,0018,9555,24,38229,X-Ray Grid Sequence,XRayGridSequence,SQ,1,FALSE
00189556,0018,9556,24,38230,X-Ray Filter Sequence,XRayFilterSequence,SQ,1,FALSE
00189557,0018,9557,24,38231,Detector Active Area TLHC Position,DetectorActiveAreaTLHCPosition,FD,3,FALSE
00189558,0018,9558,24,38232,Detector Active Area Orientation,DetectorActiveAreaOrientation,FD,6,FALSE
00189559,0018,9559,24,38233,Positioner Primary Angle Direction,PositionerPrimaryAngleDirection,CS,1,FALSE
00189601,0018,9601,24,38401,Diffusion b-matrix Sequence,DiffusionBMatrixSequence,SQ,1,FALSE
00189602,0018,9602,24,38402,Diffusion b-value XX,DiffusionBValueXX,FD,1,FALSE
00189603,0018,9603,24,38403,Diffusion b-value XY,DiffusionBValueXY,FD,1,FALSE
00189604,0018,9604,24,38404,Diffusion b-value XZ,DiffusionBValueXZ,FD,1,FALSE
00189605,0018,9605,24,38405,Diffusion b-value YY,DiffusionBValueYY,FD,1,FALSE
00189606,0018,9606,24,38406,Diffusion b-value YZ,DiffusionBValueYZ,FD,1,FALSE
00189607,0018,9607,24,38407,Diffusion b-value ZZ,DiffusionBValueZZ,FD,1,FALSE
00189621,0018,9621,24,38433,Functional MR Sequence,FunctionalMRSequence,SQ,1,FALSE
00189622,0018,9622,24,38434,Functional Settling Phase Frames Present,FunctionalSettlingPhaseFramesPresent,CS,1,FALSE
00189623,0018,9623,24,38435,Functional Sync Pulse,FunctionalSyncPulse,DT,1,FALSE
00189624,0018,9624,24,38436,Settling Phase Frame,SettlingPhaseFrame,CS,1,FALSE
00189701,0018,9701,24,38657,Decay Correction DateTime,DecayCorrectionDateTime,DT,1,FALSE
00189715,0018,9715,24,38677,Start Density Threshold,StartDensityThreshold,FD,1,FALSE
00189716,0018,9716,24,38678,Start Relative Density Difference Threshold,StartRelativeDensityDifferenceThreshold,FD,1,FALSE
00189717,0018,9717,24,38679,Start Cardiac Trigger Count Threshold,StartCardiacTriggerCountThreshold,FD,1,FALSE
00189718,0018,9718,24,38680,Start Respiratory Trigger Count Threshold,StartRespiratoryTriggerCountThreshold,FD,1,FALSE
00189719,0018,9719,24,38681,Termination Counts Threshold,TerminationCountsThreshold,FD,1,FALSE
00189720,0018,9720,24,38688,Termination Density Threshold,TerminationDensityThreshold,FD,1,FALSE
00189721,0018,9721,24,38689,Termination Relative Density Threshold,TerminationRelativeDensityThreshold,FD,1,FALSE
00189722,0018,9722,24,38690,Termination Time Threshold,TerminationTimeThreshold,FD,1,FALSE
00189723,0018,9723,24,38691,Termination Cardiac Trigger Count Threshold,TerminationCardiacTriggerCountThreshold,FD,1,FALSE
00189724,0018,9724,24,38692,Termination Respiratory Trigger Count Threshold,TerminationRespiratoryTriggerCountThreshold,FD,1,FALSE
00189725,0018,9725,24,38693,Detector Geometry,DetectorGeometry,CS,1,FALSE
00189726,0018,9726,24,38694,Transverse Detector Separation,TransverseDetectorSeparation,FD,1,FALSE
00189727,0018,9727,24,38695,Axial Detector Dimension,AxialDetectorDimension,FD,1,FALSE
00189729,0018,9729,24,38697,Radiopharmaceutical Agent Number,RadiopharmaceuticalAgentNumber,US,1,FALSE
00189732,0018,9732,24,38706,PET Frame Acquisition Sequence,PETFrameAcquisitionSequence,SQ,1,FALSE
00189733,0018,9733,24,38707,PET Detector Motion Details Sequence,PETDetectorMotionDetailsSequence,SQ,1,FALSE
00189734,0018,9734,24,38708,PET Table Dynamics Sequence,PETTableDynamicsSequence,SQ,1,FALSE
00189735,0018,9735,24,38709,PET Position Sequence,PETPositionSequence,SQ,1,FALSE
00189736,0018,9736,24,38710,PET Frame Correction Factors Sequence,PETFrameCorrectionFactorsSequence,SQ,1,FALSE
00189737,0018,9737,24,38711,Radiopharmaceutical Usage Sequence,RadiopharmaceuticalUsageSequence,SQ,1,FALSE
00189738,0018,9738,24,38712,Attenuation Correction Source,AttenuationCorrectionSource,CS,1,FALSE
00189739,0018,9739,24,38713,Number of Iterations,NumberOfIterations,US,1,FALSE
00189740,0018,9740,24,38720,Number of Subsets,NumberOfSubsets,US,1,FALSE
00189749,0018,9749,24,38729,PET Reconstruction Sequence,PETReconstructionSequence,SQ,1,FALSE
00189751,0018,9751,24,38737,PET Frame Type Sequence,PETFrameTypeSequence,SQ,1,FALSE
00189755,0018,9755,24,38741,Time of Flight Information Used,TimeOfFlightInformationUsed,CS,1,FALSE
00189756,0018,9756,24,38742,Reconstruction Type,ReconstructionType,CS,1,FALSE
00189758,0018,9758,24,38744,Decay Corrected,DecayCorrected,CS,1,FALSE
00189759,0018,9759,24,38745,Attenuation Corrected,AttenuationCorrected,CS,1,FALSE
00189760,0018,9760,24,38752,Scatter Corrected,ScatterCorrected,CS,1,FALSE
00189761,0018,9761,24,38753,Dead Time Corrected,DeadTimeCorrected,CS,1,FALSE
00189762,0018,9762,24,38754,Gantry Motion Corrected,GantryMotionCorrected,CS,1,FALSE
00189763,0018,9763,24,38755,Patient Motion Corrected,PatientMotionCorrected,CS,1,FALSE
00189764,0018,9764,24,38756,Count Loss Normalization Corrected,CountLossNormalizationCorrected,CS,1,FALSE
00189765,0018,9765,24,38757,Randoms Corrected,RandomsCorrected,CS,1,FALSE
00189766,0018,9766,24,38758,Non-uniform Radial Sampling Corrected,NonUniformRadialSamplingCorrected,CS,1,FALSE
00189767,0018,9767,24,38759,Sensitivity Calibrated,SensitivityCalibrated,CS,1,FALSE
00189768,0018,9768,24,38760,Detector Normalization Correction,DetectorNormalizationCorrection,CS,1,FALSE
00189769,0018,9769,24,38761,Iterative Reconstruction Method,IterativeReconstructionMethod,CS,1,FALSE
00189770,0018,9770,24,38768,Attenuation Correction Temporal Relationship,AttenuationCorrectionTemporalRelationship,CS,1,FALSE
00189771,0018,9771,24,38769,Patient Physiological State Sequence,PatientPhysiologicalStateSequence,SQ,1,FALSE
00189772,0018,9772,24,38770,Patient Physiological State Code Sequence,PatientPhysiologicalStateCodeSequence,SQ,1,FALSE
00189801,0018,9801,24,38913,Depth(s) of Focus,DepthsOfFocus,FD,1-n,FALSE
00189803,0018,9803,24,38915,Excluded Intervals Sequence,ExcludedIntervalsSequence,SQ,1,FALSE
00189804,0018,9804,24,38916,Exclusion Start DateTime,ExclusionStartDateTime,DT,1,FALSE
00189805,0018,9805,24,38917,Exclusion Duration,ExclusionDuration,FD,1,FALSE
00189806,0018,9806,24,38918,US Image Description Sequence,USImageDescriptionSequence,SQ,1,FALSE
00189807,0018,9807,24,38919,Image Data Type Sequence,ImageDataTypeSequence,SQ,1,FALSE
00189808,0018,9808,24,38920,Data Type,DataType,CS,1,FALSE
00189809,0018,9809,24,38921,Transducer Scan Pattern Code Sequence,TransducerScanPatternCodeSequence,SQ,1,FALSE
0018980B,0018,980B,24,38923,Aliased Data Type,AliasedDataType,CS,1,FALSE
0018980C,0018,980C,24,38924,Position Measuring Device Used,PositionMeasuringDeviceUsed,CS,1,FALSE
0018980D,0018,980D,24,38925,Transducer Geometry Code Sequence,TransducerGeometryCodeSequence,SQ,1,FALSE
0018980E,0018,980E,24,38926,Transducer Beam Steering Code Sequence,TransducerBeamSteeringCodeSequence,SQ,1,FALSE
0018980F,0018,980F,24,38927,Transducer Application Code Sequence,TransducerApplicationCodeSequence,SQ,1,FALSE
00189810,0018,9810,24,38928,Zero Velocity Pixel Value,ZeroVelocityPixelValue,US or SS,1,FALSE
00189900,0018,9900,24,39168,Reference Location Label,ReferenceLocationLabel,LO,1,FALSE
00189901,0018,9901,24,39169,Reference Location Description,ReferenceLocationDescription,UT,1,FALSE
00189902,0018,9902,24,39170,Reference Basis Code Sequence,ReferenceBasisCodeSequence,SQ,1,FALSE
00189903,0018,9903,24,39171,Reference Geometry Code Sequence,ReferenceGeometryCodeSequence,SQ,1,FALSE
00189904,0018,9904,24,39172,Offset Distance,OffsetDistance,DS,1,FALSE
00189905,0018,9905,24,39173,Offset Direction,OffsetDirection,CS,1,FALSE
00189906,0018,9906,24,39174,Potential Scheduled Protocol Code Sequence,PotentialScheduledProtocolCodeSequence,SQ,1,FALSE
00189907,0018,9907,24,39175,Potential Requested Procedure Code Sequence,PotentialRequestedProcedureCodeSequence,SQ,1,FALSE
00189908,0018,9908,24,39176,Potential Reasons for Procedure,PotentialReasonsForProcedure,UC,1-n,FALSE
00189909,0018,9909,24,39177,Potential Reasons for Procedure Code Sequence,PotentialReasonsForProcedureCodeSequence,SQ,1,FALSE
0018990A,0018,990A,24,39178,Potential Diagnostic Tasks,PotentialDiagnosticTasks,UC,1-n,FALSE
0018990B,0018,990B,24,39179,Contraindications Code Sequence,ContraindicationsCodeSequence,SQ,1,FALSE
0018990C,0018,990C,24,39180,Referenced Defined Protocol Sequence,ReferencedDefinedProtocolSequence,SQ,1,FALSE
0018990D,0018,990D,24,39181,Referenced Performed Protocol Sequence,ReferencedPerformedProtocolSequence,SQ,1,FALSE
0018990E,0018,990E,24,39182,Predecessor Protocol Sequence,PredecessorProtocolSequence,SQ,1,FALSE
0018990F,0018,990F,24,39183,Protocol Planning Information,ProtocolPlanningInformation,UT,1,FALSE
00189910,0018,9910,24,39184,Protocol Design Rationale,ProtocolDesignRationale,UT,1,FALSE
00189911,0018,9911,24,39185,Patient Specification Sequence,PatientSpecificationSequence,SQ,1,FALSE
00189912,0018,9912,24,39186,Model Specification Sequence,ModelSpecificationSequence,SQ,1,FALSE
00189913,0018,9913,24,39187,Parameters Specification Sequence,ParametersSpecificationSequence,SQ,1,FALSE
00189914,0018,9914,24,39188,Instruction Sequence,InstructionSequence,SQ,1,FALSE
00189915,0018,9915,24,39189,Instruction Index,InstructionIndex,US,1,FALSE
00189916,0018,9916,24,39190,Instruction Text,InstructionText,LO,1,FALSE
00189917,0018,9917,24,39191,Instruction Description,InstructionDescription,UT,1,FALSE
00189918,0018,9918,24,39192,Instruction Performed Flag,InstructionPerformedFlag,CS,1,FALSE
00189919,0018,9919,24,39193,Instruction Performed DateTime,InstructionPerformedDateTime,DT,1,FALSE
0018991A,0018,991A,24,39194,Instruction Performance Comment,InstructionPerformanceComment,UT,1,FALSE
0018991B,0018,991B,24,39195,Patient Positioning Instruction Sequence,PatientPositioningInstructionSequence,SQ,1,FALSE
0018991C,0018,991C,24,39196,Positioning Method Code Sequence,PositioningMethodCodeSequence,SQ,1,FALSE
0018991D,0018,991D,24,39197,Positioning Landmark Sequence,PositioningLandmarkSequence,SQ,1,FALSE
0018991E,0018,991E,24,39198,Target Frame of Reference UID,TargetFrameOfReferenceUID,UI,1,FALSE
0018991F,0018,991F,24,39199,Acquisition Protocol Element Specification Sequence,AcquisitionProtocolElementSpecificationSequence,SQ,1,FALSE
00189920,0018,9920,24,39200,Acquisition Protocol Element Sequence,AcquisitionProtocolElementSequence,SQ,1,FALSE
00189921,0018,9921,24,39201,Protocol Element Number,ProtocolElementNumber,US,1,FALSE
00189922,0018,9922,24,39202,Protocol Element Name,ProtocolElementName,LO,1,FALSE
00189923,0018,9923,24,39203,Protocol Element Characteristics Summary,ProtocolElementCharacteristicsSummary,UT,1,FALSE
00189924,0018,9924,24,39204,Protocol Element Purpose,ProtocolElementPurpose,UT,1,FALSE
00189930,0018,9930,24,39216,Acquisition Motion,AcquisitionMotion,CS,1,FALSE
00189931,0018,9931,24,39217,Acquisition Start Location Sequence,AcquisitionStartLocationSequence,SQ,1,FALSE
00189932,0018,9932,24,39218,Acquisition End Location Sequence,AcquisitionEndLocationSequence,SQ,1,FALSE
00189933,0018,9933,24,39219,Reconstruction Protocol Element Specification Sequence,ReconstructionProtocolElementSpecificationSequence,SQ,1,FALSE
00189934,0018,9934,24,39220,Reconstruction Protocol Element Sequence,ReconstructionProtocolElementSequence,SQ,1,FALSE
00189935,0018,9935,24,39221,Storage Protocol Element Specification Sequence,StorageProtocolElementSpecificationSequence,SQ,1,FALSE
00189936,0018,9936,24,39222,Storage Protocol Element Sequence,StorageProtocolElementSequence,SQ,1,FALSE
00189937,0018,9937,24,39223,Requested Series Description,RequestedSeriesDescription,LO,1,FALSE
00189938,0018,9938,24,39224,Source Acquisition Protocol Element Number,SourceAcquisitionProtocolElementNumber,US,1-n,FALSE
00189939,0018,9939,24,39225,Source Acquisition Beam Number,SourceAcquisitionBeamNumber,US,1-n,FALSE
0018993A,0018,993A,24,39226,Source Reconstruction Protocol Element Number,SourceReconstructionProtocolElementNumber,US,1-n,FALSE
0018993B,0018,993B,24,39227,Reconstruction Start Location Sequence,ReconstructionStartLocationSequence,SQ,1,FALSE
0018993C,0018,993C,24,39228,Reconstruction End Location Sequence,ReconstructionEndLocationSequence,SQ,1,FALSE
0018993D,0018,993D,24,39229,Reconstruction Algorithm Sequence,ReconstructionAlgorithmSequence,SQ,1,FALSE
0018993E,0018,993E,24,39230,Reconstruction Target Center Location Sequence,ReconstructionTargetCenterLocationSequence,SQ,1,FALSE
00189941,0018,9941,24,39233,Image Filter Description,ImageFilterDescription,UT,1,FALSE
00189942,0018,9942,24,39234,CTDIvol Notification Trigger,CTDIvolNotificationTrigger,FD,1,FALSE
00189943,0018,9943,24,39235,DLP Notification Trigger,DLPNotificationTrigger,FD,1,FALSE
00189944,0018,9944,24,39236,Auto KVP Selection Type,AutoKVPSelectionType,CS,1,FALSE
00189945,0018,9945,24,39237,Auto KVP Upper Bound,AutoKVPUpperBound,FD,1,FALSE
00189946,0018,9946,24,39238,Auto KVP Lower Bound,AutoKVPLowerBound,FD,1,FALSE
00189947,0018,9947,24,39239,Protocol Defined Patient Position,ProtocolDefinedPatientPosition,CS,1,FALSE
0018A001,0018,A001,24,40961,Contributing Equipment Sequence,ContributingEquipmentSequence,SQ,1,FALSE
0018A002,0018,A002,24,40962,Contribution DateTime,ContributionDateTime,DT,1,FALSE
0018A003,0018,A003,24,40963,Contribution Description,ContributionDescription,ST,1,FALSE
0020000D,0020,000D,32,13,Study Instance UID,StudyInstanceUID,UI,1,FALSE
0020000E,0020,000E,32,14,Series Instance UID,SeriesInstanceUID,UI,1,FALSE
00200010,0020,0010,32,16,Study ID,StudyID,SH,1,FALSE
00200011,0020,0011,32,17,Series Number,SeriesNumber,IS,1,FALSE
00200012,0020,0012,32,18,Acquisition Number,AcquisitionNumber,IS,1,FALSE
00200013,0020,0013,32,19,Instance Number,InstanceNumber,IS,1,FALSE
00200014,0020,0014,32,20,Isotope Number,IsotopeNumber,IS,1,TRUE
00200015,0020,0015,32,21,Phase Number,PhaseNumber,IS,1,TRUE
00200016,0020,0016,32,22,Interval Number,IntervalNumber,IS,1,TRUE
00200017,0020,0017,32,23,Time Slot Number,TimeSlotNumber,IS,1,TRUE
00200018,0020,0018,32,24,Angle Number,AngleNumber,IS,1,TRUE
00200019,0020,0019,32,25,Item Number,ItemNumber,IS,1,FALSE
00200020,0020,0020,32,32,Patient Orientation,PatientOrientation,CS,2,FALSE
00200022,0020,0022,32,34,Overlay Number,OverlayNumber,IS,1,TRUE
00200024,0020,0024,32,36,Curve Number,CurveNumber,IS,1,TRUE
00200026,0020,0026,32,38,LUT Number,LUTNumber,IS,1,TRUE
00200027,0020,0027,32,39,Pyramid Label,PyramidLabel,LO,1,FALSE
00200030,0020,0030,32,48,Image Position,ImagePosition,DS,3,TRUE
00200032,0020,0032,32,50,Image Position (Patient),ImagePositionPatient,DS,3,FALSE
00200035,0020,0035,32,53,Image Orientation,ImageOrientation,DS,6,TRUE
00200037,0020,0037,32,55,Image Orientation (Patient),ImageOrientationPatient,DS,6,FALSE
00200050,0020,0050,32,80,Location,Location,DS,1,TRUE
00200052,0020,0052,32,82,Frame of Reference UID,FrameOfReferenceUID,UI,1,FALSE
00200060,0020,0060,32,96,Laterality,Laterality,CS,1,FALSE
00200062,0020,0062,32,98,Image Laterality,ImageLaterality,CS,1,FALSE
00200070,0020,0070,32,112,Image Geometry Type,ImageGeometryType,LO,1,TRUE
00200080,0020,0080,32,128,Masking Image,MaskingImage,CS,1-n,TRUE
002000AA,0020,00AA,32,170,Report Number,ReportNumber,IS,1,TRUE
00200100,0020,0100,32,256,Temporal Position Identifier,TemporalPositionIdentifier,IS,1,FALSE
00200105,0020,0105,32,261,Number of Temporal Positions,NumberOfTemporalPositions,IS,1,FALSE
00200110,0020,0110,32,272,Temporal Resolution,TemporalResolution,DS,1,FALSE
00200200,0020,0200,32,512,Synchronization Frame of Reference UID,SynchronizationFrameOfReferenceUID,UI,1,FALSE
00200242,0020,0242,32,578,SOP Instance UID of Concatenation Source,SOPInstanceUIDOfConcatenationSource,UI,1,FALSE
00201000,0020,1000,32,4096,Series in Study,SeriesInStudy,IS,1,TRUE
00201001,0020,1001,32,4097,Acquisitions in Series,AcquisitionsInSeries,IS,1,TRUE
00201002,0020,1002,32,4098,Images in Acquisition,ImagesInAcquisition,IS,1,FALSE
00201003,0020,1003,32,4099,Images in Series,ImagesInSeries,IS,1,TRUE
00201004,0020,1004,32,4100,Acquisitions in Study,AcquisitionsInStudy,IS,1,TRUE
00201005,0020,1005,32,4101,Images in Study,ImagesInStudy,IS,1,TRUE
00201020,0020,1020,32,4128,Reference,Reference,LO,1-n,TRUE
0020103F,0020,103F,32,4159,Target Position Reference Indicator,TargetPositionReferenceIndicator,LO,1,FALSE
00201040,0020,1040,32,4160,Position Reference Indicator,PositionReferenceIndicator,LO,1,FALSE
00201041,0020,1041,32,4161,Slice Location,SliceLocation,DS,1,FALSE
00201070,0020,1070,32,4208,Other Study Numbers,OtherStudyNumbers,IS,1-n,TRUE
00201200,0020,1200,32,4608,Number of Patient Related Studies,NumberOfPatientRelatedStudies,IS,1,FALSE
00201202,0020,1202,32,4610,Number of Patient Related Series,NumberOfPatientRelatedSeries,IS,1,FALSE
00201204,0020,1204,32,4612,Number of Patient Related Instances,NumberOfPatientRelatedInstances,IS,1,FALSE
00201206,0020,1206,32,4614,Number of Study Related Series,NumberOfStudyRelatedSeries,IS,1,FALSE
00201208,0020,1208,32,4616,Number of Study Related Instances,NumberOfStudyRelatedInstances,IS,1,FALSE
00201209,0020,1209,32,4617,Number of Series Related Instances,NumberOfSeriesRelatedInstances,IS,1,FALSE
002031xx,0020,31xx,32,-1,Source Image IDs,SourceImageIDs,CS,1-n,TRUE
00203401,0020,3401,32,13313,Modifying Device ID,ModifyingDeviceID,CS,1,TRUE
00203402,0020,3402,32,13314,Modified Image ID,ModifiedImageID,CS,1,TRUE
00203403,0020,3403,32,13315,Modified Image Date,ModifiedImageDate,DA,1,TRUE
00203404,0020,3404,32,13316,Modifying Device Manufacturer,ModifyingDeviceManufacturer,LO,1,TRUE
00203405,0020,3405,32,13317,Modified Image Time,ModifiedImageTime,TM,1,TRUE
00203406,0020,3406,32,13318,Modified Image Description,ModifiedImageDescription,LO,1,TRUE
00204000,0020,4000,32,16384,Image Comments,ImageComments,LT,1,FALSE
00205000,0020,5000,32,20480,Original Image Identification,OriginalImageIdentification,AT,1-n,TRUE
00205002,0020,5002,32,20482,Original Image Identification Nomenclature,OriginalImageIdentificationNomenclature,LO,1-n,TRUE
00209056,0020,9056,32,36950,Stack ID,StackID,SH,1,FALSE
00209057,0020,9057,32,36951,In-Stack Position Number,InStackPositionNumber,UL,1,FALSE
00209071,0020,9071,32,36977,Frame Anatomy Sequence,FrameAnatomySequence,SQ,1,FALSE
00209072,0020,9072,32,36978,Frame Laterality,FrameLaterality,CS,1,FALSE
00209111,0020,9111,32,37137,Frame Content Sequence,FrameContentSequence,SQ,1,FALSE
00209113,0020,9113,32,37139,Plane Position Sequence,PlanePositionSequence,SQ,1,FALSE
00209116,0020,9116,32,37142,Plane Orientation Sequence,PlaneOrientationSequence,SQ,1,FALSE
00209128,0020,9128,32,37160,Temporal Position Index,TemporalPositionIndex,UL,1,FALSE
00209153,0020,9153,32,37203,Nominal Cardiac Trigger Delay Time,NominalCardiacTriggerDelayTime,FD,1,FALSE
00209154,0020,9154,32,37204,Nominal Cardiac Trigger Time Prior To R-Peak,NominalCardiacTriggerTimePriorToRPeak,FL,1,FALSE
00209155,0020,9155,32,37205,Actual Cardiac Trigger Time Prior To R-Peak,ActualCardiacTriggerTimePriorToRPeak,FL,1,FALSE
00209156,0020,9156,32,37206,Frame Acquisition Number,FrameAcquisitionNumber,US,1,FALSE
00209157,0020,9157,32,37207,Dimension Index Values,DimensionIndexValues,UL,1-n,FALSE
00209158,0020,9158,32,37208,Frame Comments,FrameComments,LT,1,FALSE
00209161,0020,9161,32,37217,Concatenation UID,ConcatenationUID,UI,1,FALSE
00209162,0020,9162,32,37218,In-concatenation Number,InConcatenationNumber,US,1,FALSE
00209163,0020,9163,32,37219,In-concatenation Total Number,InConcatenationTotalNumber,US,1,FALSE
00209164,0020,9164,32,37220,Dimension Organization UID,DimensionOrganizationUID,UI,1,FALSE
00209165,0020,9165,32,37221,Dimension Index Pointer,DimensionIndexPointer,AT,1,FALSE
00209167,0020,9167,32,37223,Functional Group Pointer,FunctionalGroupPointer,AT,1,FALSE
00209170,0020,9170,32,37232,Unassigned Shared Converted Attributes Sequence,UnassignedSharedConvertedAttributesSequence,SQ,1,FALSE
00209171,0020,9171,32,37233,Unassigned Per-Frame Converted Attributes Sequence,UnassignedPerFrameConvertedAttributesSequence,SQ,1,FALSE
00209172,0020,9172,32,37234,Conversion Source Attributes Sequence,ConversionSourceAttributesSequence,SQ,1,FALSE
00209213,0020,9213,32,37395,Dimension Index Private Creator,DimensionIndexPrivateCreator,LO,1,FALSE
00209221,0020,9221,32,37409,Dimension Organization Sequence,DimensionOrganizationSequence,SQ,1,FALSE
00209222,0020,9222,32,37410,Dimension Index Sequence,DimensionIndexSequence,SQ,1,FALSE
00209228,0020,9228,32,37416,Concatenation Frame Offset Number,ConcatenationFrameOffsetNumber,UL,1,FALSE
00209238,0020,9238,32,37432,Functional Group Private Creator,FunctionalGroupPrivateCreator,LO,1,FALSE
00209241,0020,9241,32,37441,Nominal Percentage of Cardiac Phase,NominalPercentageOfCardiacPhase,FL,1,FALSE
00209245,0020,9245,32,37445,Nominal Percentage of Respiratory Phase,NominalPercentageOfRespiratoryPhase,FL,1,FALSE
00209246,0020,9246,32,37446,Starting Respiratory Amplitude,StartingRespiratoryAmplitude,FL,1,FALSE
00209247,0020,9247,32,37447,Starting Respiratory Phase,StartingRespiratoryPhase,CS,1,FALSE
00209248,0020,9248,32,37448,Ending Respiratory Amplitude,EndingRespiratoryAmplitude,FL,1,FALSE
00209249,0020,9249,32,37449,Ending Respiratory Phase,EndingRespiratoryPhase,CS,1,FALSE
00209250,0020,9250,32,37456,Respiratory Trigger Type,RespiratoryTriggerType,CS,1,FALSE
00209251,0020,9251,32,37457,R-R Interval Time Nominal,RRIntervalTimeNominal,FD,1,FALSE
00209252,0020,9252,32,37458,Actual Cardiac Trigger Delay Time,ActualCardiacTriggerDelayTime,FD,1,FALSE
00209253,0020,9253,32,37459,Respiratory Synchronization Sequence,RespiratorySynchronizationSequence,SQ,1,FALSE
00209254,0020,9254,32,37460,Respiratory Interval Time,RespiratoryIntervalTime,FD,1,FALSE
00209255,0020,9255,32,37461,Nominal Respiratory Trigger Delay Time,NominalRespiratoryTriggerDelayTime,FD,1,FALSE
00209256,0020,9256,32,37462,Respiratory Trigger Delay Threshold,RespiratoryTriggerDelayThreshold,FD,1,FALSE
00209257,0020,9257,32,37463,Actual Respiratory Trigger Delay Time,ActualRespiratoryTriggerDelayTime,FD,1,FALSE
00209301,0020,9301,32,37633,Image Position (Volume),ImagePositionVolume,FD,3,FALSE
00209302,0020,9302,32,37634,Image Orientation (Volume),ImageOrientationVolume,FD,6,FALSE
00209307,0020,9307,32,37639,Ultrasound Acquisition Geometry,UltrasoundAcquisitionGeometry,CS,1,FALSE
00209308,0020,9308,32,37640,Apex Position,ApexPosition,FD,3,FALSE
00209309,0020,9309,32,37641,Volume to Transducer Mapping Matrix,VolumeToTransducerMappingMatrix,FD,16,FALSE
0020930A,0020,930A,32,37642,Volume to Table Mapping Matrix,VolumeToTableMappingMatrix,FD,16,FALSE
0020930B,0020,930B,32,37643,Volume to Transducer Relationship,VolumeToTransducerRelationship,CS,1,FALSE
0020930C,0020,930C,32,37644,Patient Frame of Reference Source,PatientFrameOfReferenceSource,CS,1,FALSE
0020930D,0020,930D,32,37645,Temporal Position Time Offset,TemporalPositionTimeOffset,FD,1,FALSE
0020930E,0020,930E,32,37646,Plane Position (Volume) Sequence,PlanePositionVolumeSequence,SQ,1,FALSE
0020930F,0020,930F,32,37647,Plane Orientation (Volume) Sequence,PlaneOrientationVolumeSequence,SQ,1,FALSE
00209310,0020,9310,32,37648,Temporal Position Sequence,TemporalPositionSequence,SQ,1,FALSE
00209311,0020,9311,32,37649,Dimension Organization Type,DimensionOrganizationType,CS,1,FALSE
00209312,0020,9312,32,37650,Volume Frame of Reference UID,VolumeFrameOfReferenceUID,UI,1,FALSE
00209313,0020,9313,32,37651,Table Frame of Reference UID,TableFrameOfReferenceUID,UI,1,FALSE
00209421,0020,9421,32,37921,Dimension Description Label,DimensionDescriptionLabel,LO,1,FALSE
00209450,0020,9450,32,37968,Patient Orientation in Frame Sequence,PatientOrientationInFrameSequence,SQ,1,FALSE
00209453,0020,9453,32,37971,Frame Label,FrameLabel,LO,1,FALSE
00209518,0020,9518,32,38168,Acquisition Index,AcquisitionIndex,US,1-n,FALSE
00209529,0020,9529,32,38185,Contributing SOP Instances Reference Sequence,ContributingSOPInstancesReferenceSequence,SQ,1,FALSE
00209536,0020,9536,32,38198,Reconstruction Index,ReconstructionIndex,US,1,FALSE
00220001,0022,0001,34,1,Light Path Filter Pass-Through Wavelength,LightPathFilterPassThroughWavelength,US,1,FALSE
00220002,0022,0002,34,2,Light Path Filter Pass Band,LightPathFilterPassBand,US,2,FALSE
00220003,0022,0003,34,3,Image Path Filter Pass-Through Wavelength,ImagePathFilterPassThroughWavelength,US,1,FALSE
00220004,0022,0004,34,4,Image Path Filter Pass Band,ImagePathFilterPassBand,US,2,FALSE
00220005,0022,0005,34,5,Patient Eye Movement Commanded,PatientEyeMovementCommanded,CS,1,FALSE
00220006,0022,0006,34,6,Patient Eye Movement Command Code Sequence,PatientEyeMovementCommandCodeSequence,SQ,1,FALSE
00220007,0022,0007,34,7,Spherical Lens Power,SphericalLensPower,FL,1,FALSE
00220008,0022,0008,34,8,Cylinder Lens Power,CylinderLensPower,FL,1,FALSE
00220009,0022,0009,34,9,Cylinder Axis,CylinderAxis,FL,1,FALSE
0022000A,0022,000A,34,10,Emmetropic Magnification,EmmetropicMagnification,FL,1,FALSE
0022000B,0022,000B,34,11,Intra Ocular Pressure,IntraOcularPressure,FL,1,FALSE
0022000C,0022,000C,34,12,Horizontal Field of View,HorizontalFieldOfView,FL,1,FALSE
0022000D,0022,000D,34,13,Pupil Dilated,PupilDilated,CS,1,FALSE
0022000E,0022,000E,34,14,Degree of Dilation,DegreeOfDilation,FL,1,FALSE
00220010,0022,0010,34,16,Stereo Baseline Angle,StereoBaselineAngle,FL,1,FALSE
00220011,0022,0011,34,17,Stereo Baseline Displacement,StereoBaselineDisplacement,FL,1,FALSE
00220012,0022,0012,34,18,Stereo Horizontal Pixel Offset,StereoHorizontalPixelOffset,FL,1,FALSE
00220013,0022,0013,34,19,Stereo Vertical Pixel Offset,StereoVerticalPixelOffset,FL,1,FALSE
00220014,0022,0014,34,20,Stereo Rotation,StereoRotation,FL,1,FALSE
00220015,0022,0015,34,21,Acquisition Device Type Code Sequence,AcquisitionDeviceTypeCodeSequence,SQ,1,FALSE
00220016,0022,0016,34,22,Illumination Type Code Sequence,IlluminationTypeCodeSequence,SQ,1,FALSE
00220017,0022,0017,34,23,Light Path Filter Type Stack Code Sequence,LightPathFilterTypeStackCodeSequence,SQ,1,FALSE
00220018,0022,0018,34,24,Image Path Filter Type Stack Code Sequence,ImagePathFilterTypeStackCodeSequence,SQ,1,FALSE
00220019,0022,0019,34,25,Lenses Code Sequence,LensesCodeSequence,SQ,1,FALSE
0022001A,0022,001A,34,26,Channel Description Code Sequence,ChannelDescriptionCodeSequence,SQ,1,FALSE
0022001B,0022,001B,34,27,Refractive State Sequence,RefractiveStateSequence,SQ,1,FALSE
0022001C,0022,001C,34,28,Mydriatic Agent Code Sequence,MydriaticAgentCodeSequence,SQ,1,FALSE
0022001D,0022,001D,34,29,Relative Image Position Code Sequence,RelativeImagePositionCodeSequence,SQ,1,FALSE
0022001E,0022,001E,34,30,Camera Angle of View,CameraAngleOfView,FL,1,FALSE
00220020,0022,0020,34,32,Stereo Pairs Sequence,StereoPairsSequence,SQ,1,FALSE
00220021,0022,0021,34,33,Left Image Sequence,LeftImageSequence,SQ,1,FALSE
00220022,0022,0022,34,34,Right Image Sequence,RightImageSequence,SQ,1,FALSE
00220028,0022,0028,34,40,Stereo Pairs Present,StereoPairsPresent,CS,1,FALSE
00220030,0022,0030,34,48,Axial Length of the Eye,AxialLengthOfTheEye,FL,1,FALSE
00220031,0022,0031,34,49,Ophthalmic Frame Location Sequence,OphthalmicFrameLocationSequence,SQ,1,FALSE
00220032,0022,0032,34,50,Reference Coordinates,ReferenceCoordinates,FL,2-2n,FALSE
00220035,0022,0035,34,53,Depth Spatial Resolution,DepthSpatialResolution,FL,1,FALSE
00220036,0022,0036,34,54,Maximum Depth Distortion,MaximumDepthDistortion,FL,1,FALSE
00220037,0022,0037,34,55,Along-scan Spatial Resolution,AlongScanSpatialResolution,FL,1,FALSE
00220038,0022,0038,34,56,Maximum Along-scan Distortion,MaximumAlongScanDistortion,FL,1,FALSE
00220039,0022,0039,34,57,Ophthalmic Image Orientation,OphthalmicImageOrientation,CS,1,FALSE
00220041,0022,0041,34,65,Depth of Transverse Image,DepthOfTransverseImage,FL,1,FALSE
00220042,0022,0042,34,66,Mydriatic Agent Concentration Units Sequence,MydriaticAgentConcentrationUnitsSequence,SQ,1,FALSE
00220048,0022,0048,34,72,Across-scan Spatial Resolution,AcrossScanSpatialResolution,FL,1,FALSE
00220049,0022,0049,34,73,Maximum Across-scan Distortion,MaximumAcrossScanDistortion,FL,1,FALSE
0022004E,0022,004E,34,78,Mydriatic Agent Concentration,MydriaticAgentConcentration,DS,1,FALSE
00220055,0022,0055,34,85,Illumination Wave Length,IlluminationWaveLength,FL,1,FALSE
00220056,0022,0056,34,86,Illumination Power,IlluminationPower,FL,1,FALSE
00220057,0022,0057,34,87,Illumination Bandwidth,IlluminationBandwidth,FL,1,FALSE
00220058,0022,0058,34,88,Mydriatic Agent Sequence,MydriaticAgentSequence,SQ,1,FALSE
00221007,0022,1007,34,4103,Ophthalmic Axial Measurements Right Eye Sequence,OphthalmicAxialMeasurementsRightEyeSequence,SQ,1,FALSE
00221008,0022,1008,34,4104,Ophthalmic Axial Measurements Left Eye Sequence,OphthalmicAxialMeasurementsLeftEyeSequence,SQ,1,FALSE
00221009,0022,1009,34,4105,Ophthalmic Axial Measurements Device Type,OphthalmicAxialMeasurementsDeviceType,CS,1,FALSE
00221010,0022,1010,34,4112,Ophthalmic Axial Length Measurements Type,OphthalmicAxialLengthMeasurementsType,CS,1,FALSE
00221012,0022,1012,34,4114,Ophthalmic Axial Length Sequence,OphthalmicAxialLengthSequence,SQ,1,FALSE
00221019,0022,1019,34,4121,Ophthalmic Axial Length,OphthalmicAxialLength,FL,1,FALSE
00221024,0022,1024,34,4132,Lens Status Code Sequence,LensStatusCodeSequence,SQ,1,FALSE
00221025,0022,1025,34,4133,Vitreous Status Code Sequence,VitreousStatusCodeSequence,SQ,1,FALSE
00221028,0022,1028,34,4136,IOL Formula Code Sequence,IOLFormulaCodeSequence,SQ,1,FALSE
00221029,0022,1029,34,4137,IOL Formula Detail,IOLFormulaDetail,LO,1,FALSE
00221033,0022,1033,34,4147,Keratometer Index,KeratometerIndex,FL,1,FALSE
00221035,0022,1035,34,4149,Source of Ophthalmic Axial Length Code Sequence,SourceOfOphthalmicAxialLengthCodeSequence,SQ,1,FALSE
00221036,0022,1036,34,4150,Source of Corneal Size Data Code Sequence,SourceOfCornealSizeDataCodeSequence,SQ,1,FALSE
00221037,0022,1037,34,4151,Target Refraction,TargetRefraction,FL,1,FALSE
00221039,0022,1039,34,4153,Refractive Procedure Occurred,RefractiveProcedureOccurred,CS,1,FALSE
00221040,0022,1040,34,4160,Refractive Surgery Type Code Sequence,RefractiveSurgeryTypeCodeSequence,SQ,1,FALSE
00221044,0022,1044,34,4164,Ophthalmic Ultrasound Method Code Sequence,OphthalmicUltrasoundMethodCodeSequence,SQ,1,FALSE
00221045,0022,1045,34,4165,Surgically Induced Astigmatism Sequence,SurgicallyInducedAstigmatismSequence,SQ,1,FALSE
00221046,0022,1046,34,4166,Type of Optical Correction,TypeOfOpticalCorrection,CS,1,FALSE
00221047,0022,1047,34,4167,Toric IOL Power Sequence,ToricIOLPowerSequence,SQ,1,FALSE
00221048,0022,1048,34,4168,Predicted Toric Error Sequence,PredictedToricErrorSequence,SQ,1,FALSE
00221049,0022,1049,34,4169,Pre-Selected for Implantation,PreSelectedForImplantation,CS,1,FALSE
0022104A,0022,104A,34,4170,Toric IOL Power for Exact Emmetropia Sequence,ToricIOLPowerForExactEmmetropiaSequence,SQ,1,FALSE
0022104B,0022,104B,34,4171,Toric IOL Power for Exact Target Refraction Sequence,ToricIOLPowerForExactTargetRefractionSequence,SQ,1,FALSE
00221050,0022,1050,34,4176,Ophthalmic Axial Length Measurements Sequence,OphthalmicAxialLengthMeasurementsSequence,SQ,1,FALSE
00221053,0022,1053,34,4179,IOL Power,IOLPower,FL,1,FALSE
00221054,0022,1054,34,4180,Predicted Refractive Error,PredictedRefractiveError,FL,1,FALSE
00221059,0022,1059,34,4185,Ophthalmic Axial Length Velocity,OphthalmicAxialLengthVelocity,FL,1,FALSE
00221065,0022,1065,34,4197,Lens Status Description,LensStatusDescription,LO,1,FALSE
00221066,0022,1066,34,4198,Vitreous Status Description,VitreousStatusDescription,LO,1,FALSE
00221090,0022,1090,34,4240,IOL Power Sequence,IOLPowerSequence,SQ,1,FALSE
00221092,0022,1092,34,4242,Lens Constant Sequence,LensConstantSequence,SQ,1,FALSE
00221093,0022,1093,34,4243,IOL Manufacturer,IOLManufacturer,LO,1,FALSE
00221094,0022,1094,34,4244,Lens Constant Description,LensConstantDescription,LO,1,TRUE
00221095,0022,1095,34,4245,Implant Name,ImplantName,LO,1,FALSE
00221096,0022,1096,34,4246,Keratometry Measurement Type Code Sequence,KeratometryMeasurementTypeCodeSequence,SQ,1,FALSE
00221097,0022,1097,34,4247,Implant Part Number,ImplantPartNumber,LO,1,FALSE
00221100,0022,1100,34,4352,Referenced Ophthalmic Axial Measurements Sequence,ReferencedOphthalmicAxialMeasurementsSequence,SQ,1,FALSE
00221101,0022,1101,34,4353,Ophthalmic Axial Length Measurements Segment Name Code Sequence,OphthalmicAxialLengthMeasurementsSegmentNameCodeSequence,SQ,1,FALSE
00221103,0022,1103,34,4355,Refractive Error Before Refractive Surgery Code Sequence,RefractiveErrorBeforeRefractiveSurgeryCodeSequence,SQ,1,FALSE
00221121,0022,1121,34,4385,IOL Power For Exact Emmetropia,IOLPowerForExactEmmetropia,FL,1,FALSE
00221122,0022,1122,34,4386,IOL Power For Exact Target Refraction,IOLPowerForExactTargetRefraction,FL,1,FALSE
00221125,0022,1125,34,4389,Anterior Chamber Depth Definition Code Sequence,AnteriorChamberDepthDefinitionCodeSequence,SQ,1,FALSE
00221127,0022,1127,34,4391,Lens Thickness Sequence,LensThicknessSequence,SQ,1,FALSE
00221128,0022,1128,34,4392,Anterior Chamber Depth Sequence,AnteriorChamberDepthSequence,SQ,1,FALSE
0022112A,0022,112A,34,4394,Calculation Comment Sequence,CalculationCommentSequence,SQ,1,FALSE
0022112B,0022,112B,34,4395,Calculation Comment Type,CalculationCommentType,CS,1,FALSE
0022112C,0022,112C,34,4396,Calculation Comment,CalculationComment,LT,1,FALSE
00221130,0022,1130,34,4400,Lens Thickness,LensThickness,FL,1,FALSE
00221131,0022,1131,34,4401,Anterior Chamber Depth,AnteriorChamberDepth,FL,1,FALSE
00221132,0022,1132,34,4402,Source of Lens Thickness Data Code Sequence,SourceOfLensThicknessDataCodeSequence,SQ,1,FALSE
00221133,0022,1133,34,4403,Source of Anterior Chamber Depth Data Code Sequence,SourceOfAnteriorChamberDepthDataCodeSequence,SQ,1,FALSE
00221134,0022,1134,34,4404,Source of Refractive Measurements Sequence,SourceOfRefractiveMeasurementsSequence,SQ,1,FALSE
00221135,0022,1135,34,4405,Source of Refractive Measurements Code Sequence,SourceOfRefractiveMeasurementsCodeSequence,SQ,1,FALSE
00221140,0022,1140,34,4416,Ophthalmic Axial Length Measurement Modified,OphthalmicAxialLengthMeasurementModified,CS,1,FALSE
00221150,0022,1150,34,4432,Ophthalmic Axial Length Data Source Code Sequence,OphthalmicAxialLengthDataSourceCodeSequence,SQ,1,FALSE
00221153,0022,1153,34,4435,Ophthalmic Axial Length Acquisition Method Code Sequence,OphthalmicAxialLengthAcquisitionMethodCodeSequence,SQ,1,TRUE
00221155,0022,1155,34,4437,Signal to Noise Ratio,SignalToNoiseRatio,FL,1,FALSE
00221159,0022,1159,34,4441,Ophthalmic Axial Length Data Source Description,OphthalmicAxialLengthDataSourceDescription,LO,1,FALSE
00221210,0022,1210,34,4624,Ophthalmic Axial Length Measurements Total Length Sequence,OphthalmicAxialLengthMeasurementsTotalLengthSequence,SQ,1,FALSE
00221211,0022,1211,34,4625,Ophthalmic Axial Length Measurements Segmental Length Sequence,OphthalmicAxialLengthMeasurementsSegmentalLengthSequence,SQ,1,FALSE
00221212,0022,1212,34,4626,Ophthalmic Axial Length Measurements Length Summation Sequence,OphthalmicAxialLengthMeasurementsLengthSummationSequence,SQ,1,FALSE
00221220,0022,1220,34,4640,Ultrasound Ophthalmic Axial Length Measurements Sequence,UltrasoundOphthalmicAxialLengthMeasurementsSequence,SQ,1,FALSE
00221225,0022,1225,34,4645,Optical Ophthalmic Axial Length Measurements Sequence,OpticalOphthalmicAxialLengthMeasurementsSequence,SQ,1,FALSE
00221230,0022,1230,34,4656,Ultrasound Selected Ophthalmic Axial Length Sequence,UltrasoundSelectedOphthalmicAxialLengthSequence,SQ,1,FALSE
00221250,0022,1250,34,4688,Ophthalmic Axial Length Selection Method Code Sequence,OphthalmicAxialLengthSelectionMethodCodeSequence,SQ,1,FALSE
00221255,0022,1255,34,4693,Optical Selected Ophthalmic Axial Length Sequence,OpticalSelectedOphthalmicAxialLengthSequence,SQ,1,FALSE
00221257,0022,1257,34,4695,Selected Segmental Ophthalmic Axial Length Sequence,SelectedSegmentalOphthalmicAxialLengthSequence,SQ,1,FALSE
00221260,0022,1260,34,4704,Selected Total Ophthalmic Axial Length Sequence,SelectedTotalOphthalmicAxialLengthSequence,SQ,1,FALSE
00221262,0022,1262,34,4706,Ophthalmic Axial Length Quality Metric Sequence,OphthalmicAxialLengthQualityMetricSequence,SQ,1,FALSE
00221265,0022,1265,34,4709,Ophthalmic Axial Length Quality Metric Type Code Sequence,OphthalmicAxialLengthQualityMetricTypeCodeSequence,SQ,1,TRUE
00221273,0022,1273,34,4723,Ophthalmic Axial Length Quality Metric Type Description,OphthalmicAxialLengthQualityMetricTypeDescription,LO,1,TRUE
00221300,0022,1300,34,4864,Intraocular Lens Calculations Right Eye Sequence,IntraocularLensCalculationsRightEyeSequence,SQ,1,FALSE
00221310,0022,1310,34,4880,Intraocular Lens Calculations Left Eye Sequence,IntraocularLensCalculationsLeftEyeSequence,SQ,1,FALSE
00221330,0022,1330,34,4912,Referenced Ophthalmic Axial Length Measurement QC Image Sequence,ReferencedOphthalmicAxialLengthMeasurementQCImageSequence,SQ,1,FALSE
00221415,0022,1415,34,5141,Ophthalmic Mapping Device Type,OphthalmicMappingDeviceType,CS,1,FALSE
00221420,0022,1420,34,5152,Acquisition Method Code Sequence,AcquisitionMethodCodeSequence,SQ,1,FALSE
00221423,0022,1423,34,5155,Acquisition Method Algorithm Sequence,AcquisitionMethodAlgorithmSequence,SQ,1,FALSE
00221436,0022,1436,34,5174,Ophthalmic Thickness Map Type Code Sequence,OphthalmicThicknessMapTypeCodeSequence,SQ,1,FALSE
00221443,0022,1443,34,5187,Ophthalmic Thickness Mapping Normals Sequence,OphthalmicThicknessMappingNormalsSequence,SQ,1,FALSE
00221445,0022,1445,34,5189,Retinal Thickness Definition Code Sequence,RetinalThicknessDefinitionCodeSequence,SQ,1,FALSE
00221450,0022,1450,34,5200,Pixel Value Mapping to Coded Concept Sequence,PixelValueMappingToCodedConceptSequence,SQ,1,FALSE
00221452,0022,1452,34,5202,Mapped Pixel Value,MappedPixelValue,US or SS,1,FALSE
00221454,0022,1454,34,5204,Pixel Value Mapping Explanation,PixelValueMappingExplanation,LO,1,FALSE
00221458,0022,1458,34,5208,Ophthalmic Thickness Map Quality Threshold Sequence,OphthalmicThicknessMapQualityThresholdSequence,SQ,1,FALSE
00221460,0022,1460,34,5216,Ophthalmic Thickness Map Threshold Quality Rating,OphthalmicThicknessMapThresholdQualityRating,FL,1,FALSE
00221463,0022,1463,34,5219,Anatomic Structure Reference Point,AnatomicStructureReferencePoint,FL,2,FALSE
00221465,0022,1465,34,5221,Registration to Localizer Sequence,RegistrationToLocalizerSequence,SQ,1,FALSE
00221466,0022,1466,34,5222,Registered Localizer Units,RegisteredLocalizerUnits,CS,1,FALSE
00221467,0022,1467,34,5223,Registered Localizer Top Left Hand Corner,RegisteredLocalizerTopLeftHandCorner,FL,2,FALSE
00221468,0022,1468,34,5224,Registered Localizer Bottom Right Hand Corner,RegisteredLocalizerBottomRightHandCorner,FL,2,FALSE
00221470,0022,1470,34,5232,Ophthalmic Thickness Map Quality Rating Sequence,OphthalmicThicknessMapQualityRatingSequence,SQ,1,FALSE
00221472,0022,1472,34,5234,Relevant OPT Attributes Sequence,RelevantOPTAttributesSequence,SQ,1,FALSE
00221512,0022,1512,34,5394,Transformation Method Code Sequence,TransformationMethodCodeSequence,SQ,1,FALSE
00221513,0022,1513,34,5395,Transformation Algorithm Sequence,TransformationAlgorithmSequence,SQ,1,FALSE
00221515,0022,1515,34,5397,Ophthalmic Axial Length Method,OphthalmicAxialLengthMethod,CS,1,FALSE
00221517,0022,1517,34,5399,Ophthalmic FOV,OphthalmicFOV,FL,1,FALSE
00221518,0022,1518,34,5400,Two Dimensional to Three Dimensional Map Sequence,TwoDimensionalToThreeDimensionalMapSequence,SQ,1,FALSE
00221525,0022,1525,34,5413,Wide Field Ophthalmic Photography Quality Rating Sequence,WideFieldOphthalmicPhotographyQualityRatingSequence,SQ,1,FALSE
00221526,0022,1526,34,5414,Wide Field Ophthalmic Photography Quality Threshold Sequence,WideFieldOphthalmicPhotographyQualityThresholdSequence,SQ,1,FALSE
00221527,0022,1527,34,5415,Wide Field Ophthalmic Photography Threshold Quality Rating,WideFieldOphthalmicPhotographyThresholdQualityRating,FL,1,FALSE
00221528,0022,1528,34,5416,X Coordinates Center Pixel View Angle,XCoordinatesCenterPixelViewAngle,FL,1,FALSE
00221529,0022,1529,34,5417,Y Coordinates Center Pixel View Angle,YCoordinatesCenterPixelViewAngle,FL,1,FALSE
00221530,0022,1530,34,5424,Number of Map Points,NumberOfMapPoints,UL,1,FALSE
00221531,0022,1531,34,5425,Two Dimensional to Three Dimensional Map Data,TwoDimensionalToThreeDimensionalMapData,OF,1,FALSE
00221612,0022,1612,34,5650,Derivation Algorithm Sequence,DerivationAlgorithmSequence,SQ,1,FALSE
00221615,0022,1615,34,5653,Ophthalmic Image Type Code Sequence,OphthalmicImageTypeCodeSequence,SQ,1,FALSE
00221616,0022,1616,34,5654,Ophthalmic Image Type Description,OphthalmicImageTypeDescription,LO,1,FALSE
00221618,0022,1618,34,5656,Scan Pattern Type Code Sequence,ScanPatternTypeCodeSequence,SQ,1,FALSE
00221620,0022,1620,34,5664,Referenced Surface Mesh Identification Sequence,ReferencedSurfaceMeshIdentificationSequence,SQ,1,FALSE
00221622,0022,1622,34,5666,Ophthalmic Volumetric Properties Flag,OphthalmicVolumetricPropertiesFlag,CS,1,FALSE
00221624,0022,1624,34,5668,Ophthalmic Anatomic Reference Point X-Coordinate,OphthalmicAnatomicReferencePointXCoordinate,FL,1,FALSE
00221626,0022,1626,34,5670,Ophthalmic Anatomic Reference Point Y-Coordinate,OphthalmicAnatomicReferencePointYCoordinate,FL,1,FALSE
00221628,0022,1628,34,5672,Ophthalmic En Face Image Quality Rating Sequence,OphthalmicEnFaceImageQualityRatingSequence,SQ,1,FALSE
00221630,0022,1630,34,5680,Quality Threshold,QualityThreshold,DS,1,FALSE
00221640,0022,1640,34,5696,OCT B-scan Analysis Acquisition Parameters Sequence,OCTBscanAnalysisAcquisitionParametersSequence,SQ,1,FALSE
00221642,0022,1642,34,5698,Number of B-scans Per Frame,NumberOfBscansPerFrame,UL,1,FALSE
00221643,0022,1643,34,5699,B-scan Slab Thickness,BscanSlabThickness,FL,1,FALSE
00221644,0022,1644,34,5700,Distance Between B-scan Slabs,DistanceBetweenBscanSlabs,FL,1,FALSE
00221645,0022,1645,34,5701,B-scan Cycle Time,BscanCycleTime,FL,1,FALSE
00221646,0022,1646,34,5702,B-scan Cycle Time Vector,BscanCycleTimeVector,FL,1-n,FALSE
00221649,0022,1649,34,5705,A-scan Rate,AscanRate,FL,1,FALSE
00221650,0022,1650,34,5712,B-scan Rate,BscanRate,FL,1,FALSE
00221658,0022,1658,34,5720,Surface Mesh Z-Pixel Offset,SurfaceMeshZPixelOffset,UL,1,FALSE
00240010,0024,0010,36,16,Visual Field Horizontal Extent,VisualFieldHorizontalExtent,FL,1,FALSE
00240011,0024,0011,36,17,Visual Field Vertical Extent,VisualFieldVerticalExtent,FL,1,FALSE
00240012,0024,0012,36,18,Visual Field Shape,VisualFieldShape,CS,1,FALSE
00240016,0024,0016,36,22,Screening Test Mode Code Sequence,ScreeningTestModeCodeSequence,SQ,1,FALSE
00240018,0024,0018,36,24,Maximum Stimulus Luminance,MaximumStimulusLuminance,FL,1,FALSE
00240020,0024,0020,36,32,Background Luminance,BackgroundLuminance,FL,1,FALSE
00240021,0024,0021,36,33,Stimulus Color Code Sequence,StimulusColorCodeSequence,SQ,1,FALSE
00240024,0024,0024,36,36,Background Illumination Color Code Sequence,BackgroundIlluminationColorCodeSequence,SQ,1,FALSE
00240025,0024,0025,36,37,Stimulus Area,StimulusArea,FL,1,FALSE
00240028,0024,0028,36,40,Stimulus Presentation Time,StimulusPresentationTime,FL,1,FALSE
00240032,0024,0032,36,50,Fixation Sequence,FixationSequence,SQ,1,FALSE
00240033,0024,0033,36,51,Fixation Monitoring Code Sequence,FixationMonitoringCodeSequence,SQ,1,FALSE
00240034,0024,0034,36,52,Visual Field Catch Trial Sequence,VisualFieldCatchTrialSequence,SQ,1,FALSE
00240035,0024,0035,36,53,Fixation Checked Quantity,FixationCheckedQuantity,US,1,FALSE
00240036,0024,0036,36,54,Patient Not Properly Fixated Quantity,PatientNotProperlyFixatedQuantity,US,1,FALSE
00240037,0024,0037,36,55,Presented Visual Stimuli Data Flag,PresentedVisualStimuliDataFlag,CS,1,FALSE
00240038,0024,0038,36,56,Number of Visual Stimuli,NumberOfVisualStimuli,US,1,FALSE
00240039,0024,0039,36,57,Excessive Fixation Losses Data Flag,ExcessiveFixationLossesDataFlag,CS,1,FALSE
00240040,0024,0040,36,64,Excessive Fixation Losses,ExcessiveFixationLosses,CS,1,FALSE
00240042,0024,0042,36,66,Stimuli Retesting Quantity,StimuliRetestingQuantity,US,1,FALSE
00240044,0024,0044,36,68,Comments on Patient's Performance of Visual Field,CommentsOnPatientPerformanceOfVisualField,LT,1,FALSE
00240045,0024,0045,36,69,False Negatives Estimate Flag,FalseNegativesEstimateFlag,CS,1,FALSE
00240046,0024,0046,36,70,False Negatives Estimate,FalseNegativesEstimate,FL,1,FALSE
00240048,0024,0048,36,72,Negative Catch Trials Quantity,NegativeCatchTrialsQuantity,US,1,FALSE
00240050,0024,0050,36,80,False Negatives Quantity,FalseNegativesQuantity,US,1,FALSE
00240051,0024,0051,36,81,Excessive False Negatives Data Flag,ExcessiveFalseNegativesDataFlag,CS,1,FALSE
00240052,0024,0052,36,82,Excessive False Negatives,ExcessiveFalseNegatives,CS,1,FALSE
00240053,0024,0053,36,83,False Positives Estimate Flag,FalsePositivesEstimateFlag,CS,1,FALSE
00240054,0024,0054,36,84,False Positives Estimate,FalsePositivesEstimate,FL,1,FALSE
00240055,0024,0055,36,85,Catch Trials Data Flag,CatchTrialsDataFlag,CS,1,FALSE
00240056,0024,0056,36,86,Positive Catch Trials Quantity,PositiveCatchTrialsQuantity,US,1,FALSE
00240057,0024,0057,36,87,Test Point Normals Data Flag,TestPointNormalsDataFlag,CS,1,FALSE
00240058,0024,0058,36,88,Test Point Normals Sequence,TestPointNormalsSequence,SQ,1,FALSE
00240059,0024,0059,36,89,Global Deviation Probability Normals Flag,GlobalDeviationProbabilityNormalsFlag,CS,1,FALSE
00240060,0024,0060,36,96,False Positives Quantity,FalsePositivesQuantity,US,1,FALSE
00240061,0024,0061,36,97,Excessive False Positives Data Flag,ExcessiveFalsePositivesDataFlag,CS,1,FALSE
00240062,0024,0062,36,98,Excessive False Positives,ExcessiveFalsePositives,CS,1,FALSE
00240063,0024,0063,36,99,Visual Field Test Normals Flag,VisualFieldTestNormalsFlag,CS,1,FALSE
00240064,0024,0064,36,100,Results Normals Sequence,ResultsNormalsSequence,SQ,1,FALSE
00240065,0024,0065,36,101,Age Corrected Sensitivity Deviation Algorithm Sequence,AgeCorrectedSensitivityDeviationAlgorithmSequence,SQ,1,FALSE
00240066,0024,0066,36,102,Global Deviation From Normal,GlobalDeviationFromNormal,FL,1,FALSE
00240067,0024,0067,36,103,Generalized Defect Sensitivity Deviation Algorithm Sequence,GeneralizedDefectSensitivityDeviationAlgorithmSequence,SQ,1,FALSE
00240068,0024,0068,36,104,Localized Deviation From Normal,LocalizedDeviationFromNormal,FL,1,FALSE
00240069,0024,0069,36,105,Patient Reliability Indicator,PatientReliabilityIndicator,LO,1,FALSE
00240070,0024,0070,36,112,Visual Field Mean Sensitivity,VisualFieldMeanSensitivity,FL,1,FALSE
00240071,0024,0071,36,113,Global Deviation Probability,GlobalDeviationProbability,FL,1,FALSE
00240072,0024,0072,36,114,Local Deviation Probability Normals Flag,LocalDeviationProbabilityNormalsFlag,CS,1,FALSE
00240073,0024,0073,36,115,Localized Deviation Probability,LocalizedDeviationProbability,FL,1,FALSE
00240074,0024,0074,36,116,Short Term Fluctuation Calculated,ShortTermFluctuationCalculated,CS,1,FALSE
00240075,0024,0075,36,117,Short Term Fluctuation,ShortTermFluctuation,FL,1,FALSE
00240076,0024,0076,36,118,Short Term Fluctuation Probability Calculated,ShortTermFluctuationProbabilityCalculated,CS,1,FALSE
00240077,0024,0077,36,119,Short Term Fluctuation Probability,ShortTermFluctuationProbability,FL,1,FALSE
00240078,0024,0078,36,120,Corrected Localized Deviation From Normal Calculated,CorrectedLocalizedDeviationFromNormalCalculated,CS,1,FALSE
00240079,0024,0079,36,121,Corrected Localized Deviation From Normal,CorrectedLocalizedDeviationFromNormal,FL,1,FALSE
00240080,0024,0080,36,128,Corrected Localized Deviation From Normal Probability Calculated,CorrectedLocalizedDeviationFromNormalProbabilityCalculated,CS,1,FALSE
00240081,0024,0081,36,129,Corrected Localized Deviation From Normal Probability,CorrectedLocalizedDeviationFromNormalProbability,FL,1,FALSE
00240083,0024,0083,36,131,Global Deviation Probability Sequence,GlobalDeviationProbabilitySequence,SQ,1,FALSE
00240085,0024,0085,36,133,Localized Deviation Probability Sequence,LocalizedDeviationProbabilitySequence,SQ,1,FALSE
00240086,0024,0086,36,134,Foveal Sensitivity Measured,FovealSensitivityMeasured,CS,1,FALSE
00240087,0024,0087,36,135,Foveal Sensitivity,FovealSensitivity,FL,1,FALSE
00240088,0024,0088,36,136,Visual Field Test Duration,VisualFieldTestDuration,FL,1,FALSE
00240089,0024,0089,36,137,Visual Field Test Point Sequence,VisualFieldTestPointSequence,SQ,1,FALSE
00240090,0024,0090,36,144,Visual Field Test Point X-Coordinate,VisualFieldTestPointXCoordinate,FL,1,FALSE
00240091,0024,0091,36,145,Visual Field Test Point Y-Coordinate,VisualFieldTestPointYCoordinate,FL,1,FALSE
00240092,0024,0092,36,146,Age Corrected Sensitivity Deviation Value,AgeCorrectedSensitivityDeviationValue,FL,1,FALSE
00240093,0024,0093,36,147,Stimulus Results,StimulusResults,CS,1,FALSE
00240094,0024,0094,36,148,Sensitivity Value,SensitivityValue,FL,1,FALSE
00240095,0024,0095,36,149,Retest Stimulus Seen,RetestStimulusSeen,CS,1,FALSE
00240096,0024,0096,36,150,Retest Sensitivity Value,RetestSensitivityValue,FL,1,FALSE
00240097,0024,0097,36,151,Visual Field Test Point Normals Sequence,VisualFieldTestPointNormalsSequence,SQ,1,FALSE
00240098,0024,0098,36,152,Quantified Defect,QuantifiedDefect,FL,1,FALSE
00240100,0024,0100,36,256,Age Corrected Sensitivity Deviation Probability Value,AgeCorrectedSensitivityDeviationProbabilityValue,FL,1,FALSE
00240102,0024,0102,36,258,Generalized Defect Corrected Sensitivity Deviation Flag,GeneralizedDefectCorrectedSensitivityDeviationFlag,CS,1,FALSE
00240103,0024,0103,36,259,Generalized Defect Corrected Sensitivity Deviation Value,GeneralizedDefectCorrectedSensitivityDeviationValue,FL,1,FALSE
00240104,0024,0104,36,260,Generalized Defect Corrected Sensitivity Deviation Probability Value,GeneralizedDefectCorrectedSensitivityDeviationProbabilityValue,FL,1,FALSE
00240105,0024,0105,36,261,Minimum Sensitivity Value,MinimumSensitivityValue,FL,1,FALSE
00240106,0024,0106,36,262,Blind Spot Localized,BlindSpotLocalized,CS,1,FALSE
00240107,0024,0107,36,263,Blind Spot X-Coordinate,BlindSpotXCoordinate,FL,1,FALSE
00240108,0024,0108,36,264,Blind Spot Y-Coordinate,BlindSpotYCoordinate,FL,1,FALSE
00240110,0024,0110,36,272,Visual Acuity Measurement Sequence,VisualAcuityMeasurementSequence,SQ,1,FALSE
00240112,0024,0112,36,274,Refractive Parameters Used on Patient Sequence,RefractiveParametersUsedOnPatientSequence,SQ,1,FALSE
00240113,0024,0113,36,275,Measurement Laterality,MeasurementLaterality,CS,1,FALSE
00240114,0024,0114,36,276,Ophthalmic Patient Clinical Information Left Eye Sequence,OphthalmicPatientClinicalInformationLeftEyeSequence,SQ,1,FALSE
00240115,0024,0115,36,277,Ophthalmic Patient Clinical Information Right Eye Sequence,OphthalmicPatientClinicalInformationRightEyeSequence,SQ,1,FALSE
00240117,0024,0117,36,279,Foveal Point Normative Data Flag,FovealPointNormativeDataFlag,CS,1,FALSE
00240118,0024,0118,36,280,Foveal Point Probability Value,FovealPointProbabilityValue,FL,1,FALSE
00240120,0024,0120,36,288,Screening Baseline Measured,ScreeningBaselineMeasured,CS,1,FALSE
00240122,0024,0122,36,290,Screening Baseline Measured Sequence,ScreeningBaselineMeasuredSequence,SQ,1,FALSE
00240124,0024,0124,36,292,Screening Baseline Type,ScreeningBaselineType,CS,1,FALSE
00240126,0024,0126,36,294,Screening Baseline Value,ScreeningBaselineValue,FL,1,FALSE
00240202,0024,0202,36,514,Algorithm Source,AlgorithmSource,LO,1,FALSE
00240306,0024,0306,36,774,Data Set Name,DataSetName,LO,1,FALSE
00240307,0024,0307,36,775,Data Set Version,DataSetVersion,LO,1,FALSE
00240308,0024,0308,36,776,Data Set Source,DataSetSource,LO,1,FALSE
00240309,0024,0309,36,777,Data Set Description,DataSetDescription,LO,1,FALSE
00240317,0024,0317,36,791,Visual Field Test Reliability Global Index Sequence,VisualFieldTestReliabilityGlobalIndexSequence,SQ,1,FALSE
00240320,0024,0320,36,800,Visual Field Global Results Index Sequence,VisualFieldGlobalResultsIndexSequence,SQ,1,FALSE
00240325,0024,0325,36,805,Data Observation Sequence,DataObservationSequence,SQ,1,FALSE
00240338,0024,0338,36,824,Index Normals Flag,IndexNormalsFlag,CS,1,FALSE
00240341,0024,0341,36,833,Index Probability,IndexProbability,FL,1,FALSE
00240344,0024,0344,36,836,Index Probability Sequence,IndexProbabilitySequence,SQ,1,FALSE
00280002,0028,0002,40,2,Samples per Pixel,SamplesPerPixel,US,1,FALSE
00280003,0028,0003,40,3,Samples per Pixel Used,SamplesPerPixelUsed,US,1,FALSE
00280004,0028,0004,40,4,Photometric Interpretation,PhotometricInterpretation,CS,1,FALSE
00280005,0028,0005,40,5,Image Dimensions,ImageDimensions,US,1,TRUE
00280006,0028,0006,40,6,Planar Configuration,PlanarConfiguration,US,1,FALSE
00280008,0028,0008,40,8,Number of Frames,NumberOfFrames,IS,1,FALSE
00280009,0028,0009,40,9,Frame Increment Pointer,FrameIncrementPointer,AT,1-n,FALSE
0028000A,0028,000A,40,10,Frame Dimension Pointer,FrameDimensionPointer,AT,1-n,FALSE
00280010,0028,0010,40,16,Rows,Rows,US,1,FALSE
00280011,0028,0011,40,17,Columns,Columns,US,1,FALSE
00280012,0028,0012,40,18,Planes,Planes,US,1,TRUE
00280014,0028,0014,40,20,Ultrasound Color Data Present,UltrasoundColorDataPresent,US,1,FALSE
00280020,0028,0020,40,32,,,,,TRUE
00280030,0028,0030,40,48,Pixel Spacing,PixelSpacing,DS,2,FALSE
00280031,0028,0031,40,49,Zoom Factor,ZoomFactor,DS,2,FALSE
00280032,0028,0032,40,50,Zoom Center,ZoomCenter,DS,2,FALSE
00280034,0028,0034,40,52,Pixel Aspect Ratio,PixelAspectRatio,IS,2,FALSE
00280040,0028,0040,40,64,Image Format,ImageFormat,CS,1,TRUE
00280050,0028,0050,40,80,Manipulated Image,ManipulatedImage,LO,1-n,TRUE
00280051,0028,0051,40,81,Corrected Image,CorrectedImage,CS,1-n,FALSE
0028005F,0028,005F,40,95,Compression Recognition Code,CompressionRecognitionCode,LO,1,TRUE
00280060,0028,0060,40,96,Compression Code,CompressionCode,CS,1,TRUE
00280061,0028,0061,40,97,Compression Originator,CompressionOriginator,SH,1,TRUE
00280062,0028,0062,40,98,Compression Label,CompressionLabel,LO,1,TRUE
00280063,0028,0063,40,99,Compression Description,CompressionDescription,SH,1,TRUE
00280065,0028,0065,40,101,Compression Sequence,CompressionSequence,CS,1-n,TRUE
00280066,0028,0066,40,102,Compression Step Pointers,CompressionStepPointers,AT,1-n,TRUE
00280068,0028,0068,40,104,Repeat Interval,RepeatInterval,US,1,TRUE
00280069,0028,0069,40,105,Bits Grouped,BitsGrouped,US,1,TRUE
00280070,0028,0070,40,112,Perimeter Table,PerimeterTable,US,1-n,TRUE
00280071,0028,0071,40,113,Perimeter Value,PerimeterValue,US or SS,1,TRUE
00280080,0028,0080,40,128,Predictor Rows,PredictorRows,US,1,TRUE
00280081,0028,0081,40,129,Predictor Columns,PredictorColumns,US,1,TRUE
00280082,0028,0082,40,130,Predictor Constants,PredictorConstants,US,1-n,TRUE
00280090,0028,0090,40,144,Blocked Pixels,BlockedPixels,CS,1,TRUE
00280091,0028,0091,40,145,Block Rows,BlockRows,US,1,TRUE
00280092,0028,0092,40,146,Block Columns,BlockColumns,US,1,TRUE
00280093,0028,0093,40,147,Row Overlap,RowOverlap,US,1,TRUE
00280094,0028,0094,40,148,Column Overlap,ColumnOverlap,US,1,TRUE
00280100,0028,0100,40,256,Bits Allocated,BitsAllocated,US,1,FALSE
00280101,0028,0101,40,257,Bits Stored,BitsStored,US,1,FALSE
00280102,0028,0102,40,258,High Bit,HighBit,US,1,FALSE
00280103,0028,0103,40,259,Pixel Representation,PixelRepresentation,US,1,FALSE
00280104,0028,0104,40,260,Smallest Valid Pixel Value,SmallestValidPixelValue,US or SS,1,TRUE
00280105,0028,0105,40,261,Largest Valid Pixel Value,LargestValidPixelValue,US or SS,1,TRUE
00280106,0028,0106,40,262,Smallest Image Pixel Value,SmallestImagePixelValue,US or SS,1,FALSE
00280107,0028,0107,40,263,Largest Image Pixel Value,LargestImagePixelValue,US or SS,1,FALSE
00280108,0028,0108,40,264,Smallest Pixel Value in Series,SmallestPixelValueInSeries,US or SS,1,FALSE
00280109,0028,0109,40,265,Largest Pixel Value in Series,LargestPixelValueInSeries,US or SS,1,FALSE
00280110,0028,0110,40,272,Smallest Image Pixel Value in Plane,SmallestImagePixelValueInPlane,US or SS,1,TRUE
00280111,0028,0111,40,273,Largest Image Pixel Value in Plane,LargestImagePixelValueInPlane,US or SS,1,TRUE
00280120,0028,0120,40,288,Pixel Padding Value,PixelPaddingValue,US or SS,1,FALSE
00280121,0028,0121,40,289,Pixel Padding Range Limit,PixelPaddingRangeLimit,US or SS,1,FALSE
00280122,0028,0122,40,290,Float Pixel Padding Value,FloatPixelPaddingValue,FL,1,FALSE
00280123,0028,0123,40,291,Double Float Pixel Padding Value,DoubleFloatPixelPaddingValue,FD,1,FALSE
00280124,0028,0124,40,292,Float Pixel Padding Range Limit,FloatPixelPaddingRangeLimit,FL,1,FALSE
00280125,0028,0125,40,293,Double Float Pixel Padding Range Limit,DoubleFloatPixelPaddingRangeLimit,FD,1,FALSE
00280200,0028,0200,40,512,Image Location,ImageLocation,US,1,TRUE
00280300,0028,0300,40,768,Quality Control Image,QualityControlImage,CS,1,FALSE
00280301,0028,0301,40,769,Burned In Annotation,BurnedInAnnotation,CS,1,FALSE
00280302,0028,0302,40,770,Recognizable Visual Features,RecognizableVisualFeatures,CS,1,FALSE
00280303,0028,0303,40,771,Longitudinal Temporal Information Modified,LongitudinalTemporalInformationModified,CS,1,FALSE
00280304,0028,0304,40,772,Referenced Color Palette Instance UID,ReferencedColorPaletteInstanceUID,UI,1,FALSE
00280400,0028,0400,40,1024,Transform Label,TransformLabel,LO,1,TRUE
00280401,0028,0401,40,1025,Transform Version Number,TransformVersionNumber,LO,1,TRUE
00280402,0028,0402,40,1026,Number of Transform Steps,NumberOfTransformSteps,US,1,TRUE
00280403,0028,0403,40,1027,Sequence of Compressed Data,SequenceOfCompressedData,LO,1-n,TRUE
00280404,0028,0404,40,1028,Details of Coefficients,DetailsOfCoefficients,AT,1-n,TRUE
002804x0,0028,04x0,40,-1,Rows For Nth Order Coefficients,RowsForNthOrderCoefficients,US,1,TRUE
002804x1,0028,04x1,40,-1,Columns For Nth Order Coefficients,ColumnsForNthOrderCoefficients,US,1,TRUE
002804x2,0028,04x2,40,-1,Coefficient Coding,CoefficientCoding,LO,1-n,TRUE
002804x3,0028,04x3,40,-1,Coefficient Coding Pointers,CoefficientCodingPointers,AT,1-n,TRUE
00280700,0028,0700,40,1792,DCT Label,DCTLabel,LO,1,TRUE
00280701,0028,0701,40,1793,Data Block Description,DataBlockDescription,CS,1-n,TRUE
00280702,0028,0702,40,1794,Data Block,DataBlock,AT,1-n,TRUE
00280710,0028,0710,40,1808,Normalization Factor Format,NormalizationFactorFormat,US,1,TRUE
00280720,0028,0720,40,1824,Zonal Map Number Format,ZonalMapNumberFormat,US,1,TRUE
00280721,0028,0721,40,1825,Zonal Map Location,ZonalMapLocation,AT,1-n,TRUE
00280722,0028,0722,40,1826,Zonal Map Format,ZonalMapFormat,US,1,TRUE
00280730,0028,0730,40,1840,Adaptive Map Format,AdaptiveMapFormat,US,1,TRUE
00280740,0028,0740,40,1856,Code Number Format,CodeNumberFormat,US,1,TRUE
002808x0,0028,08x0,40,-1,Code Label,CodeLabel,CS,1-n,TRUE
002808x2,0028,08x2,40,-1,Number of Tables,NumberOfTables,US,1,TRUE
002808x3,0028,08x3,40,-1,Code Table Location,CodeTableLocation,AT,1-n,TRUE
002808x4,0028,08x4,40,-1,Bits For Code Word,BitsForCodeWord,US,1,TRUE
002808x8,0028,08x8,40,-1,Image Data Location,ImageDataLocation,AT,1-n,TRUE
00280A02,0028,0A02,40,2562,Pixel Spacing Calibration Type,PixelSpacingCalibrationType,CS,1,FALSE
00280A04,0028,0A04,40,2564,Pixel Spacing Calibration Description,PixelSpacingCalibrationDescription,LO,1,FALSE
00281040,0028,1040,40,4160,Pixel Intensity Relationship,PixelIntensityRelationship,CS,1,FALSE
00281041,0028,1041,40,4161,Pixel Intensity Relationship Sign,PixelIntensityRelationshipSign,SS,1,FALSE
00281050,0028,1050,40,4176,Window Center,WindowCenter,DS,1-n,FALSE
00281051,0028,1051,40,4177,Window Width,WindowWidth,DS,1-n,FALSE
00281052,0028,1052,40,4178,Rescale Intercept,RescaleIntercept,DS,1,FALSE
00281053,0028,1053,40,4179,Rescale Slope,RescaleSlope,DS,1,FALSE
00281054,0028,1054,40,4180,Rescale Type,RescaleType,LO,1,FALSE
00281055,0028,1055,40,4181,Window Center & Width Explanation,WindowCenterWidthExplanation,LO,1-n,FALSE
00281056,0028,1056,40,4182,VOI LUT Function,VOILUTFunction,CS,1,FALSE
00281080,0028,1080,40,4224,Gray Scale,GrayScale,CS,1,TRUE
00281090,0028,1090,40,4240,Recommended Viewing Mode,RecommendedViewingMode,CS,1,FALSE
00281100,0028,1100,40,4352,Gray Lookup Table Descriptor,GrayLookupTableDescriptor,US or SS,3,TRUE
00281101,0028,1101,40,4353,Red Palette Color Lookup Table Descriptor,RedPaletteColorLookupTableDescriptor,US or SS,3,FALSE
00281102,0028,1102,40,4354,Green Palette Color Lookup Table Descriptor,GreenPaletteColorLookupTableDescriptor,US or SS,3,FALSE
00281103,0028,1103,40,4355,Blue Palette Color Lookup Table Descriptor,BluePaletteColorLookupTableDescriptor,US or SS,3,FALSE
00281104,0028,1104,40,4356,Alpha Palette Color Lookup Table Descriptor,AlphaPaletteColorLookupTableDescriptor,US,3,FALSE
00281111,0028,1111,40,4369,Large Red Palette Color Lookup Table Descriptor,LargeRedPaletteColorLookupTableDescriptor,US or SS,4,TRUE
00281112,0028,1112,40,4370,Large Green Palette Color Lookup Table Descriptor,LargeGreenPaletteColorLookupTableDescriptor,US or SS,4,TRUE
00281113,0028,1113,40,4371,Large Blue Palette Color Lookup Table Descriptor,LargeBluePaletteColorLookupTableDescriptor,US or SS,4,TRUE
00281199,0028,1199,40,4505,Palette Color Lookup Table UID,PaletteColorLookupTableUID,UI,1,FALSE
00281200,0028,1200,40,4608,Gray Lookup Table Data,GrayLookupTableData,US or SS or OW,1-n or 1,TRUE
00281201,0028,1201,40,4609,Red Palette Color Lookup Table Data,RedPaletteColorLookupTableData,OW,1,FALSE
00281202,0028,1202,40,4610,Green Palette Color Lookup Table Data,GreenPaletteColorLookupTableData,OW,1,FALSE
00281203,0028,1203,40,4611,Blue Palette Color Lookup Table Data,BluePaletteColorLookupTableData,OW,1,FALSE
00281204,0028,1204,40,4612,Alpha Palette Color Lookup Table Data,AlphaPaletteColorLookupTableData,OW,1,FALSE
00281211,0028,1211,40,4625,Large Red Palette Color Lookup Table Data,LargeRedPaletteColorLookupTableData,OW,1,TRUE
00281212,0028,1212,40,4626,Large Green Palette Color Lookup Table Data,LargeGreenPaletteColorLookupTableData,OW,1,TRUE
00281213,0028,1213,40,4627,Large Blue Palette Color Lookup Table Data,LargeBluePaletteColorLookupTableData,OW,1,TRUE
00281214,0028,1214,40,4628,Large Palette Color Lookup Table UID,LargePaletteColorLookupTableUID,UI,1,TRUE
00281221,0028,1221,40,4641,Segmented Red Palette Color Lookup Table Data,SegmentedRedPaletteColorLookupTableData,OW,1,FALSE
00281222,0028,1222,40,4642,Segmented Green Palette Color Lookup Table Data,SegmentedGreenPaletteColorLookupTableData,OW,1,FALSE
00281223,0028,1223,40,4643,Segmented Blue Palette Color Lookup Table Data,SegmentedBluePaletteColorLookupTableData,OW,1,FALSE
00281224,0028,1224,40,4644,Segmented Alpha Palette Color Lookup Table Data,SegmentedAlphaPaletteColorLookupTableData,OW,1,FALSE
00281230,0028,1230,40,4656,Stored Value Color Range Sequence,StoredValueColorRangeSequence,SQ,1,FALSE
00281231,0028,1231,40,4657,Minimum Stored Value Mapped,MinimumStoredValueMapped,FD,1,FALSE
00281232,0028,1232,40,4658,Maximum Stored Value Mapped,MaximumStoredValueMapped,FD,1,FALSE
00281300,0028,1300,40,4864,Breast Implant Present,BreastImplantPresent,CS,1,FALSE
00281350,0028,1350,40,4944,Partial View,PartialView,CS,1,FALSE
00281351,0028,1351,40,4945,Partial View Description,PartialViewDescription,ST,1,FALSE
00281352,0028,1352,40,4946,Partial View Code Sequence,PartialViewCodeSequence,SQ,1,FALSE
0028135A,0028,135A,40,4954,Spatial Locations Preserved,SpatialLocationsPreserved,CS,1,FALSE
00281401,0028,1401,40,5121,Data Frame Assignment Sequence,DataFrameAssignmentSequence,SQ,1,FALSE
00281402,0028,1402,40,5122,Data Path Assignment,DataPathAssignment,CS,1,FALSE
00281403,0028,1403,40,5123,Bits Mapped to Color Lookup Table,BitsMappedToColorLookupTable,US,1,FALSE
00281404,0028,1404,40,5124,Blending LUT 1 Sequence,BlendingLUT1Sequence,SQ,1,FALSE
00281405,0028,1405,40,5125,Blending LUT 1 Transfer Function,BlendingLUT1TransferFunction,CS,1,FALSE
00281406,0028,1406,40,5126,Blending Weight Constant,BlendingWeightConstant,FD,1,FALSE
00281407,0028,1407,40,5127,Blending Lookup Table Descriptor,BlendingLookupTableDescriptor,US,3,FALSE
00281408,0028,1408,40,5128,Blending Lookup Table Data,BlendingLookupTableData,OW,1,FALSE
0028140B,0028,140B,40,5131,Enhanced Palette Color Lookup Table Sequence,EnhancedPaletteColorLookupTableSequence,SQ,1,FALSE
0028140C,0028,140C,40,5132,Blending LUT 2 Sequence,BlendingLUT2Sequence,SQ,1,FALSE
0028140D,0028,140D,40,5133,Blending LUT 2 Transfer Function,BlendingLUT2TransferFunction,CS,1,FALSE
0028140E,0028,140E,40,5134,Data Path ID,DataPathID,CS,1,FALSE
0028140F,0028,140F,40,5135,RGB LUT Transfer Function,RGBLUTTransferFunction,CS,1,FALSE
00281410,0028,1410,40,5136,Alpha LUT Transfer Function,AlphaLUTTransferFunction,CS,1,FALSE
00282000,0028,2000,40,8192,ICC Profile,ICCProfile,OB,1,FALSE
00282002,0028,2002,40,8194,Color Space,ColorSpace,CS,1,FALSE
00282110,0028,2110,40,8464,Lossy Image Compression,LossyImageCompression,CS,1,FALSE
00282112,0028,2112,40,8466,Lossy Image Compression Ratio,LossyImageCompressionRatio,DS,1-n,FALSE
00282114,0028,2114,40,8468,Lossy Image Compression Method,LossyImageCompressionMethod,CS,1-n,FALSE
00283000,0028,3000,40,12288,Modality LUT Sequence,ModalityLUTSequence,SQ,1,FALSE
00283002,0028,3002,40,12290,LUT Descriptor,LUTDescriptor,US or SS,3,FALSE
00283003,0028,3003,40,12291,LUT Explanation,LUTExplanation,LO,1,FALSE
00283004,0028,3004,40,12292,Modality LUT Type,ModalityLUTType,LO,1,FALSE
00283006,0028,3006,40,12294,LUT Data,LUTData,US or OW,1-n or 1,FALSE
00283010,0028,3010,40,12304,VOI LUT Sequence,VOILUTSequence,SQ,1,FALSE
00283110,0028,3110,40,12560,Softcopy VOI LUT Sequence,SoftcopyVOILUTSequence,SQ,1,FALSE
00284000,0028,4000,40,16384,Image Presentation Comments,ImagePresentationComments,LT,1,TRUE
00285000,0028,5000,40,20480,Bi-Plane Acquisition Sequence,BiPlaneAcquisitionSequence,SQ,1,TRUE
00286010,0028,6010,40,24592,Representative Frame Number,RepresentativeFrameNumber,US,1,FALSE
00286020,0028,6020,40,24608,Frame Numbers of Interest (FOI),FrameNumbersOfInterest,US,1-n,FALSE
00286022,0028,6022,40,24610,Frame of Interest Description,FrameOfInterestDescription,LO,1-n,FALSE
00286023,0028,6023,40,24611,Frame of Interest Type,FrameOfInterestType,CS,1-n,FALSE
00286030,0028,6030,40,24624,Mask Pointer(s),MaskPointers,US,1-n,TRUE
00286040,0028,6040,40,24640,R Wave Pointer,RWavePointer,US,1-n,FALSE
00286100,0028,6100,40,24832,Mask Subtraction Sequence,MaskSubtractionSequence,SQ,1,FALSE
00286101,0028,6101,40,24833,Mask Operation,MaskOperation,CS,1,FALSE
00286102,0028,6102,40,24834,Applicable Frame Range,ApplicableFrameRange,US,2-2n,FALSE
00286110,0028,6110,40,24848,Mask Frame Numbers,MaskFrameNumbers,US,1-n,FALSE
00286112,0028,6112,40,24850,Contrast Frame Averaging,ContrastFrameAveraging,US,1,FALSE
00286114,0028,6114,40,24852,Mask Sub-pixel Shift,MaskSubPixelShift,FL,2,FALSE
00286120,0028,6120,40,24864,TID Offset,TIDOffset,SS,1,FALSE
00286190,0028,6190,40,24976,Mask Operation Explanation,MaskOperationExplanation,ST,1,FALSE
00287000,0028,7000,40,28672,Equipment Administrator Sequence,EquipmentAdministratorSequence,SQ,1,FALSE
00287001,0028,7001,40,28673,Number of Display Subsystems,NumberOfDisplaySubsystems,US,1,FALSE
00287002,0028,7002,40,28674,Current Configuration ID,CurrentConfigurationID,US,1,FALSE
00287003,0028,7003,40,28675,Display Subsystem ID,DisplaySubsystemID,US,1,FALSE
00287004,0028,7004,40,28676,Display Subsystem Name,DisplaySubsystemName,SH,1,FALSE
00287005,0028,7005,40,28677,Display Subsystem Description,DisplaySubsystemDescription,LO,1,FALSE
00287006,0028,7006,40,28678,System Status,SystemStatus,CS,1,FALSE
00287007,0028,7007,40,28679,System Status Comment,SystemStatusComment,LO,1,FALSE
00287008,0028,7008,40,28680,Target Luminance Characteristics Sequence,TargetLuminanceCharacteristicsSequence,SQ,1,FALSE
00287009,0028,7009,40,28681,Luminance Characteristics ID,LuminanceCharacteristicsID,US,1,FALSE
0028700A,0028,700A,40,28682,Display Subsystem Configuration Sequence,DisplaySubsystemConfigurationSequence,SQ,1,FALSE
0028700B,0028,700B,40,28683,Configuration ID,ConfigurationID,US,1,FALSE
0028700C,0028,700C,40,28684,Configuration Name,ConfigurationName,SH,1,FALSE
0028700D,0028,700D,40,28685,Configuration Description,ConfigurationDescription,LO,1,FALSE
0028700E,0028,700E,40,28686,Referenced Target Luminance Characteristics ID,ReferencedTargetLuminanceCharacteristicsID,US,1,FALSE
0028700F,0028,700F,40,28687,QA Results Sequence,QAResultsSequence,SQ,1,FALSE
00287010,0028,7010,40,28688,Display Subsystem QA Results Sequence,DisplaySubsystemQAResultsSequence,SQ,1,FALSE
00287011,0028,7011,40,28689,Configuration QA Results Sequence,ConfigurationQAResultsSequence,SQ,1,FALSE
00287012,0028,7012,40,28690,Measurement Equipment Sequence,MeasurementEquipmentSequence,SQ,1,FALSE
00287013,0028,7013,40,28691,Measurement Functions,MeasurementFunctions,CS,1-n,FALSE
00287014,0028,7014,40,28692,Measurement Equipment Type,MeasurementEquipmentType,CS,1,FALSE
00287015,0028,7015,40,28693,Visual Evaluation Result Sequence,VisualEvaluationResultSequence,SQ,1,FALSE
00287016,0028,7016,40,28694,Display Calibration Result Sequence,DisplayCalibrationResultSequence,SQ,1,FALSE
00287017,0028,7017,40,28695,DDL Value,DDLValue,US,1,FALSE
00287018,0028,7018,40,28696,CIExy White Point,CIExyWhitePoint,FL,2,FALSE
00287019,0028,7019,40,28697,Display Function Type,DisplayFunctionType,CS,1,FALSE
0028701A,0028,701A,40,28698,Gamma Value,GammaValue,FL,1,FALSE
0028701B,0028,701B,40,28699,Number of Luminance Points,NumberOfLuminancePoints,US,1,FALSE
0028701C,0028,701C,40,28700,Luminance Response Sequence,LuminanceResponseSequence,SQ,1,FALSE
0028701D,0028,701D,40,28701,Target Minimum Luminance,TargetMinimumLuminance,FL,1,FALSE
0028701E,0028,701E,40,28702,Target Maximum Luminance,TargetMaximumLuminance,FL,1,FALSE
0028701F,0028,701F,40,28703,Luminance Value,LuminanceValue,FL,1,FALSE
00287020,0028,7020,40,28704,Luminance Response Description,LuminanceResponseDescription,LO,1,FALSE
00287021,0028,7021,40,28705,White Point Flag,WhitePointFlag,CS,1,FALSE
00287022,0028,7022,40,28706,Display Device Type Code Sequence,DisplayDeviceTypeCodeSequence,SQ,1,FALSE
00287023,0028,7023,40,28707,Display Subsystem Sequence,DisplaySubsystemSequence,SQ,1,FALSE
00287024,0028,7024,40,28708,Luminance Result Sequence,LuminanceResultSequence,SQ,1,FALSE
00287025,0028,7025,40,28709,Ambient Light Value Source,AmbientLightValueSource,CS,1,FALSE
00287026,0028,7026,40,28710,Measured Characteristics,MeasuredCharacteristics,CS,1-n,FALSE
00287027,0028,7027,40,28711,Luminance Uniformity Result Sequence,LuminanceUniformityResultSequence,SQ,1,FALSE
00287028,0028,7028,40,28712,Visual Evaluation Test Sequence,VisualEvaluationTestSequence,SQ,1,FALSE
00287029,0028,7029,40,28713,Test Result,TestResult,CS,1,FALSE
0028702A,0028,702A,40,28714,Test Result Comment,TestResultComment,LO,1,FALSE
0028702B,0028,702B,40,28715,Test Image Validation,TestImageValidation,CS,1,FALSE
0028702C,0028,702C,40,28716,Test Pattern Code Sequence,TestPatternCodeSequence,SQ,1,FALSE
0028702D,0028,702D,40,28717,Measurement Pattern Code Sequence,MeasurementPatternCodeSequence,SQ,1,FALSE
0028702E,0028,702E,40,28718,Visual Evaluation Method Code Sequence,VisualEvaluationMethodCodeSequence,SQ,1,FALSE
00287FE0,0028,7FE0,40,32736,Pixel Data Provider URL,PixelDataProviderURL,UR,1,FALSE
00289001,0028,9001,40,36865,Data Point Rows,DataPointRows,UL,1,FALSE
00289002,0028,9002,40,36866,Data Point Columns,DataPointColumns,UL,1,FALSE
00289003,0028,9003,40,36867,Signal Domain Columns,SignalDomainColumns,CS,1,FALSE
00289099,0028,9099,40,37017,Largest Monochrome Pixel Value,LargestMonochromePixelValue,US,1,TRUE
00289108,0028,9108,40,37128,Data Representation,DataRepresentation,CS,1,FALSE
00289110,0028,9110,40,37136,Pixel Measures Sequence,PixelMeasuresSequence,SQ,1,FALSE
00289132,0028,9132,40,37170,Frame VOI LUT Sequence,FrameVOILUTSequence,SQ,1,FALSE
00289145,0028,9145,40,37189,Pixel Value Transformation Sequence,PixelValueTransformationSequence,SQ,1,FALSE
00289235,0028,9235,40,37429,Signal Domain Rows,SignalDomainRows,CS,1,FALSE
00289411,0028,9411,40,37905,Display Filter Percentage,DisplayFilterPercentage,FL,1,FALSE
00289415,0028,9415,40,37909,Frame Pixel Shift Sequence,FramePixelShiftSequence,SQ,1,FALSE
00289416,0028,9416,40,37910,Subtraction Item ID,SubtractionItemID,US,1,FALSE
00289422,0028,9422,40,37922,Pixel Intensity Relationship LUT Sequence,PixelIntensityRelationshipLUTSequence,SQ,1,FALSE
00289443,0028,9443,40,37955,Frame Pixel Data Properties Sequence,FramePixelDataPropertiesSequence,SQ,1,FALSE
00289444,0028,9444,40,37956,Geometrical Properties,GeometricalProperties,CS,1,FALSE
00289445,0028,9445,40,37957,Geometric Maximum Distortion,GeometricMaximumDistortion,FL,1,FALSE
00289446,0028,9446,40,37958,Image Processing Applied,ImageProcessingApplied,CS,1-n,FALSE
00289454,0028,9454,40,37972,Mask Selection Mode,MaskSelectionMode,CS,1,FALSE
00289474,0028,9474,40,38004,LUT Function,LUTFunction,CS,1,FALSE
00289478,0028,9478,40,38008,Mask Visibility Percentage,MaskVisibilityPercentage,FL,1,FALSE
00289501,0028,9501,40,38145,Pixel Shift Sequence,PixelShiftSequence,SQ,1,FALSE
00289502,0028,9502,40,38146,Region Pixel Shift Sequence,RegionPixelShiftSequence,SQ,1,FALSE
00289503,0028,9503,40,38147,Vertices of the Region,VerticesOfTheRegion,SS,2-2n,FALSE
00289505,0028,9505,40,38149,Multi-frame Presentation Sequence,MultiFramePresentationSequence,SQ,1,FALSE
00289506,0028,9506,40,38150,Pixel Shift Frame Range,PixelShiftFrameRange,US,2-2n,FALSE
00289507,0028,9507,40,38151,LUT Frame Range,LUTFrameRange,US,2-2n,FALSE
00289520,0028,9520,40,38176,Image to Equipment Mapping Matrix,ImageToEquipmentMappingMatrix,DS,16,FALSE
00289537,0028,9537,40,38199,Equipment Coordinate System Identification,EquipmentCoordinateSystemIdentification,CS,1,FALSE
0032000A,0032,000A,50,10,Study Status ID,StudyStatusID,CS,1,TRUE
0032000C,0032,000C,50,12,Study Priority ID,StudyPriorityID,CS,1,TRUE
00320012,0032,0012,50,18,Study ID Issuer,StudyIDIssuer,LO,1,TRUE
00320032,0032,0032,50,50,Study Verified Date,StudyVerifiedDate,DA,1,TRUE
00320033,0032,0033,50,51,Study Verified Time,StudyVerifiedTime,TM,1,TRUE
00320034,0032,0034,50,52,Study Read Date,StudyReadDate,DA,1,TRUE
00320035,0032,0035,50,53,Study Read Time,StudyReadTime,TM,1,TRUE
00321000,0032,1000,50,4096,Scheduled Study Start Date,ScheduledStudyStartDate,DA,1,TRUE
00321001,0032,1001,50,4097,Scheduled Study Start Time,ScheduledStudyStartTime,TM,1,TRUE
00321010,0032,1010,50,4112,Scheduled Study Stop Date,ScheduledStudyStopDate,DA,1,TRUE
00321011,0032,1011,50,4113,Scheduled Study Stop Time,ScheduledStudyStopTime,TM,1,TRUE
00321020,0032,1020,50,4128,Scheduled Study Location,ScheduledStudyLocation,LO,1,TRUE
00321021,0032,1021,50,4129,Scheduled Study Location AE Title,ScheduledStudyLocationAETitle,AE,1-n,TRUE
00321030,0032,1030,50,4144,Reason for Study,ReasonForStudy,LO,1,TRUE
00321031,0032,1031,50,4145,Requesting Physician Identification Sequence,RequestingPhysicianIdentificationSequence,SQ,1,FALSE
00321032,0032,1032,50,4146,Requesting Physician,RequestingPhysician,PN,1,FALSE
00321033,0032,1033,50,4147,Requesting Service,RequestingService,LO,1,FALSE
00321034,0032,1034,50,4148,Requesting Service Code Sequence,RequestingServiceCodeSequence,SQ,1,FALSE
00321040,0032,1040,50,4160,Study Arrival Date,StudyArrivalDate,DA,1,TRUE
00321041,0032,1041,50,4161,Study Arrival Time,StudyArrivalTime,TM,1,TRUE
00321050,0032,1050,50,4176,Study Completion Date,StudyCompletionDate,DA,1,TRUE
00321051,0032,1051,50,4177,Study Completion Time,StudyCompletionTime,TM,1,TRUE
00321055,0032,1055,50,4181,Study Component Status ID,StudyComponentStatusID,CS,1,TRUE
00321060,0032,1060,50,4192,Requested Procedure Description,RequestedProcedureDescription,LO,1,FALSE
00321064,0032,1064,50,4196,Requested Procedure Code Sequence,RequestedProcedureCodeSequence,SQ,1,FALSE
00321065,0032,1065,50,4197,Requested Laterality Code Sequence,RequestedLateralityCodeSequence,SQ,1,FALSE
00321066,0032,1066,50,4198,Reason for Visit,ReasonForVisit,UT,1,FALSE
00321067,0032,1067,50,4199,Reason for Visit Code Sequence,ReasonForVisitCodeSequence,SQ,1,FALSE
00321070,0032,1070,50,4208,Requested Contrast Agent,RequestedContrastAgent,LO,1,FALSE
00324000,0032,4000,50,16384,Study Comments,StudyComments,LT,1,TRUE
00340001,0034,0001,52,1,Flow Identifier Sequence,FlowIdentifierSequence,SQ,1,FALSE
00340002,0034,0002,52,2,Flow Identifier,FlowIdentifier,OB,1,FALSE
00340003,0034,0003,52,3,Flow Transfer Syntax UID,FlowTransferSyntaxUID,UI,1,FALSE
00340004,0034,0004,52,4,Flow RTP Sampling Rate,FlowRTPSamplingRate,UL,1,FALSE
00340005,0034,0005,52,5,Source Identifier,SourceIdentifier,OB,1,FALSE
00340007,0034,0007,52,7,Frame Origin Timestamp,FrameOriginTimestamp,OB,1,FALSE
00340008,0034,0008,52,8,Includes Imaging Subject,IncludesImagingSubject,CS,1,FALSE
00340009,0034,0009,52,9,Frame Usefulness Group Sequence,FrameUsefulnessGroupSequence,SQ,1,FALSE
0034000A,0034,000A,52,10,Real-Time Bulk Data Flow Sequence,RealTimeBulkDataFlowSequence,SQ,1,FALSE
0034000B,0034,000B,52,11,Camera Position Group Sequence,CameraPositionGroupSequence,SQ,1,FALSE
0034000C,0034,000C,52,12,Includes Information,IncludesInformation,CS,1,FALSE
0034000D,0034,000D,52,13,Time of Frame Group Sequence,TimeOfFrameGroupSequence,SQ,1,FALSE
00380004,0038,0004,56,4,Referenced Patient Alias Sequence,ReferencedPatientAliasSequence,SQ,1,FALSE
00380008,0038,0008,56,8,Visit Status ID,VisitStatusID,CS,1,FALSE
00380010,0038,0010,56,16,Admission ID,AdmissionID,LO,1,FALSE
00380011,0038,0011,56,17,Issuer of Admission ID,IssuerOfAdmissionID,LO,1,TRUE
00380014,0038,0014,56,20,Issuer of Admission ID Sequence,IssuerOfAdmissionIDSequence,SQ,1,FALSE
00380016,0038,0016,56,22,Route of Admissions,RouteOfAdmissions,LO,1,FALSE
0038001A,0038,001A,56,26,Scheduled Admission Date,ScheduledAdmissionDate,DA,1,TRUE
0038001B,0038,001B,56,27,Scheduled Admission Time,ScheduledAdmissionTime,TM,1,TRUE
0038001C,0038,001C,56,28,Scheduled Discharge Date,ScheduledDischargeDate,DA,1,TRUE
0038001D,0038,001D,56,29,Scheduled Discharge Time,ScheduledDischargeTime,TM,1,TRUE
0038001E,0038,001E,56,30,Scheduled Patient Institution Residence,ScheduledPatientInstitutionResidence,LO,1,TRUE
00380020,0038,0020,56,32,Admitting Date,AdmittingDate,DA,1,FALSE
00380021,0038,0021,56,33,Admitting Time,AdmittingTime,TM,1,FALSE
00380030,0038,0030,56,48,Discharge Date,DischargeDate,DA,1,TRUE
00380032,0038,0032,56,50,Discharge Time,DischargeTime,TM,1,TRUE
00380040,0038,0040,56,64,Discharge Diagnosis Description,DischargeDiagnosisDescription,LO,1,TRUE
00380044,0038,0044,56,68,Discharge Diagnosis Code Sequence,DischargeDiagnosisCodeSequence,SQ,1,TRUE
00380050,0038,0050,56,80,Special Needs,SpecialNeeds,LO,1,FALSE
00380060,0038,0060,56,96,Service Episode ID,ServiceEpisodeID,LO,1,FALSE
00380061,0038,0061,56,97,Issuer of Service Episode ID,IssuerOfServiceEpisodeID,LO,1,TRUE
00380062,0038,0062,56,98,Service Episode Description,ServiceEpisodeDescription,LO,1,FALSE
00380064,0038,0064,56,100,Issuer of Service Episode ID Sequence,IssuerOfServiceEpisodeIDSequence,SQ,1,FALSE
00380100,0038,0100,56,256,Pertinent Documents Sequence,PertinentDocumentsSequence,SQ,1,FALSE
00380101,0038,0101,56,257,Pertinent Resources Sequence,PertinentResourcesSequence,SQ,1,FALSE
00380102,0038,0102,56,258,Resource Description,ResourceDescription,LO,1,FALSE
00380300,0038,0300,56,768,Current Patient Location,CurrentPatientLocation,LO,1,FALSE
00380400,0038,0400,56,1024,Patient's Institution Residence,PatientInstitutionResidence,LO,1,FALSE
00380500,0038,0500,56,1280,Patient State,PatientState,LO,1,FALSE
00380502,0038,0502,56,1282,Patient Clinical Trial Participation Sequence,PatientClinicalTrialParticipationSequence,SQ,1,FALSE
00384000,0038,4000,56,16384,Visit Comments,VisitComments,LT,1,FALSE
003A0004,003A,0004,58,4,Waveform Originality,WaveformOriginality,CS,1,FALSE
003A0005,003A,0005,58,5,Number of Waveform Channels,NumberOfWaveformChannels,US,1,FALSE
003A0010,003A,0010,58,16,Number of Waveform Samples,NumberOfWaveformSamples,UL,1,FALSE
003A001A,003A,001A,58,26,Sampling Frequency,SamplingFrequency,DS,1,FALSE
003A0020,003A,0020,58,32,Multiplex Group Label,MultiplexGroupLabel,SH,1,FALSE
003A0200,003A,0200,58,512,Channel Definition Sequence,ChannelDefinitionSequence,SQ,1,FALSE
003A0202,003A,0202,58,514,Waveform Channel Number,WaveformChannelNumber,IS,1,FALSE
003A0203,003A,0203,58,515,Channel Label,ChannelLabel,SH,1,FALSE
003A0205,003A,0205,58,517,Channel Status,ChannelStatus,CS,1-n,FALSE
003A0208,003A,0208,58,520,Channel Source Sequence,ChannelSourceSequence,SQ,1,FALSE
003A0209,003A,0209,58,521,Channel Source Modifiers Sequence,ChannelSourceModifiersSequence,SQ,1,FALSE
003A020A,003A,020A,58,522,Source Waveform Sequence,SourceWaveformSequence,SQ,1,FALSE
003A020C,003A,020C,58,524,Channel Derivation Description,ChannelDerivationDescription,LO,1,FALSE
003A0210,003A,0210,58,528,Channel Sensitivity,ChannelSensitivity,DS,1,FALSE
003A0211,003A,0211,58,529,Channel Sensitivity Units Sequence,ChannelSensitivityUnitsSequence,SQ,1,FALSE
003A0212,003A,0212,58,530,Channel Sensitivity Correction Factor,ChannelSensitivityCorrectionFactor,DS,1,FALSE
003A0213,003A,0213,58,531,Channel Baseline,ChannelBaseline,DS,1,FALSE
003A0214,003A,0214,58,532,Channel Time Skew,ChannelTimeSkew,DS,1,FALSE
003A0215,003A,0215,58,533,Channel Sample Skew,ChannelSampleSkew,DS,1,FALSE
003A0218,003A,0218,58,536,Channel Offset,ChannelOffset,DS,1,FALSE
003A021A,003A,021A,58,538,Waveform Bits Stored,WaveformBitsStored,US,1,FALSE
003A0220,003A,0220,58,544,Filter Low Frequency,FilterLowFrequency,DS,1,FALSE
003A0221,003A,0221,58,545,Filter High Frequency,FilterHighFrequency,DS,1,FALSE
003A0222,003A,0222,58,546,Notch Filter Frequency,NotchFilterFrequency,DS,1,FALSE
003A0223,003A,0223,58,547,Notch Filter Bandwidth,NotchFilterBandwidth,DS,1,FALSE
003A0230,003A,0230,58,560,Waveform Data Display Scale,WaveformDataDisplayScale,FL,1,FALSE
003A0231,003A,0231,58,561,Waveform Display Background CIELab Value,WaveformDisplayBackgroundCIELabValue,US,3,FALSE
003A0240,003A,0240,58,576,Waveform Presentation Group Sequence,WaveformPresentationGroupSequence,SQ,1,FALSE
003A0241,003A,0241,58,577,Presentation Group Number,PresentationGroupNumber,US,1,FALSE
003A0242,003A,0242,58,578,Channel Display Sequence,ChannelDisplaySequence,SQ,1,FALSE
003A0244,003A,0244,58,580,Channel Recommended Display CIELab Value,ChannelRecommendedDisplayCIELabValue,US,3,FALSE
003A0245,003A,0245,58,581,Channel Position,ChannelPosition,FL,1,FALSE
003A0246,003A,0246,58,582,Display Shading Flag,DisplayShadingFlag,CS,1,FALSE
003A0247,003A,0247,58,583,Fractional Channel Display Scale,FractionalChannelDisplayScale,FL,1,FALSE
003A0248,003A,0248,58,584,Absolute Channel Display Scale,AbsoluteChannelDisplayScale,FL,1,FALSE
003A0300,003A,0300,58,768,Multiplexed Audio Channels Description Code Sequence,MultiplexedAudioChannelsDescriptionCodeSequence,SQ,1,FALSE
003A0301,003A,0301,58,769,Channel Identification Code,ChannelIdentificationCode,IS,1,FALSE
003A0302,003A,0302,58,770,Channel Mode,ChannelMode,CS,1,FALSE
003A0310,003A,0310,58,784,Multiplex Group UID,MultiplexGroupUID,UI,1,FALSE
003A0311,003A,0311,58,785,Powerline Frequency,PowerlineFrequency,DS,1,FALSE
003A0312,003A,0312,58,786,Channel Impedance Sequence,ChannelImpedanceSequence,SQ,1,FALSE
003A0313,003A,0313,58,787,Impedance Value,ImpedanceValue,DS,1,FALSE
003A0314,003A,0314,58,788,Impedance Measurement DateTime,ImpedanceMeasurementDateTime,DT,1,FALSE
003A0315,003A,0315,58,789,Impedance Measurement Frequency,ImpedanceMeasurementFrequency,DS,1,FALSE
003A0316,003A,0316,58,790,Impedance Measurement Current Type,ImpedanceMeasurementCurrentType,CS,1,FALSE
003A0317,003A,0317,58,791,Waveform Amplifier Type,WaveformAmplifierType,CS,1,FALSE
003A0318,003A,0318,58,792,Filter Low Frequency Characteristics Sequence,FilterLowFrequencyCharacteristicsSequence,SQ,1,FALSE
003A0319,003A,0319,58,793,Filter High Frequency Characteristics Sequence,FilterHighFrequencyCharacteristicsSequence,SQ,1,FALSE
003A0320,003A,0320,58,800,Summarized Filter Lookup Table Sequence,SummarizedFilterLookupTable,SQ,1,FALSE
003A0321,003A,0321,58,801,Notch Filter Characteristics Sequence,NotchFilterCharacteristicsSequence,SQ,1,FALSE
003A0322,003A,0322,58,802,Waveform Filter Type,WaveformFilterType,CS,1,FALSE
003A0323,003A,0323,58,803,Analog Filter Characteristics Sequence,AnalogFilterCharacteristicsSequence,SQ,1,FALSE
003A0324,003A,0324,58,804,Analog Filter Roll Off,AnalogFilterRollOff,DS,1,FALSE
003A0325,003A,0325,58,805,Analog Filter Type Code Sequence,AnalogFilterType,SQ,1,FALSE
003A0326,003A,0326,58,806,Digital Filter Characteristics Sequence,DigitalFilterCharacteristicsSequence,SQ,1,FALSE
003A0327,003A,0327,58,807,Digital Filter Order,DigitalFilterOrder,IS,1,FALSE
003A0328,003A,0328,58,808,Digital Filter Type Code Sequence,DigitalFilterTypeCodeSequence,SQ,1,FALSE
003A0329,003A,0329,58,809,Waveform Filter Description,WaveformFilterDescription,ST,1,FALSE
003A032A,003A,032A,58,810,Filter Lookup Table Sequence,FilterLookupTableSequence,SQ,1,FALSE
003A032B,003A,032B,58,811,Filter Lookup Table Description,FilterLookupTableDescription,ST,1,FALSE
003A032C,003A,032C,58,812,Frequency Encoding Code Sequence,FrequencyEncodingCodeSequence,SQ,1,FALSE
003A032D,003A,032D,58,813,Magnitude Encoding Code Sequence,MagnitudeEncodingCodeSequence,SQ,1,FALSE
003A032E,003A,032E,58,814,Filter Lookup Table Data,FilterLookupTableData,OD,1,FALSE
00400001,0040,0001,64,1,Scheduled Station AE Title,ScheduledStationAETitle,AE,1-n,FALSE
00400002,0040,0002,64,2,Scheduled Procedure Step Start Date,ScheduledProcedureStepStartDate,DA,1,FALSE
00400003,0040,0003,64,3,Scheduled Procedure Step Start Time,ScheduledProcedureStepStartTime,TM,1,FALSE
00400004,0040,0004,64,4,Scheduled Procedure Step End Date,ScheduledProcedureStepEndDate,DA,1,FALSE
00400005,0040,0005,64,5,Scheduled Procedure Step End Time,ScheduledProcedureStepEndTime,TM,1,FALSE
00400006,0040,0006,64,6,Scheduled Performing Physician's Name,ScheduledPerformingPhysicianName,PN,1,FALSE
00400007,0040,0007,64,7,Scheduled Procedure Step Description,ScheduledProcedureStepDescription,LO,1,FALSE
00400008,0040,0008,64,8,Scheduled Protocol Code Sequence,ScheduledProtocolCodeSequence,SQ,1,FALSE
00400009,0040,0009,64,9,Scheduled Procedure Step ID,ScheduledProcedureStepID,SH,1,FALSE
0040000A,0040,000A,64,10,Stage Code Sequence,StageCodeSequence,SQ,1,FALSE
0040000B,0040,000B,64,11,Scheduled Performing Physician Identification Sequence,ScheduledPerformingPhysicianIdentificationSequence,SQ,1,FALSE
00400010,0040,0010,64,16,Scheduled Station Name,ScheduledStationName,SH,1-n,FALSE
00400011,0040,0011,64,17,Scheduled Procedure Step Location,ScheduledProcedureStepLocation,SH,1,FALSE
00400012,0040,0012,64,18,Pre-Medication,PreMedication,LO,1,FALSE
00400020,0040,0020,64,32,Scheduled Procedure Step Status,ScheduledProcedureStepStatus,CS,1,FALSE
00400026,0040,0026,64,38,Order Placer Identifier Sequence,OrderPlacerIdentifierSequence,SQ,1,FALSE
00400027,0040,0027,64,39,Order Filler Identifier Sequence,OrderFillerIdentifierSequence,SQ,1,FALSE
00400031,0040,0031,64,49,Local Namespace Entity ID,LocalNamespaceEntityID,UT,1,FALSE
00400032,0040,0032,64,50,Universal Entity ID,UniversalEntityID,UT,1,FALSE
00400033,0040,0033,64,51,Universal Entity ID Type,UniversalEntityIDType,CS,1,FALSE
00400035,0040,0035,64,53,Identifier Type Code,IdentifierTypeCode,CS,1,FALSE
00400036,0040,0036,64,54,Assigning Facility Sequence,AssigningFacilitySequence,SQ,1,FALSE
00400039,0040,0039,64,57,Assigning Jurisdiction Code Sequence,AssigningJurisdictionCodeSequence,SQ,1,FALSE
0040003A,0040,003A,64,58,Assigning Agency or Department Code Sequence,AssigningAgencyOrDepartmentCodeSequence,SQ,1,FALSE
00400100,0040,0100,64,256,Scheduled Procedure Step Sequence,ScheduledProcedureStepSequence,SQ,1,FALSE
00400220,0040,0220,64,544,Referenced Non-Image Composite SOP Instance Sequence,ReferencedNonImageCompositeSOPInstanceSequence,SQ,1,FALSE
00400241,0040,0241,64,577,Performed Station AE Title,PerformedStationAETitle,AE,1,FALSE
00400242,0040,0242,64,578,Performed Station Name,PerformedStationName,SH,1,FALSE
00400243,0040,0243,64,579,Performed Location,PerformedLocation,SH,1,FALSE
00400244,0040,0244,64,580,Performed Procedure Step Start Date,PerformedProcedureStepStartDate,DA,1,FALSE
00400245,0040,0245,64,581,Performed Procedure Step Start Time,PerformedProcedureStepStartTime,TM,1,FALSE
00400250,0040,0250,64,592,Performed Procedure Step End Date,PerformedProcedureStepEndDate,DA,1,FALSE
00400251,0040,0251,64,593,Performed Procedure Step End Time,PerformedProcedureStepEndTime,TM,1,FALSE
00400252,0040,0252,64,594,Performed Procedure Step Status,PerformedProcedureStepStatus,CS,1,FALSE
00400253,0040,0253,64,595,Performed Procedure Step ID,PerformedProcedureStepID,SH,1,FALSE
00400254,0040,0254,64,596,Performed Procedure Step Description,PerformedProcedureStepDescription,LO,1,FALSE
00400255,0040,0255,64,597,Performed Procedure Type Description,PerformedProcedureTypeDescription,LO,1,FALSE
00400260,0040,0260,64,608,Performed Protocol Code Sequence,PerformedProtocolCodeSequence,SQ,1,FALSE
00400261,0040,0261,64,609,Performed Protocol Type,PerformedProtocolType,CS,1,FALSE
00400270,0040,0270,64,624,Scheduled Step Attributes Sequence,ScheduledStepAttributesSequence,SQ,1,FALSE
00400275,0040,0275,64,629,Request Attributes Sequence,RequestAttributesSequence,SQ,1,FALSE
00400280,0040,0280,64,640,Comments on the Performed Procedure Step,CommentsOnThePerformedProcedureStep,ST,1,FALSE
00400281,0040,0281,64,641,Performed Procedure Step Discontinuation Reason Code Sequence,PerformedProcedureStepDiscontinuationReasonCodeSequence,SQ,1,FALSE
00400293,0040,0293,64,659,Quantity Sequence,QuantitySequence,SQ,1,FALSE
00400294,0040,0294,64,660,Quantity,Quantity,DS,1,FALSE
00400295,0040,0295,64,661,Measuring Units Sequence,MeasuringUnitsSequence,SQ,1,FALSE
00400296,0040,0296,64,662,Billing Item Sequence,BillingItemSequence,SQ,1,FALSE
00400300,0040,0300,64,768,Total Time of Fluoroscopy,TotalTimeOfFluoroscopy,US,1,TRUE
00400301,0040,0301,64,769,Total Number of Exposures,TotalNumberOfExposures,US,1,TRUE
00400302,0040,0302,64,770,Entrance Dose,EntranceDose,US,1,FALSE
00400303,0040,0303,64,771,Exposed Area,ExposedArea,US,1-2,FALSE
00400306,0040,0306,64,774,Distance Source to Entrance,DistanceSourceToEntrance,DS,1,FALSE
00400307,0040,0307,64,775,Distance Source to Support,DistanceSourceToSupport,DS,1,TRUE
0040030E,0040,030E,64,782,Exposure Dose Sequence,ExposureDoseSequence,SQ,1,TRUE
00400310,0040,0310,64,784,Comments on Radiation Dose,CommentsOnRadiationDose,ST,1,FALSE
00400312,0040,0312,64,786,X-Ray Output,XRayOutput,DS,1,FALSE
00400314,0040,0314,64,788,Half Value Layer,HalfValueLayer,DS,1,FALSE
00400316,0040,0316,64,790,Organ Dose,OrganDose,DS,1,FALSE
00400318,0040,0318,64,792,Organ Exposed,OrganExposed,CS,1,FALSE
00400320,0040,0320,64,800,Billing Procedure Step Sequence,BillingProcedureStepSequence,SQ,1,FALSE
00400321,0040,0321,64,801,Film Consumption Sequence,FilmConsumptionSequence,SQ,1,FALSE
00400324,0040,0324,64,804,Billing Supplies and Devices Sequence,BillingSuppliesAndDevicesSequence,SQ,1,FALSE
00400330,0040,0330,64,816,Referenced Procedure Step Sequence,ReferencedProcedureStepSequence,SQ,1,TRUE
00400340,0040,0340,64,832,Performed Series Sequence,PerformedSeriesSequence,SQ,1,FALSE
00400400,0040,0400,64,1024,Comments on the Scheduled Procedure Step,CommentsOnTheScheduledProcedureStep,LT,1,FALSE
00400440,0040,0440,64,1088,Protocol Context Sequence,ProtocolContextSequence,SQ,1,FALSE
00400441,0040,0441,64,1089,Content Item Modifier Sequence,ContentItemModifierSequence,SQ,1,FALSE
00400500,0040,0500,64,1280,Scheduled Specimen Sequence,ScheduledSpecimenSequence,SQ,1,FALSE
0040050A,0040,050A,64,1290,Specimen Accession Number,SpecimenAccessionNumber,LO,1,TRUE
00400512,0040,0512,64,1298,Container Identifier,ContainerIdentifier,LO,1,FALSE
00400513,0040,0513,64,1299,Issuer of the Container Identifier Sequence,IssuerOfTheContainerIdentifierSequence,SQ,1,FALSE
00400515,0040,0515,64,1301,Alternate Container Identifier Sequence,AlternateContainerIdentifierSequence,SQ,1,FALSE
00400518,0040,0518,64,1304,Container Type Code Sequence,ContainerTypeCodeSequence,SQ,1,FALSE
0040051A,0040,051A,64,1306,Container Description,ContainerDescription,LO,1,FALSE
00400520,0040,0520,64,1312,Container Component Sequence,ContainerComponentSequence,SQ,1,FALSE
00400550,0040,0550,64,1360,Specimen Sequence,SpecimenSequence,SQ,1,TRUE
00400551,0040,0551,64,1361,Specimen Identifier,SpecimenIdentifier,LO,1,FALSE
00400552,0040,0552,64,1362,Specimen Description Sequence (Trial),SpecimenDescriptionSequenceTrial,SQ,1,TRUE
00400553,0040,0553,64,1363,Specimen Description (Trial),SpecimenDescriptionTrial,ST,1,TRUE
00400554,0040,0554,64,1364,Specimen UID,SpecimenUID,UI,1,FALSE
00400555,0040,0555,64,1365,Acquisition Context Sequence,AcquisitionContextSequence,SQ,1,FALSE
00400556,0040,0556,64,1366,Acquisition Context Description,AcquisitionContextDescription,ST,1,FALSE
0040059A,0040,059A,64,1434,Specimen Type Code Sequence,SpecimenTypeCodeSequence,SQ,1,FALSE
00400560,0040,0560,64,1376,Specimen Description Sequence,SpecimenDescriptionSequence,SQ,1,FALSE
00400562,0040,0562,64,1378,Issuer of the Specimen Identifier Sequence,IssuerOfTheSpecimenIdentifierSequence,SQ,1,FALSE
00400600,0040,0600,64,1536,Specimen Short Description,SpecimenShortDescription,LO,1,FALSE
00400602,0040,0602,64,1538,Specimen Detailed Description,SpecimenDetailedDescription,UT,1,FALSE
00400610,0040,0610,64,1552,Specimen Preparation Sequence,SpecimenPreparationSequence,SQ,1,FALSE
00400612,0040,0612,64,1554,Specimen Preparation Step Content Item Sequence,SpecimenPreparationStepContentItemSequence,SQ,1,FALSE
00400620,0040,0620,64,1568,Specimen Localization Content Item Sequence,SpecimenLocalizationContentItemSequence,SQ,1,FALSE
004006FA,0040,06FA,64,1786,Slide Identifier,SlideIdentifier,LO,1,TRUE
00400710,0040,0710,64,1808,Whole Slide Microscopy Image Frame Type Sequence,WholeSlideMicroscopyImageFrameTypeSequence,SQ,1,FALSE
0040071A,0040,071A,64,1818,Image Center Point Coordinates Sequence,ImageCenterPointCoordinatesSequence,SQ,1,FALSE
0040072A,0040,072A,64,1834,X Offset in Slide Coordinate System,XOffsetInSlideCoordinateSystem,DS,1,FALSE
0040073A,0040,073A,64,1850,Y Offset in Slide Coordinate System,YOffsetInSlideCoordinateSystem,DS,1,FALSE
0040074A,0040,074A,64,1866,Z Offset in Slide Coordinate System,ZOffsetInSlideCoordinateSystem,DS,1,FALSE
004008D8,0040,08D8,64,2264,Pixel Spacing Sequence,PixelSpacingSequence,SQ,1,TRUE
004008DA,0040,08DA,64,2266,Coordinate System Axis Code Sequence,CoordinateSystemAxisCodeSequence,SQ,1,TRUE
004008EA,0040,08EA,64,2282,Measurement Units Code Sequence,MeasurementUnitsCodeSequence,SQ,1,FALSE
004009F8,0040,09F8,64,2552,Vital Stain Code Sequence (Trial),VitalStainCodeSequenceTrial,SQ,1,TRUE
00401001,0040,1001,64,4097,Requested Procedure ID,RequestedProcedureID,SH,1,FALSE
00401002,0040,1002,64,4098,Reason for the Requested Procedure,ReasonForTheRequestedProcedure,LO,1,FALSE
00401003,0040,1003,64,4099,Requested Procedure Priority,RequestedProcedurePriority,SH,1,FALSE
00401004,0040,1004,64,4100,Patient Transport Arrangements,PatientTransportArrangements,LO,1,FALSE
00401005,0040,1005,64,4101,Requested Procedure Location,RequestedProcedureLocation,LO,1,FALSE
00401006,0040,1006,64,4102,Placer Order Number / Procedure,PlacerOrderNumberProcedure,SH,1,TRUE
00401007,0040,1007,64,4103,Filler Order Number / Procedure,FillerOrderNumberProcedure,SH,1,TRUE
00401008,0040,1008,64,4104,Confidentiality Code,ConfidentialityCode,LO,1,FALSE
00401009,0040,1009,64,4105,Reporting Priority,ReportingPriority,SH,1,FALSE
0040100A,0040,100A,64,4106,Reason for Requested Procedure Code Sequence,ReasonForRequestedProcedureCodeSequence,SQ,1,FALSE
00401010,0040,1010,64,4112,Names of Intended Recipients of Results,NamesOfIntendedRecipientsOfResults,PN,1-n,FALSE
00401011,0040,1011,64,4113,Intended Recipients of Results Identification Sequence,IntendedRecipientsOfResultsIdentificationSequence,SQ,1,FALSE
00401012,0040,1012,64,4114,Reason For Performed Procedure Code Sequence,ReasonForPerformedProcedureCodeSequence,SQ,1,FALSE
00401060,0040,1060,64,4192,Requested Procedure Description (Trial),RequestedProcedureDescriptionTrial,LO,1,TRUE
00401101,0040,1101,64,4353,Person Identification Code Sequence,PersonIdentificationCodeSequence,SQ,1,FALSE
00401102,0040,1102,64,4354,Person's Address,PersonAddress,ST,1,FALSE
00401103,0040,1103,64,4355,Person's Telephone Numbers,PersonTelephoneNumbers,LO,1-n,FALSE
00401104,0040,1104,64,4356,Person's Telecom Information,PersonTelecomInformation,LT,1,FALSE
00401400,0040,1400,64,5120,Requested Procedure Comments,RequestedProcedureComments,LT,1,FALSE
00402001,0040,2001,64,8193,Reason for the Imaging Service Request,ReasonForTheImagingServiceRequest,LO,1,TRUE
00402004,0040,2004,64,8196,Issue Date of Imaging Service Request,IssueDateOfImagingServiceRequest,DA,1,FALSE
00402005,0040,2005,64,8197,Issue Time of Imaging Service Request,IssueTimeOfImagingServiceRequest,TM,1,FALSE
00402006,0040,2006,64,8198,Placer Order Number / Imaging Service Request (Retired),PlacerOrderNumberImagingServiceRequestRetired,SH,1,TRUE
00402007,0040,2007,64,8199,Filler Order Number / Imaging Service Request (Retired),FillerOrderNumberImagingServiceRequestRetired,SH,1,TRUE
00402008,0040,2008,64,8200,Order Entered By,OrderEnteredBy,PN,1,FALSE
00402009,0040,2009,64,8201,Order Enterer's Location,OrderEntererLocation,SH,1,FALSE
00402010,0040,2010,64,8208,Order Callback Phone Number,OrderCallbackPhoneNumber,SH,1,FALSE
00402011,0040,2011,64,8209,Order Callback Telecom Information,OrderCallbackTelecomInformation,LT,1,FALSE
00402016,0040,2016,64,8214,Placer Order Number / Imaging Service Request,PlacerOrderNumberImagingServiceRequest,LO,1,FALSE
00402017,0040,2017,64,8215,Filler Order Number / Imaging Service Request,FillerOrderNumberImagingServiceRequest,LO,1,FALSE
00402400,0040,2400,64,9216,Imaging Service Request Comments,ImagingServiceRequestComments,LT,1,FALSE
00403001,0040,3001,64,12289,Confidentiality Constraint on Patient Data Description,ConfidentialityConstraintOnPatientDataDescription,LO,1,FALSE
00404001,0040,4001,64,16385,General Purpose Scheduled Procedure Step Status,GeneralPurposeScheduledProcedureStepStatus,CS,1,TRUE
00404002,0040,4002,64,16386,General Purpose Performed Procedure Step Status,GeneralPurposePerformedProcedureStepStatus,CS,1,TRUE
00404003,0040,4003,64,16387,General Purpose Scheduled Procedure Step Priority,GeneralPurposeScheduledProcedureStepPriority,CS,1,TRUE
00404004,0040,4004,64,16388,Scheduled Processing Applications Code Sequence,ScheduledProcessingApplicationsCodeSequence,SQ,1,TRUE
00404005,0040,4005,64,16389,Scheduled Procedure Step Start DateTime,ScheduledProcedureStepStartDateTime,DT,1,FALSE
00404006,0040,4006,64,16390,Multiple Copies Flag,MultipleCopiesFlag,CS,1,TRUE
00404007,0040,4007,64,16391,Performed Processing Applications Code Sequence,PerformedProcessingApplicationsCodeSequence,SQ,1,TRUE
00404008,0040,4008,64,16392,Scheduled Procedure Step Expiration DateTime,ScheduledProcedureStepExpirationDateTime,DT,1,FALSE
00404009,0040,4009,64,16393,Human Performer Code Sequence,HumanPerformerCodeSequence,SQ,1,FALSE
00404010,0040,4010,64,16400,Scheduled Procedure Step Modification DateTime,ScheduledProcedureStepModificationDateTime,DT,1,FALSE
00404011,0040,4011,64,16401,Expected Completion DateTime,ExpectedCompletionDateTime,DT,1,FALSE
00404015,0040,4015,64,16405,Resulting General Purpose Performed Procedure Steps Sequence,ResultingGeneralPurposePerformedProcedureStepsSequence,SQ,1,TRUE
00404016,0040,4016,64,16406,Referenced General Purpose Scheduled Procedure Step Sequence,ReferencedGeneralPurposeScheduledProcedureStepSequence,SQ,1,TRUE
00404018,0040,4018,64,16408,Scheduled Workitem Code Sequence,ScheduledWorkitemCodeSequence,SQ,1,FALSE
00404019,0040,4019,64,16409,Performed Workitem Code Sequence,PerformedWorkitemCodeSequence,SQ,1,FALSE
00404020,0040,4020,64,16416,Input Availability Flag,InputAvailabilityFlag,CS,1,TRUE
00404021,0040,4021,64,16417,Input Information Sequence,InputInformationSequence,SQ,1,FALSE
00404022,0040,4022,64,16418,Relevant Information Sequence,RelevantInformationSequence,SQ,1,TRUE
00404023,0040,4023,64,16419,Referenced General Purpose Scheduled Procedure Step Transaction UID,ReferencedGeneralPurposeScheduledProcedureStepTransactionUID,UI,1,TRUE
00404025,0040,4025,64,16421,Scheduled Station Name Code Sequence,ScheduledStationNameCodeSequence,SQ,1,FALSE
00404026,0040,4026,64,16422,Scheduled Station Class Code Sequence,ScheduledStationClassCodeSequence,SQ,1,FALSE
00404027,0040,4027,64,16423,Scheduled Station Geographic Location Code Sequence,ScheduledStationGeographicLocationCodeSequence,SQ,1,FALSE
00404028,0040,4028,64,16424,Performed Station Name Code Sequence,PerformedStationNameCodeSequence,SQ,1,FALSE
00404029,0040,4029,64,16425,Performed Station Class Code Sequence,PerformedStationClassCodeSequence,SQ,1,FALSE
00404030,0040,4030,64,16432,Performed Station Geographic Location Code Sequence,PerformedStationGeographicLocationCodeSequence,SQ,1,FALSE
00404031,0040,4031,64,16433,Requested Subsequent Workitem Code Sequence,RequestedSubsequentWorkitemCodeSequence,SQ,1,TRUE
00404032,0040,4032,64,16434,Non-DICOM Output Code Sequence,NonDICOMOutputCodeSequence,SQ,1,TRUE
00404033,0040,4033,64,16435,Output Information Sequence,OutputInformationSequence,SQ,1,FALSE
00404034,0040,4034,64,16436,Scheduled Human Performers Sequence,ScheduledHumanPerformersSequence,SQ,1,FALSE
00404035,0040,4035,64,16437,Actual Human Performers Sequence,ActualHumanPerformersSequence,SQ,1,FALSE
00404036,0040,4036,64,16438,Human Performer's Organization,HumanPerformerOrganization,LO,1,FALSE
00404037,0040,4037,64,16439,Human Performer's Name,HumanPerformerName,PN,1,FALSE
00404040,0040,4040,64,16448,Raw Data Handling,RawDataHandling,CS,1,FALSE
00404041,0040,4041,64,16449,Input Readiness State,InputReadinessState,CS,1,FALSE
00404050,0040,4050,64,16464,Performed Procedure Step Start DateTime,PerformedProcedureStepStartDateTime,DT,1,FALSE
00404051,0040,4051,64,16465,Performed Procedure Step End DateTime,PerformedProcedureStepEndDateTime,DT,1,FALSE
00404052,0040,4052,64,16466,Procedure Step Cancellation DateTime,ProcedureStepCancellationDateTime,DT,1,FALSE
00404070,0040,4070,64,16496,Output Destination Sequence,OutputDestinationSequence,SQ,1,FALSE
00404071,0040,4071,64,16497,DICOM Storage Sequence,DICOMStorageSequence,SQ,1,FALSE
00404072,0040,4072,64,16498,STOW-RS Storage Sequence,STOWRSStorageSequence,SQ,1,FALSE
00404073,0040,4073,64,16499,Storage URL,StorageURL,UR,1,FALSE
00404074,0040,4074,64,16500,XDS Storage Sequence,XDSStorageSequence,SQ,1,FALSE
00408302,0040,8302,64,33538,Entrance Dose in mGy,EntranceDoseInmGy,DS,1,FALSE
00408303,0040,8303,64,33539,Entrance Dose Derivation,EntranceDoseDerivation,CS,1,FALSE
00409092,0040,9092,64,37010,Parametric Map Frame Type Sequence,ParametricMapFrameTypeSequence,SQ,1,FALSE
00409094,0040,9094,64,37012,Referenced Image Real World Value Mapping Sequence,ReferencedImageRealWorldValueMappingSequence,SQ,1,FALSE
00409096,0040,9096,64,37014,Real World Value Mapping Sequence,RealWorldValueMappingSequence,SQ,1,FALSE
00409098,0040,9098,64,37016,Pixel Value Mapping Code Sequence,PixelValueMappingCodeSequence,SQ,1,FALSE
00409210,0040,9210,64,37392,LUT Label,LUTLabel,SH,1,FALSE
00409211,0040,9211,64,37393,Real World Value Last Value Mapped,RealWorldValueLastValueMapped,US or SS,1,FALSE
00409212,0040,9212,64,37394,Real World Value LUT Data,RealWorldValueLUTData,FD,1-n,FALSE
00409213,0040,9213,64,37395,Double Float Real World Value Last Value Mapped,DoubleFloatRealWorldValueLastValueMapped,FD,1,FALSE
00409214,0040,9214,64,37396,Double Float Real World Value First Value Mapped,DoubleFloatRealWorldValueFirstValueMapped,FD,1,FALSE
00409216,0040,9216,64,37398,Real World Value First Value Mapped,RealWorldValueFirstValueMapped,US or SS,1,FALSE
00409220,0040,9220,64,37408,Quantity Definition Sequence,QuantityDefinitionSequence,SQ,1,FALSE
00409224,0040,9224,64,37412,Real World Value Intercept,RealWorldValueIntercept,FD,1,FALSE
00409225,0040,9225,64,37413,Real World Value Slope,RealWorldValueSlope,FD,1,FALSE
0040A007,0040,A007,64,40967,Findings Flag (Trial),FindingsFlagTrial,CS,1,TRUE
0040A010,0040,A010,64,40976,Relationship Type,RelationshipType,CS,1,FALSE
0040A020,0040,A020,64,40992,Findings Sequence (Trial),FindingsSequenceTrial,SQ,1,TRUE
0040A021,0040,A021,64,40993,Findings Group UID (Trial),FindingsGroupUIDTrial,UI,1,TRUE
0040A022,0040,A022,64,40994,Referenced Findings Group UID (Trial),ReferencedFindingsGroupUIDTrial,UI,1,TRUE
0040A023,0040,A023,64,40995,Findings Group Recording Date (Trial),FindingsGroupRecordingDateTrial,DA,1,TRUE
0040A024,0040,A024,64,40996,Findings Group Recording Time (Trial),FindingsGroupRecordingTimeTrial,TM,1,TRUE
0040A026,0040,A026,64,40998,Findings Source Category Code Sequence (Trial),FindingsSourceCategoryCodeSequenceTrial,SQ,1,TRUE
0040A027,0040,A027,64,40999,Verifying Organization,VerifyingOrganization,LO,1,FALSE
0040A028,0040,A028,64,41000,Documenting Organization Identifier Code Sequence (Trial),DocumentingOrganizationIdentifierCodeSequenceTrial,SQ,1,TRUE
0040A030,0040,A030,64,41008,Verification DateTime,VerificationDateTime,DT,1,FALSE
0040A032,0040,A032,64,41010,Observation DateTime,ObservationDateTime,DT,1,FALSE
0040A033,0040,A033,64,41011,Observation Start DateTime,ObservationStartDateTime,DT,1,FALSE
0040A040,0040,A040,64,41024,Value Type,ValueType,CS,1,FALSE
0040A043,0040,A043,64,41027,Concept Name Code Sequence,ConceptNameCodeSequence,SQ,1,FALSE
0040A047,0040,A047,64,41031,Measurement Precision Description (Trial),MeasurementPrecisionDescriptionTrial,LO,1,TRUE
0040A050,0040,A050,64,41040,Continuity Of Content,ContinuityOfContent,CS,1,FALSE
0040A057,0040,A057,64,41047,Urgency or Priority Alerts (Trial),UrgencyOrPriorityAlertsTrial,CS,1-n,TRUE
0040A060,0040,A060,64,41056,Sequencing Indicator (Trial),SequencingIndicatorTrial,LO,1,TRUE
0040A066,0040,A066,64,41062,Document Identifier Code Sequence (Trial),DocumentIdentifierCodeSequenceTrial,SQ,1,TRUE
0040A067,0040,A067,64,41063,Document Author (Trial),DocumentAuthorTrial,PN,1,TRUE
0040A068,0040,A068,64,41064,Document Author Identifier Code Sequence (Trial),DocumentAuthorIdentifierCodeSequenceTrial,SQ,1,TRUE
0040A070,0040,A070,64,41072,Identifier Code Sequence (Trial),IdentifierCodeSequenceTrial,SQ,1,TRUE
0040A073,0040,A073,64,41075,Verifying Observer Sequence,VerifyingObserverSequence,SQ,1,FALSE
0040A074,0040,A074,64,41076,Object Binary Identifier (Trial),ObjectBinaryIdentifierTrial,OB,1,TRUE
0040A075,0040,A075,64,41077,Verifying Observer Name,VerifyingObserverName,PN,1,FALSE
0040A076,0040,A076,64,41078,Documenting Observer Identifier Code Sequence (Trial),DocumentingObserverIdentifierCodeSequenceTrial,SQ,1,TRUE
0040A078,0040,A078,64,41080,Author Observer Sequence,AuthorObserverSequence,SQ,1,FALSE
0040A07A,0040,A07A,64,41082,Participant Sequence,ParticipantSequence,SQ,1,FALSE
0040A07C,0040,A07C,64,41084,Custodial Organization Sequence,CustodialOrganizationSequence,SQ,1,FALSE
0040A080,0040,A080,64,41088,Participation Type,ParticipationType,CS,1,FALSE
0040A082,0040,A082,64,41090,Participation DateTime,ParticipationDateTime,DT,1,FALSE
0040A084,0040,A084,64,41092,Observer Type,ObserverType,CS,1,FALSE
0040A085,0040,A085,64,41093,Procedure Identifier Code Sequence (Trial),ProcedureIdentifierCodeSequenceTrial,SQ,1,TRUE
0040A088,0040,A088,64,41096,Verifying Observer Identification Code Sequence,VerifyingObserverIdentificationCodeSequence,SQ,1,FALSE
0040A089,0040,A089,64,41097,Object Directory Binary Identifier (Trial),ObjectDirectoryBinaryIdentifierTrial,OB,1,TRUE
0040A090,0040,A090,64,41104,Equivalent CDA Document Sequence,EquivalentCDADocumentSequence,SQ,1,TRUE
0040A0B0,0040,A0B0,64,41136,Referenced Waveform Channels,ReferencedWaveformChannels,US,2-2n,FALSE
0040A110,0040,A110,64,41232,Date of Document or Verbal Transaction (Trial),DateOfDocumentOrVerbalTransactionTrial,DA,1,TRUE
0040A112,0040,A112,64,41234,Time of Document Creation or Verbal Transaction (Trial),TimeOfDocumentCreationOrVerbalTransactionTrial,TM,1,TRUE
0040A120,0040,A120,64,41248,DateTime,DateTime,DT,1,FALSE
0040A121,0040,A121,64,41249,Date,Date,DA,1,FALSE
0040A122,0040,A122,64,41250,Time,Time,TM,1,FALSE
0040A123,0040,A123,64,41251,Person Name,PersonName,PN,1,FALSE
0040A124,0040,A124,64,41252,UID,UID,UI,1,FALSE
0040A125,0040,A125,64,41253,Report Status ID (Trial),ReportStatusIDTrial,CS,2,TRUE
0040A130,0040,A130,64,41264,Temporal Range Type,TemporalRangeType,CS,1,FALSE
0040A132,0040,A132,64,41266,Referenced Sample Positions,ReferencedSamplePositions,UL,1-n,FALSE
0040A136,0040,A136,64,41270,Referenced Frame Numbers,ReferencedFrameNumbers,US,1-n,TRUE
0040A138,0040,A138,64,41272,Referenced Time Offsets,ReferencedTimeOffsets,DS,1-n,FALSE
0040A13A,0040,A13A,64,41274,Referenced DateTime,ReferencedDateTime,DT,1-n,FALSE
0040A160,0040,A160,64,41312,Text Value,TextValue,UT,1,FALSE
0040A161,0040,A161,64,41313,Floating Point Value,FloatingPointValue,FD,1-n,FALSE
0040A162,0040,A162,64,41314,Rational Numerator Value,RationalNumeratorValue,SL,1-n,FALSE
0040A163,0040,A163,64,41315,Rational Denominator Value,RationalDenominatorValue,UL,1-n,FALSE
0040A167,0040,A167,64,41319,Observation Category Code Sequence (Trial),ObservationCategoryCodeSequenceTrial,SQ,1,TRUE
0040A168,0040,A168,64,41320,Concept Code Sequence,ConceptCodeSequence,SQ,1,FALSE
0040A16A,0040,A16A,64,41322,Bibliographic Citation (Trial),BibliographicCitationTrial,ST,1,TRUE
0040A170,0040,A170,64,41328,Purpose of Reference Code Sequence,PurposeOfReferenceCodeSequence,SQ,1,FALSE
0040A171,0040,A171,64,41329,Observation UID,ObservationUID,UI,1,FALSE
0040A172,0040,A172,64,41330,Referenced Observation UID (Trial),ReferencedObservationUIDTrial,UI,1,TRUE
0040A173,0040,A173,64,41331,Referenced Observation Class (Trial),ReferencedObservationClassTrial,CS,1,TRUE
0040A174,0040,A174,64,41332,Referenced Object Observation Class (Trial),ReferencedObjectObservationClassTrial,CS,1,TRUE
0040A180,0040,A180,64,41344,Annotation Group Number,AnnotationGroupNumber,US,1,FALSE
0040A192,0040,A192,64,41362,Observation Date (Trial),ObservationDateTrial,DA,1,TRUE
0040A193,0040,A193,64,41363,Observation Time (Trial),ObservationTimeTrial,TM,1,TRUE
0040A194,0040,A194,64,41364,Measurement Automation (Trial),MeasurementAutomationTrial,CS,1,TRUE
0040A195,0040,A195,64,41365,Modifier Code Sequence,ModifierCodeSequence,SQ,1,FALSE
0040A224,0040,A224,64,41508,Identification Description (Trial),IdentificationDescriptionTrial,ST,1,TRUE
0040A290,0040,A290,64,41616,Coordinates Set Geometric Type (Trial),CoordinatesSetGeometricTypeTrial,CS,1,TRUE
0040A296,0040,A296,64,41622,Algorithm Code Sequence (Trial),AlgorithmCodeSequenceTrial,SQ,1,TRUE
0040A297,0040,A297,64,41623,Algorithm Description (Trial),AlgorithmDescriptionTrial,ST,1,TRUE
0040A29A,0040,A29A,64,41626,Pixel Coordinates Set (Trial),PixelCoordinatesSetTrial,SL,2-2n,TRUE
0040A300,0040,A300,64,41728,Measured Value Sequence,MeasuredValueSequence,SQ,1,FALSE
0040A301,0040,A301,64,41729,Numeric Value Qualifier Code Sequence,NumericValueQualifierCodeSequence,SQ,1,FALSE
0040A307,0040,A307,64,41735,Current Observer (Trial),CurrentObserverTrial,PN,1,TRUE
0040A30A,0040,A30A,64,41738,Numeric Value,NumericValue,DS,1-n,FALSE
0040A313,0040,A313,64,41747,Referenced Accession Sequence (Trial),ReferencedAccessionSequenceTrial,SQ,1,TRUE
0040A33A,0040,A33A,64,41786,Report Status Comment (Trial),ReportStatusCommentTrial,ST,1,TRUE
0040A340,0040,A340,64,41792,Procedure Context Sequence (Trial),ProcedureContextSequenceTrial,SQ,1,TRUE
0040A352,0040,A352,64,41810,Verbal Source (Trial),VerbalSourceTrial,PN,1,TRUE
0040A353,0040,A353,64,41811,Address (Trial),AddressTrial,ST,1,TRUE
0040A354,0040,A354,64,41812,Telephone Number (Trial),TelephoneNumberTrial,LO,1,TRUE
0040A358,0040,A358,64,41816,Verbal Source Identifier Code Sequence (Trial),VerbalSourceIdentifierCodeSequenceTrial,SQ,1,TRUE
0040A360,0040,A360,64,41824,Predecessor Documents Sequence,PredecessorDocumentsSequence,SQ,1,FALSE
0040A370,0040,A370,64,41840,Referenced Request Sequence,ReferencedRequestSequence,SQ,1,FALSE
0040A372,0040,A372,64,41842,Performed Procedure Code Sequence,PerformedProcedureCodeSequence,SQ,1,FALSE
0040A375,0040,A375,64,41845,Current Requested Procedure Evidence Sequence,CurrentRequestedProcedureEvidenceSequence,SQ,1,FALSE
0040A380,0040,A380,64,41856,Report Detail Sequence (Trial),ReportDetailSequenceTrial,SQ,1,TRUE
0040A385,0040,A385,64,41861,Pertinent Other Evidence Sequence,PertinentOtherEvidenceSequence,SQ,1,FALSE
0040A390,0040,A390,64,41872,HL7 Structured Document Reference Sequence,HL7StructuredDocumentReferenceSequence,SQ,1,FALSE
0040A402,0040,A402,64,41986,Observation Subject UID (Trial),ObservationSubjectUIDTrial,UI,1,TRUE
0040A403,0040,A403,64,41987,Observation Subject Class (Trial),ObservationSubjectClassTrial,CS,1,TRUE
0040A404,0040,A404,64,41988,Observation Subject Type Code Sequence (Trial),ObservationSubjectTypeCodeSequenceTrial,SQ,1,TRUE
0040A491,0040,A491,64,42129,Completion Flag,CompletionFlag,CS,1,FALSE
0040A492,0040,A492,64,42130,Completion Flag Description,CompletionFlagDescription,LO,1,FALSE
0040A493,0040,A493,64,42131,Verification Flag,VerificationFlag,CS,1,FALSE
0040A494,0040,A494,64,42132,Archive Requested,ArchiveRequested,CS,1,FALSE
0040A496,0040,A496,64,42134,Preliminary Flag,PreliminaryFlag,CS,1,FALSE
0040A504,0040,A504,64,42244,Content Template Sequence,ContentTemplateSequence,SQ,1,FALSE
0040A525,0040,A525,64,42277,Identical Documents Sequence,IdenticalDocumentsSequence,SQ,1,FALSE
0040A600,0040,A600,64,42496,Observation Subject Context Flag (Trial),ObservationSubjectContextFlagTrial,CS,1,TRUE
0040A601,0040,A601,64,42497,Observer Context Flag (Trial),ObserverContextFlagTrial,CS,1,TRUE
0040A603,0040,A603,64,42499,Procedure Context Flag (Trial),ProcedureContextFlagTrial,CS,1,TRUE
0040A730,0040,A730,64,42800,Content Sequence,ContentSequence,SQ,1,FALSE
0040A731,0040,A731,64,42801,Relationship Sequence (Trial),RelationshipSequenceTrial,SQ,1,TRUE
0040A732,0040,A732,64,42802,Relationship Type Code Sequence (Trial),RelationshipTypeCodeSequenceTrial,SQ,1,TRUE
0040A744,0040,A744,64,42820,Language Code Sequence (Trial),LanguageCodeSequenceTrial,SQ,1,TRUE
0040A801,0040,A801,64,43009,Tabulated Values Sequence,TabulatedValuesSequence,SQ,1,FALSE
0040A802,0040,A802,64,43010,Number of Table Rows,NumberOfTableRows,UL,1,FALSE
0040A803,0040,A803,64,43011,Number of Table Columns,NumberOfTableColumns,UL,1,FALSE
0040A804,0040,A804,64,43012,Table Row Number,TableRowNumber,UL,1,FALSE
0040A805,0040,A805,64,43013,Table Column Number,TableColumnNumber,UL,1,FALSE
0040A806,0040,A806,64,43014,Table Row Definition Sequence,TableRowDefinitionSequence,SQ,1,FALSE
0040A807,0040,A807,64,43015,Table Column Definition Sequence,TableColumnDefinitionSequence,SQ,1,FALSE
0040A808,0040,A808,64,43016,Cell Values Sequence,CellValuesSequence,SQ,1,FALSE
0040A992,0040,A992,64,43410,Uniform Resource Locator (Trial),UniformResourceLocatorTrial,ST,1,TRUE
0040B020,0040,B020,64,45088,Waveform Annotation Sequence,WaveformAnnotationSequence,SQ,1,FALSE
0040DB00,0040,DB00,64,56064,Template Identifier,TemplateIdentifier,CS,1,FALSE
0040DB06,0040,DB06,64,56070,Template Version,TemplateVersion,DT,1,TRUE
0040DB07,0040,DB07,64,56071,Template Local Version,TemplateLocalVersion,DT,1,TRUE
0040DB0B,0040,DB0B,64,56075,Template Extension Flag,TemplateExtensionFlag,CS,1,TRUE
0040DB0C,0040,DB0C,64,56076,Template Extension Organization UID,TemplateExtensionOrganizationUID,UI,1,TRUE
0040DB0D,0040,DB0D,64,56077,Template Extension Creator UID,TemplateExtensionCreatorUID,UI,1,TRUE
0040DB73,0040,DB73,64,56179,Referenced Content Item Identifier,ReferencedContentItemIdentifier,UL,1-n,FALSE
0040E001,0040,E001,64,57345,HL7 Instance Identifier,HL7InstanceIdentifier,ST,1,FALSE
0040E004,0040,E004,64,57348,HL7 Document Effective Time,HL7DocumentEffectiveTime,DT,1,FALSE
0040E006,0040,E006,64,57350,HL7 Document Type Code Sequence,HL7DocumentTypeCodeSequence,SQ,1,FALSE
0040E008,0040,E008,64,57352,Document Class Code Sequence,DocumentClassCodeSequence,SQ,1,FALSE
0040E010,0040,E010,64,57360,Retrieve URI,RetrieveURI,UR,1,FALSE
0040E011,0040,E011,64,57361,Retrieve Location UID,RetrieveLocationUID,UI,1,FALSE
0040E020,0040,E020,64,57376,Type of Instances,TypeOfInstances,CS,1,FALSE
0040E021,0040,E021,64,57377,DICOM Retrieval Sequence,DICOMRetrievalSequence,SQ,1,FALSE
0040E022,0040,E022,64,57378,DICOM Media Retrieval Sequence,DICOMMediaRetrievalSequence,SQ,1,FALSE
0040E023,0040,E023,64,57379,WADO Retrieval Sequence,WADORetrievalSequence,SQ,1,FALSE
0040E024,0040,E024,64,57380,XDS Retrieval Sequence,XDSRetrievalSequence,SQ,1,FALSE
0040E025,0040,E025,64,57381,WADO-RS Retrieval Sequence,WADORSRetrievalSequence,SQ,1,FALSE
0040E030,0040,E030,64,57392,Repository Unique ID,RepositoryUniqueID,UI,1,FALSE
0040E031,0040,E031,64,57393,Home Community ID,HomeCommunityID,UI,1,FALSE
00420010,0042,0010,66,16,Document Title,DocumentTitle,ST,1,FALSE
00420011,0042,0011,66,17,Encapsulated Document,EncapsulatedDocument,OB,1,FALSE
00420012,0042,0012,66,18,MIME Type of Encapsulated Document,MIMETypeOfEncapsulatedDocument,LO,1,FALSE
00420013,0042,0013,66,19,Source Instance Sequence,SourceInstanceSequence,SQ,1,FALSE
00420014,0042,0014,66,20,List of MIME Types,ListOfMIMETypes,LO,1-n,FALSE
00420015,0042,0015,66,21,Encapsulated Document Length,EncapsulatedDocumentLength,UL,1,FALSE
00440001,0044,0001,68,1,Product Package Identifier,ProductPackageIdentifier,ST,1,FALSE
00440002,0044,0002,68,2,Substance Administration Approval,SubstanceAdministrationApproval,CS,1,FALSE
00440003,0044,0003,68,3,Approval Status Further Description,ApprovalStatusFurtherDescription,LT,1,FALSE
00440004,0044,0004,68,4,Approval Status DateTime,ApprovalStatusDateTime,DT,1,FALSE
00440007,0044,0007,68,7,Product Type Code Sequence,ProductTypeCodeSequence,SQ,1,FALSE
00440008,0044,0008,68,8,Product Name,ProductName,LO,1-n,FALSE
00440009,0044,0009,68,9,Product Description,ProductDescription,LT,1,FALSE
0044000A,0044,000A,68,10,Product Lot Identifier,ProductLotIdentifier,LO,1,FALSE
0044000B,0044,000B,68,11,Product Expiration DateTime,ProductExpirationDateTime,DT,1,FALSE
00440010,0044,0010,68,16,Substance Administration DateTime,SubstanceAdministrationDateTime,DT,1,FALSE
00440011,0044,0011,68,17,Substance Administration Notes,SubstanceAdministrationNotes,LO,1,FALSE
00440012,0044,0012,68,18,Substance Administration Device ID,SubstanceAdministrationDeviceID,LO,1,FALSE
00440013,0044,0013,68,19,Product Parameter Sequence,ProductParameterSequence,SQ,1,FALSE
00440019,0044,0019,68,25,Substance Administration Parameter Sequence,SubstanceAdministrationParameterSequence,SQ,1,FALSE
00440100,0044,0100,68,256,Approval Sequence,ApprovalSequence,SQ,1,FALSE
00440101,0044,0101,68,257,Assertion Code Sequence,AssertionCodeSequence,SQ,1,FALSE
00440102,0044,0102,68,258,Assertion UID,AssertionUID,UI,1,FALSE
00440103,0044,0103,68,259,Asserter Identification Sequence,AsserterIdentificationSequence,SQ,1,FALSE
00440104,0044,0104,68,260,Assertion DateTime,AssertionDateTime,DT,1,FALSE
00440105,0044,0105,68,261,Assertion Expiration DateTime,AssertionExpirationDateTime,DT,1,FALSE
00440106,0044,0106,68,262,Assertion Comments,AssertionComments,UT,1,FALSE
00440107,0044,0107,68,263,Related Assertion Sequence,RelatedAssertionSequence,SQ,1,FALSE
00440108,0044,0108,68,264,Referenced Assertion UID,ReferencedAssertionUID,UI,1,FALSE
00440109,0044,0109,68,265,Approval Subject Sequence,ApprovalSubjectSequence,SQ,1,FALSE
0044010A,0044,010A,68,266,Organizational Role Code Sequence,OrganizationalRoleCodeSequence,SQ,1,FALSE
00460012,0046,0012,70,18,Lens Description,LensDescription,LO,1,FALSE
00460014,0046,0014,70,20,Right Lens Sequence,RightLensSequence,SQ,1,FALSE
00460015,0046,0015,70,21,Left Lens Sequence,LeftLensSequence,SQ,1,FALSE
00460016,0046,0016,70,22,Unspecified Laterality Lens Sequence,UnspecifiedLateralityLensSequence,SQ,1,FALSE
00460018,0046,0018,70,24,Cylinder Sequence,CylinderSequence,SQ,1,FALSE
00460028,0046,0028,70,40,Prism Sequence,PrismSequence,SQ,1,FALSE
00460030,0046,0030,70,48,Horizontal Prism Power,HorizontalPrismPower,FD,1,FALSE
00460032,0046,0032,70,50,Horizontal Prism Base,HorizontalPrismBase,CS,1,FALSE
00460034,0046,0034,70,52,Vertical Prism Power,VerticalPrismPower,FD,1,FALSE
00460036,0046,0036,70,54,Vertical Prism Base,VerticalPrismBase,CS,1,FALSE
00460038,0046,0038,70,56,Lens Segment Type,LensSegmentType,CS,1,FALSE
00460040,0046,0040,70,64,Optical Transmittance,OpticalTransmittance,FD,1,FALSE
00460042,0046,0042,70,66,Channel Width,ChannelWidth,FD,1,FALSE
00460044,0046,0044,70,68,Pupil Size,PupilSize,FD,1,FALSE
00460046,0046,0046,70,70,Corneal Size,CornealSize,FD,1,FALSE
00460047,0046,0047,70,71,Corneal Size Sequence,CornealSizeSequence,SQ,1,FALSE
00460050,0046,0050,70,80,Autorefraction Right Eye Sequence,AutorefractionRightEyeSequence,SQ,1,FALSE
00460052,0046,0052,70,82,Autorefraction Left Eye Sequence,AutorefractionLeftEyeSequence,SQ,1,FALSE
00460060,0046,0060,70,96,Distance Pupillary Distance,DistancePupillaryDistance,FD,1,FALSE
00460062,0046,0062,70,98,Near Pupillary Distance,NearPupillaryDistance,FD,1,FALSE
00460063,0046,0063,70,99,Intermediate Pupillary Distance,IntermediatePupillaryDistance,FD,1,FALSE
00460064,0046,0064,70,100,Other Pupillary Distance,OtherPupillaryDistance,FD,1,FALSE
00460070,0046,0070,70,112,Keratometry Right Eye Sequence,KeratometryRightEyeSequence,SQ,1,FALSE
00460071,0046,0071,70,113,Keratometry Left Eye Sequence,KeratometryLeftEyeSequence,SQ,1,FALSE
00460074,0046,0074,70,116,Steep Keratometric Axis Sequence,SteepKeratometricAxisSequence,SQ,1,FALSE
00460075,0046,0075,70,117,Radius of Curvature,RadiusOfCurvature,FD,1,FALSE
00460076,0046,0076,70,118,Keratometric Power,KeratometricPower,FD,1,FALSE
00460077,0046,0077,70,119,Keratometric Axis,KeratometricAxis,FD,1,FALSE
00460080,0046,0080,70,128,Flat Keratometric Axis Sequence,FlatKeratometricAxisSequence,SQ,1,FALSE
00460092,0046,0092,70,146,Background Color,BackgroundColor,CS,1,FALSE
00460094,0046,0094,70,148,Optotype,Optotype,CS,1,FALSE
00460095,0046,0095,70,149,Optotype Presentation,OptotypePresentation,CS,1,FALSE
00460097,0046,0097,70,151,Subjective Refraction Right Eye Sequence,SubjectiveRefractionRightEyeSequence,SQ,1,FALSE
00460098,0046,0098,70,152,Subjective Refraction Left Eye Sequence,SubjectiveRefractionLeftEyeSequence,SQ,1,FALSE
00460100,0046,0100,70,256,Add Near Sequence,AddNearSequence,SQ,1,FALSE
00460101,0046,0101,70,257,Add Intermediate Sequence,AddIntermediateSequence,SQ,1,FALSE
00460102,0046,0102,70,258,Add Other Sequence,AddOtherSequence,SQ,1,FALSE
00460104,0046,0104,70,260,Add Power,AddPower,FD,1,FALSE
00460106,0046,0106,70,262,Viewing Distance,ViewingDistance,FD,1,FALSE
00460110,0046,0110,70,272,Cornea Measurements Sequence,CorneaMeasurementsSequence,SQ,1,FALSE
00460111,0046,0111,70,273,Source of Cornea Measurement Data Code Sequence,SourceOfCorneaMeasurementDataCodeSequence,SQ,1,FALSE
00460112,0046,0112,70,274,Steep Corneal Axis Sequence,SteepCornealAxisSequence,SQ,1,FALSE
00460113,0046,0113,70,275,Flat Corneal Axis Sequence,FlatCornealAxisSequence,SQ,1,FALSE
00460114,0046,0114,70,276,Corneal Power,CornealPower,FD,1,FALSE
00460115,0046,0115,70,277,Corneal Axis,CornealAxis,FD,1,FALSE
00460116,0046,0116,70,278,Cornea Measurement Method Code Sequence,CorneaMeasurementMethodCodeSequence,SQ,1,FALSE
00460117,0046,0117,70,279,Refractive Index of Cornea,RefractiveIndexOfCornea,FL,1,FALSE
00460118,0046,0118,70,280,Refractive Index of Aqueous Humor,RefractiveIndexOfAqueousHumor,FL,1,FALSE
00460121,0046,0121,70,289,Visual Acuity Type Code Sequence,VisualAcuityTypeCodeSequence,SQ,1,FALSE
00460122,0046,0122,70,290,Visual Acuity Right Eye Sequence,VisualAcuityRightEyeSequence,SQ,1,FALSE
00460123,0046,0123,70,291,Visual Acuity Left Eye Sequence,VisualAcuityLeftEyeSequence,SQ,1,FALSE
00460124,0046,0124,70,292,Visual Acuity Both Eyes Open Sequence,VisualAcuityBothEyesOpenSequence,SQ,1,FALSE
00460125,0046,0125,70,293,Viewing Distance Type,ViewingDistanceType,CS,1,FALSE
00460135,0046,0135,70,309,Visual Acuity Modifiers,VisualAcuityModifiers,SS,2,FALSE
00460137,0046,0137,70,311,Decimal Visual Acuity,DecimalVisualAcuity,FD,1,FALSE
00460139,0046,0139,70,313,Optotype Detailed Definition,OptotypeDetailedDefinition,LO,1,FALSE
00460145,0046,0145,70,325,Referenced Refractive Measurements Sequence,ReferencedRefractiveMeasurementsSequence,SQ,1,FALSE
00460146,0046,0146,70,326,Sphere Power,SpherePower,FD,1,FALSE
00460147,0046,0147,70,327,Cylinder Power,CylinderPower,FD,1,FALSE
00460201,0046,0201,70,513,Corneal Topography Surface,CornealTopographySurface,CS,1,FALSE
00460202,0046,0202,70,514,Corneal Vertex Location,CornealVertexLocation,FL,2,FALSE
00460203,0046,0203,70,515,Pupil Centroid X-Coordinate,PupilCentroidXCoordinate,FL,1,FALSE
00460204,0046,0204,70,516,Pupil Centroid Y-Coordinate,PupilCentroidYCoordinate,FL,1,FALSE
00460205,0046,0205,70,517,Equivalent Pupil Radius,EquivalentPupilRadius,FL,1,FALSE
00460207,0046,0207,70,519,Corneal Topography Map Type Code Sequence,CornealTopographyMapTypeCodeSequence,SQ,1,FALSE
00460208,0046,0208,70,520,Vertices of the Outline of Pupil,VerticesOfTheOutlineOfPupil,IS,2-2n,FALSE
00460210,0046,0210,70,528,Corneal Topography Mapping Normals Sequence,CornealTopographyMappingNormalsSequence,SQ,1,FALSE
00460211,0046,0211,70,529,Maximum Corneal Curvature Sequence,MaximumCornealCurvatureSequence,SQ,1,FALSE
00460212,0046,0212,70,530,Maximum Corneal Curvature,MaximumCornealCurvature,FL,1,FALSE
00460213,0046,0213,70,531,Maximum Corneal Curvature Location,MaximumCornealCurvatureLocation,FL,2,FALSE
00460215,0046,0215,70,533,Minimum Keratometric Sequence,MinimumKeratometricSequence,SQ,1,FALSE
00460218,0046,0218,70,536,Simulated Keratometric Cylinder Sequence,SimulatedKeratometricCylinderSequence,SQ,1,FALSE
00460220,0046,0220,70,544,Average Corneal Power,AverageCornealPower,FL,1,FALSE
00460224,0046,0224,70,548,Corneal I-S Value,CornealISValue,FL,1,FALSE
00460227,0046,0227,70,551,Analyzed Area,AnalyzedArea,FL,1,FALSE
00460230,0046,0230,70,560,Surface Regularity Index,SurfaceRegularityIndex,FL,1,FALSE
00460232,0046,0232,70,562,Surface Asymmetry Index,SurfaceAsymmetryIndex,FL,1,FALSE
00460234,0046,0234,70,564,Corneal Eccentricity Index,CornealEccentricityIndex,FL,1,FALSE
00460236,0046,0236,70,566,Keratoconus Prediction Index,KeratoconusPredictionIndex,FL,1,FALSE
00460238,0046,0238,70,568,Decimal Potential Visual Acuity,DecimalPotentialVisualAcuity,FL,1,FALSE
00460242,0046,0242,70,578,Corneal Topography Map Quality Evaluation,CornealTopographyMapQualityEvaluation,CS,1,FALSE
00460244,0046,0244,70,580,Source Image Corneal Processed Data Sequence,SourceImageCornealProcessedDataSequence,SQ,1,FALSE
00460247,0046,0247,70,583,Corneal Point Location,CornealPointLocation,FL,3,FALSE
00460248,0046,0248,70,584,Corneal Point Estimated,CornealPointEstimated,CS,1,FALSE
00460249,0046,0249,70,585,Axial Power,AxialPower,FL,1,FALSE
00460250,0046,0250,70,592,Tangential Power,TangentialPower,FL,1,FALSE
00460251,0046,0251,70,593,Refractive Power,RefractivePower,FL,1,FALSE
00460252,0046,0252,70,594,Relative Elevation,RelativeElevation,FL,1,FALSE
00460253,0046,0253,70,595,Corneal Wavefront,CornealWavefront,FL,1,FALSE
00480001,0048,0001,72,1,Imaged Volume Width,ImagedVolumeWidth,FL,1,FALSE
00480002,0048,0002,72,2,Imaged Volume Height,ImagedVolumeHeight,FL,1,FALSE
00480003,0048,0003,72,3,Imaged Volume Depth,ImagedVolumeDepth,FL,1,FALSE
00480006,0048,0006,72,6,Total Pixel Matrix Columns,TotalPixelMatrixColumns,UL,1,FALSE
00480007,0048,0007,72,7,Total Pixel Matrix Rows,TotalPixelMatrixRows,UL,1,FALSE
00480008,0048,0008,72,8,Total Pixel Matrix Origin Sequence,TotalPixelMatrixOriginSequence,SQ,1,FALSE
00480010,0048,0010,72,16,Specimen Label in Image,SpecimenLabelInImage,CS,1,FALSE
00480011,0048,0011,72,17,Focus Method,FocusMethod,CS,1,FALSE
00480012,0048,0012,72,18,Extended Depth of Field,ExtendedDepthOfField,CS,1,FALSE
00480013,0048,0013,72,19,Number of Focal Planes,NumberOfFocalPlanes,US,1,FALSE
00480014,0048,0014,72,20,Distance Between Focal Planes,DistanceBetweenFocalPlanes,FL,1,FALSE
00480015,0048,0015,72,21,Recommended Absent Pixel CIELab Value,RecommendedAbsentPixelCIELabValue,US,3,FALSE
00480100,0048,0100,72,256,Illuminator Type Code Sequence,IlluminatorTypeCodeSequence,SQ,1,FALSE
00480102,0048,0102,72,258,Image Orientation (Slide),ImageOrientationSlide,DS,6,FALSE
00480105,0048,0105,72,261,Optical Path Sequence,OpticalPathSequence,SQ,1,FALSE
00480106,0048,0106,72,262,Optical Path Identifier,OpticalPathIdentifier,SH,1,FALSE
00480107,0048,0107,72,263,Optical Path Description,OpticalPathDescription,ST,1,FALSE
00480108,0048,0108,72,264,Illumination Color Code Sequence,IlluminationColorCodeSequence,SQ,1,FALSE
00480110,0048,0110,72,272,Specimen Reference Sequence,SpecimenReferenceSequence,SQ,1,FALSE
00480111,0048,0111,72,273,Condenser Lens Power,CondenserLensPower,DS,1,FALSE
00480112,0048,0112,72,274,Objective Lens Power,ObjectiveLensPower,DS,1,FALSE
00480113,0048,0113,72,275,Objective Lens Numerical Aperture,ObjectiveLensNumericalAperture,DS,1,FALSE
00480120,0048,0120,72,288,Palette Color Lookup Table Sequence,PaletteColorLookupTableSequence,SQ,1,FALSE
00480200,0048,0200,72,512,Referenced Image Navigation Sequence,ReferencedImageNavigationSequence,SQ,1,TRUE
00480201,0048,0201,72,513,Top Left Hand Corner of Localizer Area,TopLeftHandCornerOfLocalizerArea,US,2,TRUE
00480202,0048,0202,72,514,Bottom Right Hand Corner of Localizer Area,BottomRightHandCornerOfLocalizerArea,US,2,TRUE
00480207,0048,0207,72,519,Optical Path Identification Sequence,OpticalPathIdentificationSequence,SQ,1,FALSE
0048021A,0048,021A,72,538,Plane Position (Slide) Sequence,PlanePositionSlideSequence,SQ,1,FALSE
0048021E,0048,021E,72,542,Column Position In Total Image Pixel Matrix,ColumnPositionInTotalImagePixelMatrix,SL,1,FALSE
0048021F,0048,021F,72,543,Row Position In Total Image Pixel Matrix,RowPositionInTotalImagePixelMatrix,SL,1,FALSE
00480301,0048,0301,72,769,Pixel Origin Interpretation,PixelOriginInterpretation,CS,1,FALSE
00480302,0048,0302,72,770,Number of Optical Paths,NumberOfOpticalPaths,UL,1,FALSE
00480303,0048,0303,72,771,Total Pixel Matrix Focal Planes,TotalPixelMatrixFocalPlanes,UL,1,FALSE
00500004,0050,0004,80,4,Calibration Image,CalibrationImage,CS,1,FALSE
00500010,0050,0010,80,16,Device Sequence,DeviceSequence,SQ,1,FALSE
00500012,0050,0012,80,18,Container Component Type Code Sequence,ContainerComponentTypeCodeSequence,SQ,1,FALSE
00500013,0050,0013,80,19,Container Component Thickness,ContainerComponentThickness,FD,1,FALSE
00500014,0050,0014,80,20,Device Length,DeviceLength,DS,1,FALSE
00500015,0050,0015,80,21,Container Component Width,ContainerComponentWidth,FD,1,FALSE
00500016,0050,0016,80,22,Device Diameter,DeviceDiameter,DS,1,FALSE
00500017,0050,0017,80,23,Device Diameter Units,DeviceDiameterUnits,CS,1,FALSE
00500018,0050,0018,80,24,Device Volume,DeviceVolume,DS,1,FALSE
00500019,0050,0019,80,25,Inter-Marker Distance,InterMarkerDistance,DS,1,FALSE
0050001A,0050,001A,80,26,Container Component Material,ContainerComponentMaterial,CS,1,FALSE
0050001B,0050,001B,80,27,Container Component ID,ContainerComponentID,LO,1,FALSE
0050001C,0050,001C,80,28,Container Component Length,ContainerComponentLength,FD,1,FALSE
0050001D,0050,001D,80,29,Container Component Diameter,ContainerComponentDiameter,FD,1,FALSE
0050001E,0050,001E,80,30,Container Component Description,ContainerComponentDescription,LO,1,FALSE
00500020,0050,0020,80,32,Device Description,DeviceDescription,LO,1,FALSE
00500021,0050,0021,80,33,Long Device Description,LongDeviceDescription,ST,1,FALSE
00520001,0052,0001,82,1,Contrast/Bolus Ingredient Percent by Volume,ContrastBolusIngredientPercentByVolume,FL,1,FALSE
00520002,0052,0002,82,2,OCT Focal Distance,OCTFocalDistance,FD,1,FALSE
00520003,0052,0003,82,3,Beam Spot Size,BeamSpotSize,FD,1,FALSE
00520004,0052,0004,82,4,Effective Refractive Index,EffectiveRefractiveIndex,FD,1,FALSE
00520006,0052,0006,82,6,OCT Acquisition Domain,OCTAcquisitionDomain,CS,1,FALSE
00520007,0052,0007,82,7,OCT Optical Center Wavelength,OCTOpticalCenterWavelength,FD,1,FALSE
00520008,0052,0008,82,8,Axial Resolution,AxialResolution,FD,1,FALSE
00520009,0052,0009,82,9,Ranging Depth,RangingDepth,FD,1,FALSE
00520011,0052,0011,82,17,A-line Rate,ALineRate,FD,1,FALSE
00520012,0052,0012,82,18,A-lines Per Frame,ALinesPerFrame,US,1,FALSE
00520013,0052,0013,82,19,Catheter Rotational Rate,CatheterRotationalRate,FD,1,FALSE
00520014,0052,0014,82,20,A-line Pixel Spacing,ALinePixelSpacing,FD,1,FALSE
00520016,0052,0016,82,22,Mode of Percutaneous Access Sequence,ModeOfPercutaneousAccessSequence,SQ,1,FALSE
00520025,0052,0025,82,37,Intravascular OCT Frame Type Sequence,IntravascularOCTFrameTypeSequence,SQ,1,FALSE
00520026,0052,0026,82,38,OCT Z Offset Applied,OCTZOffsetApplied,CS,1,FALSE
00520027,0052,0027,82,39,Intravascular Frame Content Sequence,IntravascularFrameContentSequence,SQ,1,FALSE
00520028,0052,0028,82,40,Intravascular Longitudinal Distance,IntravascularLongitudinalDistance,FD,1,FALSE
00520029,0052,0029,82,41,Intravascular OCT Frame Content Sequence,IntravascularOCTFrameContentSequence,SQ,1,FALSE
00520030,0052,0030,82,48,OCT Z Offset Correction,OCTZOffsetCorrection,SS,1,FALSE
00520031,0052,0031,82,49,Catheter Direction of Rotation,CatheterDirectionOfRotation,CS,1,FALSE
00520033,0052,0033,82,51,Seam Line Location,SeamLineLocation,FD,1,FALSE
00520034,0052,0034,82,52,First A-line Location,FirstALineLocation,FD,1,FALSE
00520036,0052,0036,82,54,Seam Line Index,SeamLineIndex,US,1,FALSE
00520038,0052,0038,82,56,Number of Padded A-lines,NumberOfPaddedALines,US,1,FALSE
00520039,0052,0039,82,57,Interpolation Type,InterpolationType,CS,1,FALSE
0052003A,0052,003A,82,58,Refractive Index Applied,RefractiveIndexApplied,CS,1,FALSE
00540010,0054,0010,84,16,Energy Window Vector,EnergyWindowVector,US,1-n,FALSE
00540011,0054,0011,84,17,Number of Energy Windows,NumberOfEnergyWindows,US,1,FALSE
00540012,0054,0012,84,18,Energy Window Information Sequence,EnergyWindowInformationSequence,SQ,1,FALSE
00540013,0054,0013,84,19,Energy Window Range Sequence,EnergyWindowRangeSequence,SQ,1,FALSE
00540014,0054,0014,84,20,Energy Window Lower Limit,EnergyWindowLowerLimit,DS,1,FALSE
00540015,0054,0015,84,21,Energy Window Upper Limit,EnergyWindowUpperLimit,DS,1,FALSE
00540016,0054,0016,84,22,Radiopharmaceutical Information Sequence,RadiopharmaceuticalInformationSequence,SQ,1,FALSE
00540017,0054,0017,84,23,Residual Syringe Counts,ResidualSyringeCounts,IS,1,FALSE
00540018,0054,0018,84,24,Energy Window Name,EnergyWindowName,SH,1,FALSE
00540020,0054,0020,84,32,Detector Vector,DetectorVector,US,1-n,FALSE
00540021,0054,0021,84,33,Number of Detectors,NumberOfDetectors,US,1,FALSE
00540022,0054,0022,84,34,Detector Information Sequence,DetectorInformationSequence,SQ,1,FALSE
00540030,0054,0030,84,48,Phase Vector,PhaseVector,US,1-n,FALSE
00540031,0054,0031,84,49,Number of Phases,NumberOfPhases,US,1,FALSE
00540032,0054,0032,84,50,Phase Information Sequence,PhaseInformationSequence,SQ,1,FALSE
00540033,0054,0033,84,51,Number of Frames in Phase,NumberOfFramesInPhase,US,1,FALSE
00540036,0054,0036,84,54,Phase Delay,PhaseDelay,IS,1,FALSE
00540038,0054,0038,84,56,Pause Between Frames,PauseBetweenFrames,IS,1,FALSE
00540039,0054,0039,84,57,Phase Description,PhaseDescription,CS,1,FALSE
00540050,0054,0050,84,80,Rotation Vector,RotationVector,US,1-n,FALSE
00540051,0054,0051,84,81,Number of Rotations,NumberOfRotations,US,1,FALSE
00540052,0054,0052,84,82,Rotation Information Sequence,RotationInformationSequence,SQ,1,FALSE
00540053,0054,0053,84,83,Number of Frames in Rotation,NumberOfFramesInRotation,US,1,FALSE
00540060,0054,0060,84,96,R-R Interval Vector,RRIntervalVector,US,1-n,FALSE
00540061,0054,0061,84,97,Number of R-R Intervals,NumberOfRRIntervals,US,1,FALSE
00540062,0054,0062,84,98,Gated Information Sequence,GatedInformationSequence,SQ,1,FALSE
00540063,0054,0063,84,99,Data Information Sequence,DataInformationSequence,SQ,1,FALSE
00540070,0054,0070,84,112,Time Slot Vector,TimeSlotVector,US,1-n,FALSE
00540071,0054,0071,84,113,Number of Time Slots,NumberOfTimeSlots,US,1,FALSE
00540072,0054,0072,84,114,Time Slot Information Sequence,TimeSlotInformationSequence,SQ,1,FALSE
00540073,0054,0073,84,115,Time Slot Time,TimeSlotTime,DS,1,FALSE
00540080,0054,0080,84,128,Slice Vector,SliceVector,US,1-n,FALSE
00540081,0054,0081,84,129,Number of Slices,NumberOfSlices,US,1,FALSE
00540090,0054,0090,84,144,Angular View Vector,AngularViewVector,US,1-n,FALSE
00540100,0054,0100,84,256,Time Slice Vector,TimeSliceVector,US,1-n,FALSE
00540101,0054,0101,84,257,Number of Time Slices,NumberOfTimeSlices,US,1,FALSE
00540200,0054,0200,84,512,Start Angle,StartAngle,DS,1,FALSE
00540202,0054,0202,84,514,Type of Detector Motion,TypeOfDetectorMotion,CS,1,FALSE
00540210,0054,0210,84,528,Trigger Vector,TriggerVector,IS,1-n,FALSE
00540211,0054,0211,84,529,Number of Triggers in Phase,NumberOfTriggersInPhase,US,1,FALSE
00540220,0054,0220,84,544,View Code Sequence,ViewCodeSequence,SQ,1,FALSE
00540222,0054,0222,84,546,View Modifier Code Sequence,ViewModifierCodeSequence,SQ,1,FALSE
00540300,0054,0300,84,768,Radionuclide Code Sequence,RadionuclideCodeSequence,SQ,1,FALSE
00540302,0054,0302,84,770,Administration Route Code Sequence,AdministrationRouteCodeSequence,SQ,1,FALSE
00540304,0054,0304,84,772,Radiopharmaceutical Code Sequence,RadiopharmaceuticalCodeSequence,SQ,1,FALSE
00540306,0054,0306,84,774,Calibration Data Sequence,CalibrationDataSequence,SQ,1,FALSE
00540308,0054,0308,84,776,Energy Window Number,EnergyWindowNumber,US,1,FALSE
00540400,0054,0400,84,1024,Image ID,ImageID,SH,1,FALSE
00540410,0054,0410,84,1040,Patient Orientation Code Sequence,PatientOrientationCodeSequence,SQ,1,FALSE
00540412,0054,0412,84,1042,Patient Orientation Modifier Code Sequence,PatientOrientationModifierCodeSequence,SQ,1,FALSE
00540414,0054,0414,84,1044,Patient Gantry Relationship Code Sequence,PatientGantryRelationshipCodeSequence,SQ,1,FALSE
00540500,0054,0500,84,1280,Slice Progression Direction,SliceProgressionDirection,CS,1,FALSE
00540501,0054,0501,84,1281,Scan Progression Direction,ScanProgressionDirection,CS,1,FALSE
00541000,0054,1000,84,4096,Series Type,SeriesType,CS,2,FALSE
00541001,0054,1001,84,4097,Units,Units,CS,1,FALSE
00541002,0054,1002,84,4098,Counts Source,CountsSource,CS,1,FALSE
00541004,0054,1004,84,4100,Reprojection Method,ReprojectionMethod,CS,1,FALSE
00541006,0054,1006,84,4102,SUV Type,SUVType,CS,1,FALSE
00541100,0054,1100,84,4352,Randoms Correction Method,RandomsCorrectionMethod,CS,1,FALSE
00541101,0054,1101,84,4353,Attenuation Correction Method,AttenuationCorrectionMethod,LO,1,FALSE
00541102,0054,1102,84,4354,Decay Correction,DecayCorrection,CS,1,FALSE
00541103,0054,1103,84,4355,Reconstruction Method,ReconstructionMethod,LO,1,FALSE
00541104,0054,1104,84,4356,Detector Lines of Response Used,DetectorLinesOfResponseUsed,LO,1,FALSE
00541105,0054,1105,84,4357,Scatter Correction Method,ScatterCorrectionMethod,LO,1,FALSE
00541200,0054,1200,84,4608,Axial Acceptance,AxialAcceptance,DS,1,FALSE
00541201,0054,1201,84,4609,Axial Mash,AxialMash,IS,2,FALSE
00541202,0054,1202,84,4610,Transverse Mash,TransverseMash,IS,1,FALSE
00541203,0054,1203,84,4611,Detector Element Size,DetectorElementSize,DS,2,FALSE
00541210,0054,1210,84,4624,Coincidence Window Width,CoincidenceWindowWidth,DS,1,FALSE
00541220,0054,1220,84,4640,Secondary Counts Type,SecondaryCountsType,CS,1-n,FALSE
00541300,0054,1300,84,4864,Frame Reference Time,FrameReferenceTime,DS,1,FALSE
00541310,0054,1310,84,4880,Primary (Prompts) Counts Accumulated,PrimaryPromptsCountsAccumulated,IS,1,FALSE
00541311,0054,1311,84,4881,Secondary Counts Accumulated,SecondaryCountsAccumulated,IS,1-n,FALSE
00541320,0054,1320,84,4896,Slice Sensitivity Factor,SliceSensitivityFactor,DS,1,FALSE
00541321,0054,1321,84,4897,Decay Factor,DecayFactor,DS,1,FALSE
00541322,0054,1322,84,4898,Dose Calibration Factor,DoseCalibrationFactor,DS,1,FALSE
00541323,0054,1323,84,4899,Scatter Fraction Factor,ScatterFractionFactor,DS,1,FALSE
00541324,0054,1324,84,4900,Dead Time Factor,DeadTimeFactor,DS,1,FALSE
00541330,0054,1330,84,4912,Image Index,ImageIndex,US,1,FALSE
00541400,0054,1400,84,5120,Counts Included,CountsIncluded,CS,1-n,TRUE
00541401,0054,1401,84,5121,Dead Time Correction Flag,DeadTimeCorrectionFlag,CS,1,TRUE
00603000,0060,3000,96,12288,Histogram Sequence,HistogramSequence,SQ,1,FALSE
00603002,0060,3002,96,12290,Histogram Number of Bins,HistogramNumberOfBins,US,1,FALSE
00603004,0060,3004,96,12292,Histogram First Bin Value,HistogramFirstBinValue,US or SS,1,FALSE
00603006,0060,3006,96,12294,Histogram Last Bin Value,HistogramLastBinValue,US or SS,1,FALSE
00603008,0060,3008,96,12296,Histogram Bin Width,HistogramBinWidth,US,1,FALSE
00603010,0060,3010,96,12304,Histogram Explanation,HistogramExplanation,LO,1,FALSE
00603020,0060,3020,96,12320,Histogram Data,HistogramData,UL,1-n,FALSE
00620001,0062,0001,98,1,Segmentation Type,SegmentationType,CS,1,FALSE
00620002,0062,0002,98,2,Segment Sequence,SegmentSequence,SQ,1,FALSE
00620003,0062,0003,98,3,Segmented Property Category Code Sequence,SegmentedPropertyCategoryCodeSequence,SQ,1,FALSE
00620004,0062,0004,98,4,Segment Number,SegmentNumber,US,1,FALSE
00620005,0062,0005,98,5,Segment Label,SegmentLabel,LO,1,FALSE
00620006,0062,0006,98,6,Segment Description,SegmentDescription,ST,1,FALSE
00620007,0062,0007,98,7,Segmentation Algorithm Identification Sequence,SegmentationAlgorithmIdentificationSequence,SQ,1,FALSE
00620008,0062,0008,98,8,Segment Algorithm Type,SegmentAlgorithmType,CS,1,FALSE
00620009,0062,0009,98,9,Segment Algorithm Name,SegmentAlgorithmName,LO,1-n,FALSE
0062000A,0062,000A,98,10,Segment Identification Sequence,SegmentIdentificationSequence,SQ,1,FALSE
0062000B,0062,000B,98,11,Referenced Segment Number,ReferencedSegmentNumber,US,1-n,FALSE
0062000C,0062,000C,98,12,Recommended Display Grayscale Value,RecommendedDisplayGrayscaleValue,US,1,FALSE
0062000D,0062,000D,98,13,Recommended Display CIELab Value,RecommendedDisplayCIELabValue,US,3,FALSE
0062000E,0062,000E,98,14,Maximum Fractional Value,MaximumFractionalValue,US,1,FALSE
0062000F,0062,000F,98,15,Segmented Property Type Code Sequence,SegmentedPropertyTypeCodeSequence,SQ,1,FALSE
00620010,0062,0010,98,16,Segmentation Fractional Type,SegmentationFractionalType,CS,1,FALSE
00620011,0062,0011,98,17,Segmented Property Type Modifier Code Sequence,SegmentedPropertyTypeModifierCodeSequence,SQ,1,FALSE
00620012,0062,0012,98,18,Used Segments Sequence,UsedSegmentsSequence,SQ,1,FALSE
00620013,0062,0013,98,19,Segments Overlap,SegmentsOverlap,CS,1,FALSE
00620020,0062,0020,98,32,Tracking ID,TrackingID,UT,1,FALSE
00620021,0062,0021,98,33,Tracking UID,TrackingUID,UI,1,FALSE
00640002,0064,0002,100,2,Deformable Registration Sequence,DeformableRegistrationSequence,SQ,1,FALSE
00640003,0064,0003,100,3,Source Frame of Reference UID,SourceFrameOfReferenceUID,UI,1,FALSE
00640005,0064,0005,100,5,Deformable Registration Grid Sequence,DeformableRegistrationGridSequence,SQ,1,FALSE
00640007,0064,0007,100,7,Grid Dimensions,GridDimensions,UL,3,FALSE
00640008,0064,0008,100,8,Grid Resolution,GridResolution,FD,3,FALSE
00640009,0064,0009,100,9,Vector Grid Data,VectorGridData,OF,1,FALSE
0064000F,0064,000F,100,15,Pre Deformation Matrix Registration Sequence,PreDeformationMatrixRegistrationSequence,SQ,1,FALSE
00640010,0064,0010,100,16,Post Deformation Matrix Registration Sequence,PostDeformationMatrixRegistrationSequence,SQ,1,FALSE
00660001,0066,0001,102,1,Number of Surfaces,NumberOfSurfaces,UL,1,FALSE
00660002,0066,0002,102,2,Surface Sequence,SurfaceSequence,SQ,1,FALSE
00660003,0066,0003,102,3,Surface Number,SurfaceNumber,UL,1,FALSE
00660004,0066,0004,102,4,Surface Comments,SurfaceComments,LT,1,FALSE
00660009,0066,0009,102,9,Surface Processing,SurfaceProcessing,CS,1,FALSE
0066000A,0066,000A,102,10,Surface Processing Ratio,SurfaceProcessingRatio,FL,1,FALSE
0066000B,0066,000B,102,11,Surface Processing Description,SurfaceProcessingDescription,LO,1,FALSE
0066000C,0066,000C,102,12,Recommended Presentation Opacity,RecommendedPresentationOpacity,FL,1,FALSE
0066000D,0066,000D,102,13,Recommended Presentation Type,RecommendedPresentationType,CS,1,FALSE
0066000E,0066,000E,102,14,Finite Volume,FiniteVolume,CS,1,FALSE
00660010,0066,0010,102,16,Manifold,Manifold,CS,1,FALSE
00660011,0066,0011,102,17,Surface Points Sequence,SurfacePointsSequence,SQ,1,FALSE
00660012,0066,0012,102,18,Surface Points Normals Sequence,SurfacePointsNormalsSequence,SQ,1,FALSE
00660013,0066,0013,102,19,Surface Mesh Primitives Sequence,SurfaceMeshPrimitivesSequence,SQ,1,FALSE
00660015,0066,0015,102,21,Number of Surface Points,NumberOfSurfacePoints,UL,1,FALSE
00660016,0066,0016,102,22,Point Coordinates Data,PointCoordinatesData,OF,1,FALSE
00660017,0066,0017,102,23,Point Position Accuracy,PointPositionAccuracy,FL,3,FALSE
00660018,0066,0018,102,24,Mean Point Distance,MeanPointDistance,FL,1,FALSE
00660019,0066,0019,102,25,Maximum Point Distance,MaximumPointDistance,FL,1,FALSE
0066001A,0066,001A,102,26,Points Bounding Box Coordinates,PointsBoundingBoxCoordinates,FL,6,FALSE
0066001B,0066,001B,102,27,Axis of Rotation,AxisOfRotation,FL,3,FALSE
0066001C,0066,001C,102,28,Center of Rotation,CenterOfRotation,FL,3,FALSE
0066001E,0066,001E,102,30,Number of Vectors,NumberOfVectors,UL,1,FALSE
0066001F,0066,001F,102,31,Vector Dimensionality,VectorDimensionality,US,1,FALSE
00660020,0066,0020,102,32,Vector Accuracy,VectorAccuracy,FL,1-n,FALSE
00660021,0066,0021,102,33,Vector Coordinate Data,VectorCoordinateData,OF,1,FALSE
00660022,0066,0022,102,34,Double Point Coordinates Data,DoublePointCoordinatesData,OD,1,FALSE
00660023,0066,0023,102,35,Triangle Point Index List,TrianglePointIndexList,OW,1,TRUE
00660024,0066,0024,102,36,Edge Point Index List,EdgePointIndexList,OW,1,TRUE
00660025,0066,0025,102,37,Vertex Point Index List,VertexPointIndexList,OW,1,TRUE
00660026,0066,0026,102,38,Triangle Strip Sequence,TriangleStripSequence,SQ,1,FALSE
00660027,0066,0027,102,39,Triangle Fan Sequence,TriangleFanSequence,SQ,1,FALSE
00660028,0066,0028,102,40,Line Sequence,LineSequence,SQ,1,FALSE
00660029,0066,0029,102,41,Primitive Point Index List,PrimitivePointIndexList,OW,1,TRUE
0066002A,0066,002A,102,42,Surface Count,SurfaceCount,UL,1,FALSE
0066002B,0066,002B,102,43,Referenced Surface Sequence,ReferencedSurfaceSequence,SQ,1,FALSE
0066002C,0066,002C,102,44,Referenced Surface Number,ReferencedSurfaceNumber,UL,1,FALSE
0066002D,0066,002D,102,45,Segment Surface Generation Algorithm Identification Sequence,SegmentSurfaceGenerationAlgorithmIdentificationSequence,SQ,1,FALSE
0066002E,0066,002E,102,46,Segment Surface Source Instance Sequence,SegmentSurfaceSourceInstanceSequence,SQ,1,FALSE
0066002F,0066,002F,102,47,Algorithm Family Code Sequence,AlgorithmFamilyCodeSequence,SQ,1,FALSE
00660030,0066,0030,102,48,Algorithm Name Code Sequence,AlgorithmNameCodeSequence,SQ,1,FALSE
00660031,0066,0031,102,49,Algorithm Version,AlgorithmVersion,LO,1,FALSE
00660032,0066,0032,102,50,Algorithm Parameters,AlgorithmParameters,LT,1,FALSE
00660034,0066,0034,102,52,Facet Sequence,FacetSequence,SQ,1,FALSE
00660035,0066,0035,102,53,Surface Processing Algorithm Identification Sequence,SurfaceProcessingAlgorithmIdentificationSequence,SQ,1,FALSE
00660036,0066,0036,102,54,Algorithm Name,AlgorithmName,LO,1,FALSE
00660037,0066,0037,102,55,Recommended Point Radius,RecommendedPointRadius,FL,1,FALSE
00660038,0066,0038,102,56,Recommended Line Thickness,RecommendedLineThickness,FL,1,FALSE
00660040,0066,0040,102,64,Long Primitive Point Index List,LongPrimitivePointIndexList,OL,1,FALSE
00660041,0066,0041,102,65,Long Triangle Point Index List,LongTrianglePointIndexList,OL,1,FALSE
00660042,0066,0042,102,66,Long Edge Point Index List,LongEdgePointIndexList,OL,1,FALSE
00660043,0066,0043,102,67,Long Vertex Point Index List,LongVertexPointIndexList,OL,1,FALSE
00660101,0066,0101,102,257,Track Set Sequence,TrackSetSequence,SQ,1,FALSE
00660102,0066,0102,102,258,Track Sequence,TrackSequence,SQ,1,FALSE
00660103,0066,0103,102,259,Recommended Display CIELab Value List,RecommendedDisplayCIELabValueList,OW,1,FALSE
00660104,0066,0104,102,260,Tracking Algorithm Identification Sequence,TrackingAlgorithmIdentificationSequence,SQ,1,FALSE
00660105,0066,0105,102,261,Track Set Number,TrackSetNumber,UL,1,FALSE
00660106,0066,0106,102,262,Track Set Label,TrackSetLabel,LO,1,FALSE
00660107,0066,0107,102,263,Track Set Description,TrackSetDescription,UT,1,FALSE
00660108,0066,0108,102,264,Track Set Anatomical Type Code Sequence,TrackSetAnatomicalTypeCodeSequence,SQ,1,FALSE
00660121,0066,0121,102,289,Measurements Sequence,MeasurementsSequence,SQ,1,FALSE
00660124,0066,0124,102,292,Track Set Statistics Sequence,TrackSetStatisticsSequence,SQ,1,FALSE
00660125,0066,0125,102,293,Floating Point Values,FloatingPointValues,OF,1,FALSE
00660129,0066,0129,102,297,Track Point Index List,TrackPointIndexList,OL,1,FALSE
00660130,0066,0130,102,304,Track Statistics Sequence,TrackStatisticsSequence,SQ,1,FALSE
00660132,0066,0132,102,306,Measurement Values Sequence,MeasurementValuesSequence,SQ,1,FALSE
00660133,0066,0133,102,307,Diffusion Acquisition Code Sequence,DiffusionAcquisitionCodeSequence,SQ,1,FALSE
00660134,0066,0134,102,308,Diffusion Model Code Sequence,DiffusionModelCodeSequence,SQ,1,FALSE
00686210,0068,6210,104,25104,Implant Size,ImplantSize,LO,1,FALSE
00686221,0068,6221,104,25121,Implant Template Version,ImplantTemplateVersion,LO,1,FALSE
00686222,0068,6222,104,25122,Replaced Implant Template Sequence,ReplacedImplantTemplateSequence,SQ,1,FALSE
00686223,0068,6223,104,25123,Implant Type,ImplantType,CS,1,FALSE
00686224,0068,6224,104,25124,Derivation Implant Template Sequence,DerivationImplantTemplateSequence,SQ,1,FALSE
00686225,0068,6225,104,25125,Original Implant Template Sequence,OriginalImplantTemplateSequence,SQ,1,FALSE
00686226,0068,6226,104,25126,Effective DateTime,EffectiveDateTime,DT,1,FALSE
00686230,0068,6230,104,25136,Implant Target Anatomy Sequence,ImplantTargetAnatomySequence,SQ,1,FALSE
00686260,0068,6260,104,25184,Information From Manufacturer Sequence,InformationFromManufacturerSequence,SQ,1,FALSE
00686265,0068,6265,104,25189,Notification From Manufacturer Sequence,NotificationFromManufacturerSequence,SQ,1,FALSE
00686270,0068,6270,104,25200,Information Issue DateTime,InformationIssueDateTime,DT,1,FALSE
00686280,0068,6280,104,25216,Information Summary,InformationSummary,ST,1,FALSE
006862A0,0068,62A0,104,25248,Implant Regulatory Disapproval Code Sequence,ImplantRegulatoryDisapprovalCodeSequence,SQ,1,FALSE
006862A5,0068,62A5,104,25253,Overall Template Spatial Tolerance,OverallTemplateSpatialTolerance,FD,1,FALSE
006862C0,0068,62C0,104,25280,HPGL Document Sequence,HPGLDocumentSequence,SQ,1,FALSE
006862D0,0068,62D0,104,25296,HPGL Document ID,HPGLDocumentID,US,1,FALSE
006862D5,0068,62D5,104,25301,HPGL Document Label,HPGLDocumentLabel,LO,1,FALSE
006862E0,0068,62E0,104,25312,View Orientation Code Sequence,ViewOrientationCodeSequence,SQ,1,FALSE
006862F0,0068,62F0,104,25328,View Orientation Modifier Code Sequence,ViewOrientationModifierCodeSequence,SQ,1,FALSE
006862F2,0068,62F2,104,25330,HPGL Document Scaling,HPGLDocumentScaling,FD,1,FALSE
00686300,0068,6300,104,25344,HPGL Document,HPGLDocument,OB,1,FALSE
00686310,0068,6310,104,25360,HPGL Contour Pen Number,HPGLContourPenNumber,US,1,FALSE
00686320,0068,6320,104,25376,HPGL Pen Sequence,HPGLPenSequence,SQ,1,FALSE
00686330,0068,6330,104,25392,HPGL Pen Number,HPGLPenNumber,US,1,FALSE
00686340,0068,6340,104,25408,HPGL Pen Label,HPGLPenLabel,LO,1,FALSE
00686345,0068,6345,104,25413,HPGL Pen Description,HPGLPenDescription,ST,1,FALSE
00686346,0068,6346,104,25414,Recommended Rotation Point,RecommendedRotationPoint,FD,2,FALSE
00686347,0068,6347,104,25415,Bounding Rectangle,BoundingRectangle,FD,4,FALSE
00686350,0068,6350,104,25424,Implant Template 3D Model Surface Number,ImplantTemplate3DModelSurfaceNumber,US,1-n,FALSE
00686360,0068,6360,104,25440,Surface Model Description Sequence,SurfaceModelDescriptionSequence,SQ,1,FALSE
00686380,0068,6380,104,25472,Surface Model Label,SurfaceModelLabel,LO,1,FALSE
00686390,0068,6390,104,25488,Surface Model Scaling Factor,SurfaceModelScalingFactor,FD,1,FALSE
006863A0,0068,63A0,104,25504,Materials Code Sequence,MaterialsCodeSequence,SQ,1,FALSE
006863A4,0068,63A4,104,25508,Coating Materials Code Sequence,CoatingMaterialsCodeSequence,SQ,1,FALSE
006863A8,0068,63A8,104,25512,Implant Type Code Sequence,ImplantTypeCodeSequence,SQ,1,FALSE
006863AC,0068,63AC,104,25516,Fixation Method Code Sequence,FixationMethodCodeSequence,SQ,1,FALSE
006863B0,0068,63B0,104,25520,Mating Feature Sets Sequence,MatingFeatureSetsSequence,SQ,1,FALSE
006863C0,0068,63C0,104,25536,Mating Feature Set ID,MatingFeatureSetID,US,1,FALSE
006863D0,0068,63D0,104,25552,Mating Feature Set Label,MatingFeatureSetLabel,LO,1,FALSE
006863E0,0068,63E0,104,25568,Mating Feature Sequence,MatingFeatureSequence,SQ,1,FALSE
006863F0,0068,63F0,104,25584,Mating Feature ID,MatingFeatureID,US,1,FALSE
00686400,0068,6400,104,25600,Mating Feature Degree of Freedom Sequence,MatingFeatureDegreeOfFreedomSequence,SQ,1,FALSE
00686410,0068,6410,104,25616,Degree of Freedom ID,DegreeOfFreedomID,US,1,FALSE
00686420,0068,6420,104,25632,Degree of Freedom Type,DegreeOfFreedomType,CS,1,FALSE
00686430,0068,6430,104,25648,2D Mating Feature Coordinates Sequence,TwoDMatingFeatureCoordinatesSequence,SQ,1,FALSE
00686440,0068,6440,104,25664,Referenced HPGL Document ID,ReferencedHPGLDocumentID,US,1,FALSE
00686450,0068,6450,104,25680,2D Mating Point,TwoDMatingPoint,FD,2,FALSE
00686460,0068,6460,104,25696,2D Mating Axes,TwoDMatingAxes,FD,4,FALSE
00686470,0068,6470,104,25712,2D Degree of Freedom Sequence,TwoDDegreeOfFreedomSequence,SQ,1,FALSE
00686490,0068,6490,104,25744,3D Degree of Freedom Axis,ThreeDDegreeOfFreedomAxis,FD,3,FALSE
006864A0,0068,64A0,104,25760,Range of Freedom,RangeOfFreedom,FD,2,FALSE
006864C0,0068,64C0,104,25792,3D Mating Point,ThreeDMatingPoint,FD,3,FALSE
006864D0,0068,64D0,104,25808,3D Mating Axes,ThreeDMatingAxes,FD,9,FALSE
006864F0,0068,64F0,104,25840,2D Degree of Freedom Axis,TwoDDegreeOfFreedomAxis,FD,3,FALSE
00686500,0068,6500,104,25856,Planning Landmark Point Sequence,PlanningLandmarkPointSequence,SQ,1,FALSE
00686510,0068,6510,104,25872,Planning Landmark Line Sequence,PlanningLandmarkLineSequence,SQ,1,FALSE
00686520,0068,6520,104,25888,Planning Landmark Plane Sequence,PlanningLandmarkPlaneSequence,SQ,1,FALSE
00686530,0068,6530,104,25904,Planning Landmark ID,PlanningLandmarkID,US,1,FALSE
00686540,0068,6540,104,25920,Planning Landmark Description,PlanningLandmarkDescription,LO,1,FALSE
00686545,0068,6545,104,25925,Planning Landmark Identification Code Sequence,PlanningLandmarkIdentificationCodeSequence,SQ,1,FALSE
00686550,0068,6550,104,25936,2D Point Coordinates Sequence,TwoDPointCoordinatesSequence,SQ,1,FALSE
00686560,0068,6560,104,25952,2D Point Coordinates,TwoDPointCoordinates,FD,2,FALSE
00686590,0068,6590,104,26000,3D Point Coordinates,ThreeDPointCoordinates,FD,3,FALSE
006865A0,0068,65A0,104,26016,2D Line Coordinates Sequence,TwoDLineCoordinatesSequence,SQ,1,FALSE
006865B0,0068,65B0,104,26032,2D Line Coordinates,TwoDLineCoordinates,FD,4,FALSE
006865D0,0068,65D0,104,26064,3D Line Coordinates,ThreeDLineCoordinates,FD,6,FALSE
006865E0,0068,65E0,104,26080,2D Plane Coordinates Sequence,TwoDPlaneCoordinatesSequence,SQ,1,FALSE
006865F0,0068,65F0,104,26096,2D Plane Intersection,TwoDPlaneIntersection,FD,4,FALSE
00686610,0068,6610,104,26128,3D Plane Origin,ThreeDPlaneOrigin,FD,3,FALSE
00686620,0068,6620,104,26144,3D Plane Normal,ThreeDPlaneNormal,FD,3,FALSE
00687001,0068,7001,104,28673,Model Modification,ModelModification,CS,1,FALSE
00687002,0068,7002,104,28674,Model Mirroring,ModelMirroring,CS,1,FALSE
00687003,0068,7003,104,28675,Model Usage Code Sequence,ModelUsageCodeSequence,SQ,1,FALSE
00687004,0068,7004,104,28676,Model Group UID,ModelGroupUID,UI,1,FALSE
00687005,0068,7005,104,28677,Relative URI Reference Within Encapsulated Document,RelativeURIReferenceWithinEncapsulatedDocument,UR,1,FALSE
006A0001,006A,0001,106,1,Annotation Coordinate Type,AnnotationCoordinateType,CS,1,FALSE
006A0002,006A,0002,106,2,Annotation Group Sequence,AnnotationGroupSequence,SQ,1,FALSE
006A0003,006A,0003,106,3,Annotation Group UID,AnnotationGroupUID,UI,1,FALSE
006A0005,006A,0005,106,5,Annotation Group Label,AnnotationGroupLabel,LO,1,FALSE
006A0006,006A,0006,106,6,Annotation Group Description,AnnotationGroupDescription,UT,1,FALSE
006A0007,006A,0007,106,7,Annotation Group Generation Type,AnnotationGroupGenerationType,CS,1,FALSE
006A0008,006A,0008,106,8,Annotation Group Algorithm Identification Sequence,AnnotationGroupAlgorithmIdentificationSequence,SQ,1,FALSE
006A0009,006A,0009,106,9,Annotation Property Category Code Sequence,AnnotationPropertyCategoryCodeSequence,SQ,1,FALSE
006A000A,006A,000A,106,10,Annotation Property Type Code Sequence,AnnotationPropertyTypeCodeSequence,SQ,1,FALSE
006A000B,006A,000B,106,11,Annotation Property Type Modifier Code Sequence,AnnotationPropertyTypeModifierCodeSequence,SQ,1,FALSE
006A000C,006A,000C,106,12,Number of Annotations,NumberOfAnnotations,UL,1,FALSE
006A000D,006A,000D,106,13,Annotation Applies to All Optical Paths,AnnotationAppliesToAllOpticalPaths,CS,1,FALSE
006A000E,006A,000E,106,14,Referenced Optical Path Identifier,ReferencedOpticalPathIdentifier,SH,1-n,FALSE
006A000F,006A,000F,106,15,Annotation Applies to All Z Planes,AnnotationAppliesToAllZPlanes,CS,1,FALSE
006A0010,006A,0010,106,16,Common Z Coordinate Value,CommonZCoordinateValue,FD,1-n,FALSE
006A0011,006A,0011,106,17,Annotation Index List,AnnotationIndexList,OL,1,FALSE
00700001,0070,0001,112,1,Graphic Annotation Sequence,GraphicAnnotationSequence,SQ,1,FALSE
00700002,0070,0002,112,2,Graphic Layer,GraphicLayer,CS,1,FALSE
00700003,0070,0003,112,3,Bounding Box Annotation Units,BoundingBoxAnnotationUnits,CS,1,FALSE
00700004,0070,0004,112,4,Anchor Point Annotation Units,AnchorPointAnnotationUnits,CS,1,FALSE
00700005,0070,0005,112,5,Graphic Annotation Units,GraphicAnnotationUnits,CS,1,FALSE
00700006,0070,0006,112,6,Unformatted Text Value,UnformattedTextValue,ST,1,FALSE
00700008,0070,0008,112,8,Text Object Sequence,TextObjectSequence,SQ,1,FALSE
00700009,0070,0009,112,9,Graphic Object Sequence,GraphicObjectSequence,SQ,1,FALSE
00700010,0070,0010,112,16,Bounding Box Top Left Hand Corner,BoundingBoxTopLeftHandCorner,FL,2,FALSE
00700011,0070,0011,112,17,Bounding Box Bottom Right Hand Corner,BoundingBoxBottomRightHandCorner,FL,2,FALSE
00700012,0070,0012,112,18,Bounding Box Text Horizontal Justification,BoundingBoxTextHorizontalJustification,CS,1,FALSE
00700014,0070,0014,112,20,Anchor Point,AnchorPoint,FL,2,FALSE
00700015,0070,0015,112,21,Anchor Point Visibility,AnchorPointVisibility,CS,1,FALSE
00700020,0070,0020,112,32,Graphic Dimensions,GraphicDimensions,US,1,FALSE
00700021,0070,0021,112,33,Number of Graphic Points,NumberOfGraphicPoints,US,1,FALSE
00700022,0070,0022,112,34,Graphic Data,GraphicData,FL,2-n,FALSE
00700023,0070,0023,112,35,Graphic Type,GraphicType,CS,1,FALSE
00700024,0070,0024,112,36,Graphic Filled,GraphicFilled,CS,1,FALSE
00700040,0070,0040,112,64,Image Rotation (Retired),ImageRotationRetired,IS,1,TRUE
00700041,0070,0041,112,65,Image Horizontal Flip,ImageHorizontalFlip,CS,1,FALSE
00700042,0070,0042,112,66,Image Rotation,ImageRotation,US,1,FALSE
00700050,0070,0050,112,80,Displayed Area Top Left Hand Corner (Trial),DisplayedAreaTopLeftHandCornerTrial,US,2,TRUE
00700051,0070,0051,112,81,Displayed Area Bottom Right Hand Corner (Trial),DisplayedAreaBottomRightHandCornerTrial,US,2,TRUE
00700052,0070,0052,112,82,Displayed Area Top Left Hand Corner,DisplayedAreaTopLeftHandCorner,SL,2,FALSE
00700053,0070,0053,112,83,Displayed Area Bottom Right Hand Corner,DisplayedAreaBottomRightHandCorner,SL,2,FALSE
0070005A,0070,005A,112,90,Displayed Area Selection Sequence,DisplayedAreaSelectionSequence,SQ,1,FALSE
00700060,0070,0060,112,96,Graphic Layer Sequence,GraphicLayerSequence,SQ,1,FALSE
00700062,0070,0062,112,98,Graphic Layer Order,GraphicLayerOrder,IS,1,FALSE
00700066,0070,0066,112,102,Graphic Layer Recommended Display Grayscale Value,GraphicLayerRecommendedDisplayGrayscaleValue,US,1,FALSE
00700067,0070,0067,112,103,Graphic Layer Recommended Display RGB Value,GraphicLayerRecommendedDisplayRGBValue,US,3,TRUE
00700068,0070,0068,112,104,Graphic Layer Description,GraphicLayerDescription,LO,1,FALSE
00700080,0070,0080,112,128,Content Label,ContentLabel,CS,1,FALSE
00700081,0070,0081,112,129,Content Description,ContentDescription,LO,1,FALSE
00700082,0070,0082,112,130,Presentation Creation Date,PresentationCreationDate,DA,1,FALSE
00700083,0070,0083,112,131,Presentation Creation Time,PresentationCreationTime,TM,1,FALSE
00700084,0070,0084,112,132,Content Creator's Name,ContentCreatorName,PN,1,FALSE
00700086,0070,0086,112,134,Content Creator's Identification Code Sequence,ContentCreatorIdentificationCodeSequence,SQ,1,FALSE
00700087,0070,0087,112,135,Alternate Content Description Sequence,AlternateContentDescriptionSequence,SQ,1,FALSE
00700100,0070,0100,112,256,Presentation Size Mode,PresentationSizeMode,CS,1,FALSE
00700101,0070,0101,112,257,Presentation Pixel Spacing,PresentationPixelSpacing,DS,2,FALSE
00700102,0070,0102,112,258,Presentation Pixel Aspect Ratio,PresentationPixelAspectRatio,IS,2,FALSE
00700103,0070,0103,112,259,Presentation Pixel Magnification Ratio,PresentationPixelMagnificationRatio,FL,1,FALSE
00700207,0070,0207,112,519,Graphic Group Label,GraphicGroupLabel,LO,1,FALSE
00700208,0070,0208,112,520,Graphic Group Description,GraphicGroupDescription,ST,1,FALSE
00700209,0070,0209,112,521,Compound Graphic Sequence,CompoundGraphicSequence,SQ,1,FALSE
00700226,0070,0226,112,550,Compound Graphic Instance ID,CompoundGraphicInstanceID,UL,1,FALSE
00700227,0070,0227,112,551,Font Name,FontName,LO,1,FALSE
00700228,0070,0228,112,552,Font Name Type,FontNameType,CS,1,FALSE
00700229,0070,0229,112,553,CSS Font Name,CSSFontName,LO,1,FALSE
00700230,0070,0230,112,560,Rotation Angle,RotationAngle,FD,1,FALSE
00700231,0070,0231,112,561,Text Style Sequence,TextStyleSequence,SQ,1,FALSE
00700232,0070,0232,112,562,Line Style Sequence,LineStyleSequence,SQ,1,FALSE
00700233,0070,0233,112,563,Fill Style Sequence,FillStyleSequence,SQ,1,FALSE
00700234,0070,0234,112,564,Graphic Group Sequence,GraphicGroupSequence,SQ,1,FALSE
00700241,0070,0241,112,577,Text Color CIELab Value,TextColorCIELabValue,US,3,FALSE
00700242,0070,0242,112,578,Horizontal Alignment,HorizontalAlignment,CS,1,FALSE
00700243,0070,0243,112,579,Vertical Alignment,VerticalAlignment,CS,1,FALSE
00700244,0070,0244,112,580,Shadow Style,ShadowStyle,CS,1,FALSE
00700245,0070,0245,112,581,Shadow Offset X,ShadowOffsetX,FL,1,FALSE
00700246,0070,0246,112,582,Shadow Offset Y,ShadowOffsetY,FL,1,FALSE
00700247,0070,0247,112,583,Shadow Color CIELab Value,ShadowColorCIELabValue,US,3,FALSE
00700248,0070,0248,112,584,Underlined,Underlined,CS,1,FALSE
00700249,0070,0249,112,585,Bold,Bold,CS,1,FALSE
00700250,0070,0250,112,592,Italic,Italic,CS,1,FALSE
00700251,0070,0251,112,593,Pattern On Color CIELab Value,PatternOnColorCIELabValue,US,3,FALSE
00700252,0070,0252,112,594,Pattern Off Color CIELab Value,PatternOffColorCIELabValue,US,3,FALSE
00700253,0070,0253,112,595,Line Thickness,LineThickness,FL,1,FALSE
00700254,0070,0254,112,596,Line Dashing Style,LineDashingStyle,CS,1,FALSE
00700255,0070,0255,112,597,Line Pattern,LinePattern,UL,1,FALSE
00700256,0070,0256,112,598,Fill Pattern,FillPattern,OB,1,FALSE
00700257,0070,0257,112,599,Fill Mode,FillMode,CS,1,FALSE
00700258,0070,0258,112,600,Shadow Opacity,ShadowOpacity,FL,1,FALSE
00700261,0070,0261,112,609,Gap Length,GapLength,FL,1,FALSE
00700262,0070,0262,112,610,Diameter of Visibility,DiameterOfVisibility,FL,1,FALSE
00700273,0070,0273,112,627,Rotation Point,RotationPoint,FL,2,FALSE
00700274,0070,0274,112,628,Tick Alignment,TickAlignment,CS,1,FALSE
00700278,0070,0278,112,632,Show Tick Label,ShowTickLabel,CS,1,FALSE
00700279,0070,0279,112,633,Tick Label Alignment,TickLabelAlignment,CS,1,FALSE
00700282,0070,0282,112,642,Compound Graphic Units,CompoundGraphicUnits,CS,1,FALSE
00700284,0070,0284,112,644,Pattern On Opacity,PatternOnOpacity,FL,1,FALSE
00700285,0070,0285,112,645,Pattern Off Opacity,PatternOffOpacity,FL,1,FALSE
00700287,0070,0287,112,647,Major Ticks Sequence,MajorTicksSequence,SQ,1,FALSE
00700288,0070,0288,112,648,Tick Position,TickPosition,FL,1,FALSE
00700289,0070,0289,112,649,Tick Label,TickLabel,SH,1,FALSE
00700294,0070,0294,112,660,Compound Graphic Type,CompoundGraphicType,CS,1,FALSE
00700295,0070,0295,112,661,Graphic Group ID,GraphicGroupID,UL,1,FALSE
00700306,0070,0306,112,774,Shape Type,ShapeType,CS,1,FALSE
00700308,0070,0308,112,776,Registration Sequence,RegistrationSequence,SQ,1,FALSE
00700309,0070,0309,112,777,Matrix Registration Sequence,MatrixRegistrationSequence,SQ,1,FALSE
0070030A,0070,030A,112,778,Matrix Sequence,MatrixSequence,SQ,1,FALSE
0070030B,0070,030B,112,779,Frame of Reference to Displayed Coordinate System Transformation Matrix,FrameOfReferenceToDisplayedCoordinateSystemTransformationMatrix,FD,16,FALSE
0070030C,0070,030C,112,780,Frame of Reference Transformation Matrix Type,FrameOfReferenceTransformationMatrixType,CS,1,FALSE
0070030D,0070,030D,112,781,Registration Type Code Sequence,RegistrationTypeCodeSequence,SQ,1,FALSE
0070030F,0070,030F,112,783,Fiducial Description,FiducialDescription,ST,1,FALSE
00700310,0070,0310,112,784,Fiducial Identifier,FiducialIdentifier,SH,1,FALSE
00700311,0070,0311,112,785,Fiducial Identifier Code Sequence,FiducialIdentifierCodeSequence,SQ,1,FALSE
00700312,0070,0312,112,786,Contour Uncertainty Radius,ContourUncertaintyRadius,FD,1,FALSE
00700314,0070,0314,112,788,Used Fiducials Sequence,UsedFiducialsSequence,SQ,1,FALSE
00700315,0070,0315,112,789,Used RT Structure Set ROI Sequence,UsedRTStructureSetROISequence,SQ,1,FALSE
00700318,0070,0318,112,792,Graphic Coordinates Data Sequence,GraphicCoordinatesDataSequence,SQ,1,FALSE
0070031A,0070,031A,112,794,Fiducial UID,FiducialUID,UI,1,FALSE
0070031B,0070,031B,112,795,Referenced Fiducial UID,ReferencedFiducialUID,UI,1,FALSE
0070031C,0070,031C,112,796,Fiducial Set Sequence,FiducialSetSequence,SQ,1,FALSE
0070031E,0070,031E,112,798,Fiducial Sequence,FiducialSequence,SQ,1,FALSE
0070031F,0070,031F,112,799,Fiducials Property Category Code Sequence,FiducialsPropertyCategoryCodeSequence,SQ,1,FALSE
00700401,0070,0401,112,1025,Graphic Layer Recommended Display CIELab Value,GraphicLayerRecommendedDisplayCIELabValue,US,3,FALSE
00700402,0070,0402,112,1026,Blending Sequence,BlendingSequence,SQ,1,FALSE
00700403,0070,0403,112,1027,Relative Opacity,RelativeOpacity,FL,1,FALSE
00700404,0070,0404,112,1028,Referenced Spatial Registration Sequence,ReferencedSpatialRegistrationSequence,SQ,1,FALSE
00700405,0070,0405,112,1029,Blending Position,BlendingPosition,CS,1,FALSE
00701101,0070,1101,112,4353,Presentation Display Collection UID,PresentationDisplayCollectionUID,UI,1,FALSE
00701102,0070,1102,112,4354,Presentation Sequence Collection UID,PresentationSequenceCollectionUID,UI,1,FALSE
00701103,0070,1103,112,4355,Presentation Sequence Position Index,PresentationSequencePositionIndex,US,1,FALSE
00701104,0070,1104,112,4356,Rendered Image Reference Sequence,RenderedImageReferenceSequence,SQ,1,FALSE
00701201,0070,1201,112,4609,Volumetric Presentation State Input Sequence,VolumetricPresentationStateInputSequence,SQ,1,FALSE
00701202,0070,1202,112,4610,Presentation Input Type,PresentationInputType,CS,1,FALSE
00701203,0070,1203,112,4611,Input Sequence Position Index,InputSequencePositionIndex,US,1,FALSE
00701204,0070,1204,112,4612,Crop,Crop,CS,1,FALSE
00701205,0070,1205,112,4613,Cropping Specification Index,CroppingSpecificationIndex,US,1-n,FALSE
00701206,0070,1206,112,4614,Compositing Method,CompositingMethod,CS,1,TRUE
00701207,0070,1207,112,4615,Volumetric Presentation Input Number,VolumetricPresentationInputNumber,US,1,FALSE
00701208,0070,1208,112,4616,Image Volume Geometry,ImageVolumeGeometry,CS,1,FALSE
00701209,0070,1209,112,4617,Volumetric Presentation Input Set UID,VolumetricPresentationInputSetUID,UI,1,FALSE
0070120A,0070,120A,112,4618,Volumetric Presentation Input Set Sequence,VolumetricPresentationInputSetSequence,SQ,1,FALSE
0070120B,0070,120B,112,4619,Global Crop,GlobalCrop,CS,1,FALSE
0070120C,0070,120C,112,4620,Global Cropping Specification Index,GlobalCroppingSpecificationIndex,US,1-n,FALSE
0070120D,0070,120D,112,4621,Rendering Method,RenderingMethod,CS,1,FALSE
00701301,0070,1301,112,4865,Volume Cropping Sequence,VolumeCroppingSequence,SQ,1,FALSE
00701302,0070,1302,112,4866,Volume Cropping Method,VolumeCroppingMethod,CS,1,FALSE
00701303,0070,1303,112,4867,Bounding Box Crop,BoundingBoxCrop,FD,6,FALSE
00701304,0070,1304,112,4868,Oblique Cropping Plane Sequence,ObliqueCroppingPlaneSequence,SQ,1,FALSE
00701305,0070,1305,112,4869,Plane,Plane,FD,4,FALSE
00701306,0070,1306,112,4870,Plane Normal,PlaneNormal,FD,3,FALSE
00701309,0070,1309,112,4873,Cropping Specification Number,CroppingSpecificationNumber,US,1,FALSE
00701501,0070,1501,112,5377,Multi-Planar Reconstruction Style,MultiPlanarReconstructionStyle,CS,1,FALSE
00701502,0070,1502,112,5378,MPR Thickness Type,MPRThicknessType,CS,1,FALSE
00701503,0070,1503,112,5379,MPR Slab Thickness,MPRSlabThickness,FD,1,FALSE
00701505,0070,1505,112,5381,MPR Top Left Hand Corner,MPRTopLeftHandCorner,FD,3,FALSE
00701507,0070,1507,112,5383,MPR View Width Direction,MPRViewWidthDirection,FD,3,FALSE
00701508,0070,1508,112,5384,MPR View Width,MPRViewWidth,FD,1,FALSE
0070150C,0070,150C,112,5388,Number of Volumetric Curve Points,NumberOfVolumetricCurvePoints,UL,1,FALSE
0070150D,0070,150D,112,5389,Volumetric Curve Points,VolumetricCurvePoints,OD,1,FALSE
00701511,0070,1511,112,5393,MPR View Height Direction,MPRViewHeightDirection,FD,3,FALSE
00701512,0070,1512,112,5394,MPR View Height,MPRViewHeight,FD,1,FALSE
00701602,0070,1602,112,5634,Render Projection,RenderProjection,CS,1,FALSE
00701603,0070,1603,112,5635,Viewpoint Position,ViewpointPosition,FD,3,FALSE
00701604,0070,1604,112,5636,Viewpoint LookAt Point,ViewpointLookAtPoint,FD,3,FALSE
00701605,0070,1605,112,5637,Viewpoint Up Direction,ViewpointUpDirection,FD,3,FALSE
00701606,0070,1606,112,5638,Render Field of View,RenderFieldOfView,FD,6,FALSE
00701607,0070,1607,112,5639,Sampling Step Size,SamplingStepSize,FD,1,FALSE
00701701,0070,1701,112,5889,Shading Style,ShadingStyle,CS,1,FALSE
00701702,0070,1702,112,5890,Ambient Reflection Intensity,AmbientReflectionIntensity,FD,1,FALSE
00701703,0070,1703,112,5891,Light Direction,LightDirection,FD,3,FALSE
00701704,0070,1704,112,5892,Diffuse Reflection Intensity,DiffuseReflectionIntensity,FD,1,FALSE
00701705,0070,1705,112,5893,Specular Reflection Intensity,SpecularReflectionIntensity,FD,1,FALSE
00701706,0070,1706,112,5894,Shininess,Shininess,FD,1,FALSE
00701801,0070,1801,112,6145,Presentation State Classification Component Sequence,PresentationStateClassificationComponentSequence,SQ,1,FALSE
00701802,0070,1802,112,6146,Component Type,ComponentType,CS,1,FALSE
00701803,0070,1803,112,6147,Component Input Sequence,ComponentInputSequence,SQ,1,FALSE
00701804,0070,1804,112,6148,Volumetric Presentation Input Index,VolumetricPresentationInputIndex,US,1,FALSE
00701805,0070,1805,112,6149,Presentation State Compositor Component Sequence,PresentationStateCompositorComponentSequence,SQ,1,FALSE
00701806,0070,1806,112,6150,Weighting Transfer Function Sequence,WeightingTransferFunctionSequence,SQ,1,FALSE
00701807,0070,1807,112,6151,Weighting Lookup Table Descriptor,WeightingLookupTableDescriptor,US,3,FALSE
00701808,0070,1808,112,6152,Weighting Lookup Table Data,WeightingLookupTableData,OB,1,FALSE
00701901,0070,1901,112,6401,Volumetric Annotation Sequence,VolumetricAnnotationSequence,SQ,1,FALSE
00701903,0070,1903,112,6403,Referenced Structured Context Sequence,ReferencedStructuredContextSequence,SQ,1,FALSE
00701904,0070,1904,112,6404,Referenced Content Item,ReferencedContentItem,UI,1,FALSE
00701905,0070,1905,112,6405,Volumetric Presentation Input Annotation Sequence,VolumetricPresentationInputAnnotationSequence,SQ,1,FALSE
00701907,0070,1907,112,6407,Annotation Clipping,AnnotationClipping,CS,1,FALSE
00701A01,0070,1A01,112,6657,Presentation Animation Style,PresentationAnimationStyle,CS,1,FALSE
00701A03,0070,1A03,112,6659,Recommended Animation Rate,RecommendedAnimationRate,FD,1,FALSE
00701A04,0070,1A04,112,6660,Animation Curve Sequence,AnimationCurveSequence,SQ,1,FALSE
00701A05,0070,1A05,112,6661,Animation Step Size,AnimationStepSize,FD,1,FALSE
00701A06,0070,1A06,112,6662,Swivel Range,SwivelRange,FD,1,FALSE
00701A07,0070,1A07,112,6663,Volumetric Curve Up Directions,VolumetricCurveUpDirections,OD,1,FALSE
00701A08,0070,1A08,112,6664,Volume Stream Sequence,VolumeStreamSequence,SQ,1,FALSE
00701A09,0070,1A09,112,6665,RGBA Transfer Function Description,RGBATransferFunctionDescription,LO,1,FALSE
00701B01,0070,1B01,112,6913,Advanced Blending Sequence,AdvancedBlendingSequence,SQ,1,FALSE
00701B02,0070,1B02,112,6914,Blending Input Number,BlendingInputNumber,US,1,FALSE
00701B03,0070,1B03,112,6915,Blending Display Input Sequence,BlendingDisplayInputSequence,SQ,1,FALSE
00701B04,0070,1B04,112,6916,Blending Display Sequence,BlendingDisplaySequence,SQ,1,FALSE
00701B06,0070,1B06,112,6918,Blending Mode,BlendingMode,CS,1,FALSE
00701B07,0070,1B07,112,6919,Time Series Blending,TimeSeriesBlending,CS,1,FALSE
00701B08,0070,1B08,112,6920,Geometry for Display,GeometryForDisplay,CS,1,FALSE
00701B11,0070,1B11,112,6929,Threshold Sequence,ThresholdSequence,SQ,1,FALSE
00701B12,0070,1B12,112,6930,Threshold Value Sequence,ThresholdValueSequence,SQ,1,FALSE
00701B13,0070,1B13,112,6931,Threshold Type,ThresholdType,CS,1,FALSE
00701B14,0070,1B14,112,6932,Threshold Value,ThresholdValue,FD,1,FALSE
00720002,0072,0002,114,2,Hanging Protocol Name,HangingProtocolName,SH,1,FALSE
00720004,0072,0004,114,4,Hanging Protocol Description,HangingProtocolDescription,LO,1,FALSE
00720006,0072,0006,114,6,Hanging Protocol Level,HangingProtocolLevel,CS,1,FALSE
00720008,0072,0008,114,8,Hanging Protocol Creator,HangingProtocolCreator,LO,1,FALSE
0072000A,0072,000A,114,10,Hanging Protocol Creation DateTime,HangingProtocolCreationDateTime,DT,1,FALSE
0072000C,0072,000C,114,12,Hanging Protocol Definition Sequence,HangingProtocolDefinitionSequence,SQ,1,FALSE
0072000E,0072,000E,114,14,Hanging Protocol User Identification Code Sequence,HangingProtocolUserIdentificationCodeSequence,SQ,1,FALSE
00720010,0072,0010,114,16,Hanging Protocol User Group Name,HangingProtocolUserGroupName,LO,1,FALSE
00720012,0072,0012,114,18,Source Hanging Protocol Sequence,SourceHangingProtocolSequence,SQ,1,FALSE
00720014,0072,0014,114,20,Number of Priors Referenced,NumberOfPriorsReferenced,US,1,FALSE
00720020,0072,0020,114,32,Image Sets Sequence,ImageSetsSequence,SQ,1,FALSE
00720022,0072,0022,114,34,Image Set Selector Sequence,ImageSetSelectorSequence,SQ,1,FALSE
00720024,0072,0024,114,36,Image Set Selector Usage Flag,ImageSetSelectorUsageFlag,CS,1,FALSE
00720026,0072,0026,114,38,Selector Attribute,SelectorAttribute,AT,1,FALSE
00720028,0072,0028,114,40,Selector Value Number,SelectorValueNumber,US,1,FALSE
00720030,0072,0030,114,48,Time Based Image Sets Sequence,TimeBasedImageSetsSequence,SQ,1,FALSE
00720032,0072,0032,114,50,Image Set Number,ImageSetNumber,US,1,FALSE
00720034,0072,0034,114,52,Image Set Selector Category,ImageSetSelectorCategory,CS,1,FALSE
00720038,0072,0038,114,56,Relative Time,RelativeTime,US,2,FALSE
0072003A,0072,003A,114,58,Relative Time Units,RelativeTimeUnits,CS,1,FALSE
0072003C,0072,003C,114,60,Abstract Prior Value,AbstractPriorValue,SS,2,FALSE
0072003E,0072,003E,114,62,Abstract Prior Code Sequence,AbstractPriorCodeSequence,SQ,1,FALSE
00720040,0072,0040,114,64,Image Set Label,ImageSetLabel,LO,1,FALSE
00720050,0072,0050,114,80,Selector Attribute VR,SelectorAttributeVR,CS,1,FALSE
00720052,0072,0052,114,82,Selector Sequence Pointer,SelectorSequencePointer,AT,1-n,FALSE
00720054,0072,0054,114,84,Selector Sequence Pointer Private Creator,SelectorSequencePointerPrivateCreator,LO,1-n,FALSE
00720056,0072,0056,114,86,Selector Attribute Private Creator,SelectorAttributePrivateCreator,LO,1,FALSE
0072005E,0072,005E,114,94,Selector AE Value,SelectorAEValue,AE,1-n,FALSE
0072005F,0072,005F,114,95,Selector AS Value,SelectorASValue,AS,1-n,FALSE
00720060,0072,0060,114,96,Selector AT Value,SelectorATValue,AT,1-n,FALSE
00720061,0072,0061,114,97,Selector DA Value,SelectorDAValue,DA,1-n,FALSE
00720062,0072,0062,114,98,Selector CS Value,SelectorCSValue,CS,1-n,FALSE
00720063,0072,0063,114,99,Selector DT Value,SelectorDTValue,DT,1-n,FALSE
00720064,0072,0064,114,100,Selector IS Value,SelectorISValue,IS,1-n,FALSE
00720065,0072,0065,114,101,Selector OB Value,SelectorOBValue,OB,1,FALSE
00720066,0072,0066,114,102,Selector LO Value,SelectorLOValue,LO,1-n,FALSE
00720067,0072,0067,114,103,Selector OF Value,SelectorOFValue,OF,1,FALSE
00720068,0072,0068,114,104,Selector LT Value,SelectorLTValue,LT,1,FALSE
00720069,0072,0069,114,105,Selector OW Value,SelectorOWValue,OW,1,FALSE
0072006A,0072,006A,114,106,Selector PN Value,SelectorPNValue,PN,1-n,FALSE
0072006B,0072,006B,114,107,Selector TM Value,SelectorTMValue,TM,1-n,FALSE
0072006C,0072,006C,114,108,Selector SH Value,SelectorSHValue,SH,1-n,FALSE
0072006D,0072,006D,114,109,Selector UN Value,SelectorUNValue,UN,1,FALSE
0072006E,0072,006E,114,110,Selector ST Value,SelectorSTValue,ST,1,FALSE
0072006F,0072,006F,114,111,Selector UC Value,SelectorUCValue,UC,1-n,FALSE
00720070,0072,0070,114,112,Selector UT Value,SelectorUTValue,UT,1,FALSE
00720071,0072,0071,114,113,Selector UR Value,SelectorURValue,UR,1,FALSE
00720072,0072,0072,114,114,Selector DS Value,SelectorDSValue,DS,1-n,FALSE
00720073,0072,0073,114,115,Selector OD Value,SelectorODValue,OD,1,FALSE
00720074,0072,0074,114,116,Selector FD Value,SelectorFDValue,FD,1-n,FALSE
00720075,0072,0075,114,117,Selector OL Value,SelectorOLValue,OL,1,FALSE
00720076,0072,0076,114,118,Selector FL Value,SelectorFLValue,FL,1-n,FALSE
00720078,0072,0078,114,120,Selector UL Value,SelectorULValue,UL,1-n,FALSE
0072007A,0072,007A,114,122,Selector US Value,SelectorUSValue,US,1-n,FALSE
0072007C,0072,007C,114,124,Selector SL Value,SelectorSLValue,SL,1-n,FALSE
0072007E,0072,007E,114,126,Selector SS Value,SelectorSSValue,SS,1-n,FALSE
0072007F,0072,007F,114,127,Selector UI Value,SelectorUIValue,UI,1-n,FALSE
00720080,0072,0080,114,128,Selector Code Sequence Value,SelectorCodeSequenceValue,SQ,1,FALSE
00720081,0072,0081,114,129,Selector OV Value,SelectorOVValue,OV,1,FALSE
00720082,0072,0082,114,130,Selector SV Value,SelectorSVValue,SV,1-n,FALSE
00720083,0072,0083,114,131,Selector UV Value,SelectorUVValue,UV,1-n,FALSE
00720100,0072,0100,114,256,Number of Screens,NumberOfScreens,US,1,FALSE
00720102,0072,0102,114,258,Nominal Screen Definition Sequence,NominalScreenDefinitionSequence,SQ,1,FALSE
00720104,0072,0104,114,260,Number of Vertical Pixels,NumberOfVerticalPixels,US,1,FALSE
00720106,0072,0106,114,262,Number of Horizontal Pixels,NumberOfHorizontalPixels,US,1,FALSE
00720108,0072,0108,114,264,Display Environment Spatial Position,DisplayEnvironmentSpatialPosition,FD,4,FALSE
0072010A,0072,010A,114,266,Screen Minimum Grayscale Bit Depth,ScreenMinimumGrayscaleBitDepth,US,1,FALSE
0072010C,0072,010C,114,268,Screen Minimum Color Bit Depth,ScreenMinimumColorBitDepth,US,1,FALSE
0072010E,0072,010E,114,270,Application Maximum Repaint Time,ApplicationMaximumRepaintTime,US,1,FALSE
00720200,0072,0200,114,512,Display Sets Sequence,DisplaySetsSequence,SQ,1,FALSE
00720202,0072,0202,114,514,Display Set Number,DisplaySetNumber,US,1,FALSE
00720203,0072,0203,114,515,Display Set Label,DisplaySetLabel,LO,1,FALSE
00720204,0072,0204,114,516,Display Set Presentation Group,DisplaySetPresentationGroup,US,1,FALSE
00720206,0072,0206,114,518,Display Set Presentation Group Description,DisplaySetPresentationGroupDescription,LO,1,FALSE
00720208,0072,0208,114,520,Partial Data Display Handling,PartialDataDisplayHandling,CS,1,FALSE
00720210,0072,0210,114,528,Synchronized Scrolling Sequence,SynchronizedScrollingSequence,SQ,1,FALSE
00720212,0072,0212,114,530,Display Set Scrolling Group,DisplaySetScrollingGroup,US,2-n,FALSE
00720214,0072,0214,114,532,Navigation Indicator Sequence,NavigationIndicatorSequence,SQ,1,FALSE
00720216,0072,0216,114,534,Navigation Display Set,NavigationDisplaySet,US,1,FALSE
00720218,0072,0218,114,536,Reference Display Sets,ReferenceDisplaySets,US,1-n,FALSE
00720300,0072,0300,114,768,Image Boxes Sequence,ImageBoxesSequence,SQ,1,FALSE
00720302,0072,0302,114,770,Image Box Number,ImageBoxNumber,US,1,FALSE
00720304,0072,0304,114,772,Image Box Layout Type,ImageBoxLayoutType,CS,1,FALSE
00720306,0072,0306,114,774,Image Box Tile Horizontal Dimension,ImageBoxTileHorizontalDimension,US,1,FALSE
00720308,0072,0308,114,776,Image Box Tile Vertical Dimension,ImageBoxTileVerticalDimension,US,1,FALSE
00720310,0072,0310,114,784,Image Box Scroll Direction,ImageBoxScrollDirection,CS,1,FALSE
00720312,0072,0312,114,786,Image Box Small Scroll Type,ImageBoxSmallScrollType,CS,1,FALSE
00720314,0072,0314,114,788,Image Box Small Scroll Amount,ImageBoxSmallScrollAmount,US,1,FALSE
00720316,0072,0316,114,790,Image Box Large Scroll Type,ImageBoxLargeScrollType,CS,1,FALSE
00720318,0072,0318,114,792,Image Box Large Scroll Amount,ImageBoxLargeScrollAmount,US,1,FALSE
00720320,0072,0320,114,800,Image Box Overlap Priority,ImageBoxOverlapPriority,US,1,FALSE
00720330,0072,0330,114,816,Cine Relative to Real-Time,CineRelativeToRealTime,FD,1,FALSE
00720400,0072,0400,114,1024,Filter Operations Sequence,FilterOperationsSequence,SQ,1,FALSE
00720402,0072,0402,114,1026,Filter-by Category,FilterByCategory,CS,1,FALSE
00720404,0072,0404,114,1028,Filter-by Attribute Presence,FilterByAttributePresence,CS,1,FALSE
00720406,0072,0406,114,1030,Filter-by Operator,FilterByOperator,CS,1,FALSE
00720420,0072,0420,114,1056,Structured Display Background CIELab Value,StructuredDisplayBackgroundCIELabValue,US,3,FALSE
00720421,0072,0421,114,1057,Empty Image Box CIELab Value,EmptyImageBoxCIELabValue,US,3,FALSE
00720422,0072,0422,114,1058,Structured Display Image Box Sequence,StructuredDisplayImageBoxSequence,SQ,1,FALSE
00720424,0072,0424,114,1060,Structured Display Text Box Sequence,StructuredDisplayTextBoxSequence,SQ,1,FALSE
00720427,0072,0427,114,1063,Referenced First Frame Sequence,ReferencedFirstFrameSequence,SQ,1,FALSE
00720430,0072,0430,114,1072,Image Box Synchronization Sequence,ImageBoxSynchronizationSequence,SQ,1,FALSE
00720432,0072,0432,114,1074,Synchronized Image Box List,SynchronizedImageBoxList,US,2-n,FALSE
00720434,0072,0434,114,1076,Type of Synchronization,TypeOfSynchronization,CS,1,FALSE
00720500,0072,0500,114,1280,Blending Operation Type,BlendingOperationType,CS,1,FALSE
00720510,0072,0510,114,1296,Reformatting Operation Type,ReformattingOperationType,CS,1,FALSE
00720512,0072,0512,114,1298,Reformatting Thickness,ReformattingThickness,FD,1,FALSE
00720514,0072,0514,114,1300,Reformatting Interval,ReformattingInterval,FD,1,FALSE
00720516,0072,0516,114,1302,Reformatting Operation Initial View Direction,ReformattingOperationInitialViewDirection,CS,1,FALSE
00720520,0072,0520,114,1312,3D Rendering Type,ThreeDRenderingType,CS,1-n,FALSE
00720600,0072,0600,114,1536,Sorting Operations Sequence,SortingOperationsSequence,SQ,1,FALSE
00720602,0072,0602,114,1538,Sort-by Category,SortByCategory,CS,1,FALSE
00720604,0072,0604,114,1540,Sorting Direction,SortingDirection,CS,1,FALSE
00720700,0072,0700,114,1792,Display Set Patient Orientation,DisplaySetPatientOrientation,CS,2,FALSE
00720702,0072,0702,114,1794,VOI Type,VOIType,CS,1,FALSE
00720704,0072,0704,114,1796,Pseudo-Color Type,PseudoColorType,CS,1,FALSE
00720705,0072,0705,114,1797,Pseudo-Color Palette Instance Reference Sequence,PseudoColorPaletteInstanceReferenceSequence,SQ,1,FALSE
00720706,0072,0706,114,1798,Show Grayscale Inverted,ShowGrayscaleInverted,CS,1,FALSE
00720710,0072,0710,114,1808,Show Image True Size Flag,ShowImageTrueSizeFlag,CS,1,FALSE
00720712,0072,0712,114,1810,Show Graphic Annotation Flag,ShowGraphicAnnotationFlag,CS,1,FALSE
00720714,0072,0714,114,1812,Show Patient Demographics Flag,ShowPatientDemographicsFlag,CS,1,FALSE
00720716,0072,0716,114,1814,Show Acquisition Techniques Flag,ShowAcquisitionTechniquesFlag,CS,1,FALSE
00720717,0072,0717,114,1815,Display Set Horizontal Justification,DisplaySetHorizontalJustification,CS,1,FALSE
00720718,0072,0718,114,1816,Display Set Vertical Justification,DisplaySetVerticalJustification,CS,1,FALSE
00740120,0074,0120,116,288,Continuation Start Meterset,ContinuationStartMeterset,FD,1,FALSE
00740121,0074,0121,116,289,Continuation End Meterset,ContinuationEndMeterset,FD,1,FALSE
00741000,0074,1000,116,4096,Procedure Step State,ProcedureStepState,CS,1,FALSE
00741002,0074,1002,116,4098,Procedure Step Progress Information Sequence,ProcedureStepProgressInformationSequence,SQ,1,FALSE
00741004,0074,1004,116,4100,Procedure Step Progress,ProcedureStepProgress,DS,1,FALSE
00741006,0074,1006,116,4102,Procedure Step Progress Description,ProcedureStepProgressDescription,ST,1,FALSE
00741007,0074,1007,116,4103,Procedure Step Progress Parameters Sequence,ProcedureStepProgressParametersSequence,SQ,1,FALSE
00741008,0074,1008,116,4104,Procedure Step Communications URI Sequence,ProcedureStepCommunicationsURISequence,SQ,1,FALSE
0074100A,0074,100A,116,4106,Contact URI,ContactURI,UR,1,FALSE
0074100C,0074,100C,116,4108,Contact Display Name,ContactDisplayName,LO,1,FALSE
0074100E,0074,100E,116,4110,Procedure Step Discontinuation Reason Code Sequence,ProcedureStepDiscontinuationReasonCodeSequence,SQ,1,FALSE
00741020,0074,1020,116,4128,Beam Task Sequence,BeamTaskSequence,SQ,1,FALSE
00741022,0074,1022,116,4130,Beam Task Type,BeamTaskType,CS,1,FALSE
00741024,0074,1024,116,4132,Beam Order Index (Trial),BeamOrderIndexTrial,IS,1,TRUE
00741025,0074,1025,116,4133,Autosequence Flag,AutosequenceFlag,CS,1,FALSE
00741026,0074,1026,116,4134,Table Top Vertical Adjusted Position,TableTopVerticalAdjustedPosition,FD,1,FALSE
00741027,0074,1027,116,4135,Table Top Longitudinal Adjusted Position,TableTopLongitudinalAdjustedPosition,FD,1,FALSE
00741028,0074,1028,116,4136,Table Top Lateral Adjusted Position,TableTopLateralAdjustedPosition,FD,1,FALSE
0074102A,0074,102A,116,4138,Patient Support Adjusted Angle,PatientSupportAdjustedAngle,FD,1,FALSE
0074102B,0074,102B,116,4139,Table Top Eccentric Adjusted Angle,TableTopEccentricAdjustedAngle,FD,1,FALSE
0074102C,0074,102C,116,4140,Table Top Pitch Adjusted Angle,TableTopPitchAdjustedAngle,FD,1,FALSE
0074102D,0074,102D,116,4141,Table Top Roll Adjusted Angle,TableTopRollAdjustedAngle,FD,1,FALSE
00741030,0074,1030,116,4144,Delivery Verification Image Sequence,DeliveryVerificationImageSequence,SQ,1,FALSE
00741032,0074,1032,116,4146,Verification Image Timing,VerificationImageTiming,CS,1,FALSE
00741034,0074,1034,116,4148,Double Exposure Flag,DoubleExposureFlag,CS,1,FALSE
00741036,0074,1036,116,4150,Double Exposure Ordering,DoubleExposureOrdering,CS,1,FALSE
00741038,0074,1038,116,4152,Double Exposure Meterset (Trial),DoubleExposureMetersetTrial,DS,1,TRUE
0074103A,0074,103A,116,4154,Double Exposure Field Delta (Trial),DoubleExposureFieldDeltaTrial,DS,4,TRUE
00741040,0074,1040,116,4160,Related Reference RT Image Sequence,RelatedReferenceRTImageSequence,SQ,1,FALSE
00741042,0074,1042,116,4162,General Machine Verification Sequence,GeneralMachineVerificationSequence,SQ,1,FALSE
00741044,0074,1044,116,4164,Conventional Machine Verification Sequence,ConventionalMachineVerificationSequence,SQ,1,FALSE
00741046,0074,1046,116,4166,Ion Machine Verification Sequence,IonMachineVerificationSequence,SQ,1,FALSE
00741048,0074,1048,116,4168,Failed Attributes Sequence,FailedAttributesSequence,SQ,1,FALSE
0074104A,0074,104A,116,4170,Overridden Attributes Sequence,OverriddenAttributesSequence,SQ,1,FALSE
0074104C,0074,104C,116,4172,Conventional Control Point Verification Sequence,ConventionalControlPointVerificationSequence,SQ,1,FALSE
0074104E,0074,104E,116,4174,Ion Control Point Verification Sequence,IonControlPointVerificationSequence,SQ,1,FALSE
00741050,0074,1050,116,4176,Attribute Occurrence Sequence,AttributeOccurrenceSequence,SQ,1,FALSE
00741052,0074,1052,116,4178,Attribute Occurrence Pointer,AttributeOccurrencePointer,AT,1,FALSE
00741054,0074,1054,116,4180,Attribute Item Selector,AttributeItemSelector,UL,1,FALSE
00741056,0074,1056,116,4182,Attribute Occurrence Private Creator,AttributeOccurrencePrivateCreator,LO,1,FALSE
00741057,0074,1057,116,4183,Selector Sequence Pointer Items,SelectorSequencePointerItems,IS,1-n,FALSE
00741200,0074,1200,116,4608,Scheduled Procedure Step Priority,ScheduledProcedureStepPriority,CS,1,FALSE
00741202,0074,1202,116,4610,Worklist Label,WorklistLabel,LO,1,FALSE
00741204,0074,1204,116,4612,Procedure Step Label,ProcedureStepLabel,LO,1,FALSE
00741210,0074,1210,116,4624,Scheduled Processing Parameters Sequence,ScheduledProcessingParametersSequence,SQ,1,FALSE
00741212,0074,1212,116,4626,Performed Processing Parameters Sequence,PerformedProcessingParametersSequence,SQ,1,FALSE
00741216,0074,1216,116,4630,Unified Procedure Step Performed Procedure Sequence,UnifiedProcedureStepPerformedProcedureSequence,SQ,1,FALSE
00741220,0074,1220,116,4640,Related Procedure Step Sequence,RelatedProcedureStepSequence,SQ,1,TRUE
00741222,0074,1222,116,4642,Procedure Step Relationship Type,ProcedureStepRelationshipType,LO,1,TRUE
00741224,0074,1224,116,4644,Replaced Procedure Step Sequence,ReplacedProcedureStepSequence,SQ,1,FALSE
00741230,0074,1230,116,4656,Deletion Lock,DeletionLock,LO,1,FALSE
00741234,0074,1234,116,4660,Receiving AE,ReceivingAE,AE,1,FALSE
00741236,0074,1236,116,4662,Requesting AE,RequestingAE,AE,1,FALSE
00741238,0074,1238,116,4664,Reason for Cancellation,ReasonForCancellation,LT,1,FALSE
00741242,0074,1242,116,4674,SCP Status,SCPStatus,CS,1,FALSE
00741244,0074,1244,116,4676,Subscription List Status,SubscriptionListStatus,CS,1,FALSE
00741246,0074,1246,116,4678,Unified Procedure Step List Status,UnifiedProcedureStepListStatus,CS,1,FALSE
00741324,0074,1324,116,4900,Beam Order Index,BeamOrderIndex,UL,1,FALSE
00741338,0074,1338,116,4920,Double Exposure Meterset,DoubleExposureMeterset,FD,1,FALSE
0074133A,0074,133A,116,4922,Double Exposure Field Delta,DoubleExposureFieldDelta,FD,4,FALSE
00741401,0074,1401,116,5121,Brachy Task Sequence,BrachyTaskSequence,SQ,1,FALSE
00741402,0074,1402,116,5122,Continuation Start Total Reference Air Kerma,ContinuationStartTotalReferenceAirKerma,DS,1,FALSE
00741403,0074,1403,116,5123,Continuation End Total Reference Air Kerma,ContinuationEndTotalReferenceAirKerma,DS,1,FALSE
00741404,0074,1404,116,5124,Continuation Pulse Number,ContinuationPulseNumber,IS,1,FALSE
00741405,0074,1405,116,5125,Channel Delivery Order Sequence,ChannelDeliveryOrderSequence,SQ,1,FALSE
00741406,0074,1406,116,5126,Referenced Channel Number,ReferencedChannelNumber,IS,1,FALSE
00741407,0074,1407,116,5127,Start Cumulative Time Weight,StartCumulativeTimeWeight,DS,1,FALSE
00741408,0074,1408,116,5128,End Cumulative Time Weight,EndCumulativeTimeWeight,DS,1,FALSE
00741409,0074,1409,116,5129,Omitted Channel Sequence,OmittedChannelSequence,SQ,1,FALSE
0074140A,0074,140A,116,5130,Reason for Channel Omission,ReasonForChannelOmission,CS,1,FALSE
0074140B,0074,140B,116,5131,Reason for Channel Omission Description,ReasonForChannelOmissionDescription,LO,1,FALSE
0074140C,0074,140C,116,5132,Channel Delivery Order Index,ChannelDeliveryOrderIndex,IS,1,FALSE
0074140D,0074,140D,116,5133,Channel Delivery Continuation Sequence,ChannelDeliveryContinuationSequence,SQ,1,FALSE
0074140E,0074,140E,116,5134,Omitted Application Setup Sequence,OmittedApplicationSetupSequence,SQ,1,FALSE
00760001,0076,0001,118,1,Implant Assembly Template Name,ImplantAssemblyTemplateName,LO,1,FALSE
00760003,0076,0003,118,3,Implant Assembly Template Issuer,ImplantAssemblyTemplateIssuer,LO,1,FALSE
00760006,0076,0006,118,6,Implant Assembly Template Version,ImplantAssemblyTemplateVersion,LO,1,FALSE
00760008,0076,0008,118,8,Replaced Implant Assembly Template Sequence,ReplacedImplantAssemblyTemplateSequence,SQ,1,FALSE
0076000A,0076,000A,118,10,Implant Assembly Template Type,ImplantAssemblyTemplateType,CS,1,FALSE
0076000C,0076,000C,118,12,Original Implant Assembly Template Sequence,OriginalImplantAssemblyTemplateSequence,SQ,1,FALSE
0076000E,0076,000E,118,14,Derivation Implant Assembly Template Sequence,DerivationImplantAssemblyTemplateSequence,SQ,1,FALSE
00760010,0076,0010,118,16,Implant Assembly Template Target Anatomy Sequence,ImplantAssemblyTemplateTargetAnatomySequence,SQ,1,FALSE
00760020,0076,0020,118,32,Procedure Type Code Sequence,ProcedureTypeCodeSequence,SQ,1,FALSE
00760030,0076,0030,118,48,Surgical Technique,SurgicalTechnique,LO,1,FALSE
00760032,0076,0032,118,50,Component Types Sequence,ComponentTypesSequence,SQ,1,FALSE
00760034,0076,0034,118,52,Component Type Code Sequence,ComponentTypeCodeSequence,SQ,1,FALSE
00760036,0076,0036,118,54,Exclusive Component Type,ExclusiveComponentType,CS,1,FALSE
00760038,0076,0038,118,56,Mandatory Component Type,MandatoryComponentType,CS,1,FALSE
00760040,0076,0040,118,64,Component Sequence,ComponentSequence,SQ,1,FALSE
00760055,0076,0055,118,85,Component ID,ComponentID,US,1,FALSE
00760060,0076,0060,118,96,Component Assembly Sequence,ComponentAssemblySequence,SQ,1,FALSE
00760070,0076,0070,118,112,Component 1 Referenced ID,Component1ReferencedID,US,1,FALSE
00760080,0076,0080,118,128,Component 1 Referenced Mating Feature Set ID,Component1ReferencedMatingFeatureSetID,US,1,FALSE
00760090,0076,0090,118,144,Component 1 Referenced Mating Feature ID,Component1ReferencedMatingFeatureID,US,1,FALSE
007600A0,0076,00A0,118,160,Component 2 Referenced ID,Component2ReferencedID,US,1,FALSE
007600B0,0076,00B0,118,176,Component 2 Referenced Mating Feature Set ID,Component2ReferencedMatingFeatureSetID,US,1,FALSE
007600C0,0076,00C0,118,192,Component 2 Referenced Mating Feature ID,Component2ReferencedMatingFeatureID,US,1,FALSE
00780001,0078,0001,120,1,Implant Template Group Name,ImplantTemplateGroupName,LO,1,FALSE
00780010,0078,0010,120,16,Implant Template Group Description,ImplantTemplateGroupDescription,ST,1,FALSE
00780020,0078,0020,120,32,Implant Template Group Issuer,ImplantTemplateGroupIssuer,LO,1,FALSE
00780024,0078,0024,120,36,Implant Template Group Version,ImplantTemplateGroupVersion,LO,1,FALSE
00780026,0078,0026,120,38,Replaced Implant Template Group Sequence,ReplacedImplantTemplateGroupSequence,SQ,1,FALSE
00780028,0078,0028,120,40,Implant Template Group Target Anatomy Sequence,ImplantTemplateGroupTargetAnatomySequence,SQ,1,FALSE
0078002A,0078,002A,120,42,Implant Template Group Members Sequence,ImplantTemplateGroupMembersSequence,SQ,1,FALSE
0078002E,0078,002E,120,46,Implant Template Group Member ID,ImplantTemplateGroupMemberID,US,1,FALSE
00780050,0078,0050,120,80,3D Implant Template Group Member Matching Point,ThreeDImplantTemplateGroupMemberMatchingPoint,FD,3,FALSE
00780060,0078,0060,120,96,3D Implant Template Group Member Matching Axes,ThreeDImplantTemplateGroupMemberMatchingAxes,FD,9,FALSE
00780070,0078,0070,120,112,Implant Template Group Member Matching 2D Coordinates Sequence,ImplantTemplateGroupMemberMatching2DCoordinatesSequence,SQ,1,FALSE
00780090,0078,0090,120,144,2D Implant Template Group Member Matching Point,TwoDImplantTemplateGroupMemberMatchingPoint,FD,2,FALSE
007800A0,0078,00A0,120,160,2D Implant Template Group Member Matching Axes,TwoDImplantTemplateGroupMemberMatchingAxes,FD,4,FALSE
007800B0,0078,00B0,120,176,Implant Template Group Variation Dimension Sequence,ImplantTemplateGroupVariationDimensionSequence,SQ,1,FALSE
007800B2,0078,00B2,120,178,Implant Template Group Variation Dimension Name,ImplantTemplateGroupVariationDimensionName,LO,1,FALSE
007800B4,0078,00B4,120,180,Implant Template Group Variation Dimension Rank Sequence,ImplantTemplateGroupVariationDimensionRankSequence,SQ,1,FALSE
007800B6,0078,00B6,120,182,Referenced Implant Template Group Member ID,ReferencedImplantTemplateGroupMemberID,US,1,FALSE
007800B8,0078,00B8,120,184,Implant Template Group Variation Dimension Rank,ImplantTemplateGroupVariationDimensionRank,US,1,FALSE
00800001,0080,0001,128,1,Surface Scan Acquisition Type Code Sequence,SurfaceScanAcquisitionTypeCodeSequence,SQ,1,FALSE
00800002,0080,0002,128,2,Surface Scan Mode Code Sequence,SurfaceScanModeCodeSequence,SQ,1,FALSE
00800003,0080,0003,128,3,Registration Method Code Sequence,RegistrationMethodCodeSequence,SQ,1,FALSE
00800004,0080,0004,128,4,Shot Duration Time,ShotDurationTime,FD,1,FALSE
00800005,0080,0005,128,5,Shot Offset Time,ShotOffsetTime,FD,1,FALSE
00800006,0080,0006,128,6,Surface Point Presentation Value Data,SurfacePointPresentationValueData,US,1-n,FALSE
00800007,0080,0007,128,7,Surface Point Color CIELab Value Data,SurfacePointColorCIELabValueData,US,3-3n,FALSE
00800008,0080,0008,128,8,UV Mapping Sequence,UVMappingSequence,SQ,1,FALSE
00800009,0080,0009,128,9,Texture Label,TextureLabel,SH,1,FALSE
00800010,0080,0010,128,16,U Value Data,UValueData,OF,1,FALSE
00800011,0080,0011,128,17,V Value Data,VValueData,OF,1,FALSE
00800012,0080,0012,128,18,Referenced Texture Sequence,ReferencedTextureSequence,SQ,1,FALSE
00800013,0080,0013,128,19,Referenced Surface Data Sequence,ReferencedSurfaceDataSequence,SQ,1,FALSE
00820001,0082,0001,130,1,Assessment Summary,AssessmentSummary,CS,1,FALSE
00820003,0082,0003,130,3,Assessment Summary Description,AssessmentSummaryDescription,UT,1,FALSE
00820004,0082,0004,130,4,Assessed SOP Instance Sequence,AssessedSOPInstanceSequence,SQ,1,FALSE
00820005,0082,0005,130,5,Referenced Comparison SOP Instance Sequence,ReferencedComparisonSOPInstanceSequence,SQ,1,FALSE
00820006,0082,0006,130,6,Number of Assessment Observations,NumberOfAssessmentObservations,UL,1,FALSE
00820007,0082,0007,130,7,Assessment Observations Sequence,AssessmentObservationsSequence,SQ,1,FALSE
00820008,0082,0008,130,8,Observation Significance,ObservationSignificance,CS,1,FALSE
0082000A,0082,000A,130,10,Observation Description,ObservationDescription,UT,1,FALSE
0082000C,0082,000C,130,12,Structured Constraint Observation Sequence,StructuredConstraintObservationSequence,SQ,1,FALSE
00820010,0082,0010,130,16,Assessed Attribute Value Sequence,AssessedAttributeValueSequence,SQ,1,FALSE
00820016,0082,0016,130,22,Assessment Set ID,AssessmentSetID,LO,1,FALSE
00820017,0082,0017,130,23,Assessment Requester Sequence,AssessmentRequesterSequence,SQ,1,FALSE
00820018,0082,0018,130,24,Selector Attribute Name,SelectorAttributeName,LO,1,FALSE
00820019,0082,0019,130,25,Selector Attribute Keyword,SelectorAttributeKeyword,LO,1,FALSE
00820021,0082,0021,130,33,Assessment Type Code Sequence,AssessmentTypeCodeSequence,SQ,1,FALSE
00820022,0082,0022,130,34,Observation Basis Code Sequence,ObservationBasisCodeSequence,SQ,1,FALSE
00820023,0082,0023,130,35,Assessment Label,AssessmentLabel,LO,1,FALSE
00820032,0082,0032,130,50,Constraint Type,ConstraintType,CS,1,FALSE
00820033,0082,0033,130,51,Specification Selection Guidance,SpecificationSelectionGuidance,UT,1,FALSE
00820034,0082,0034,130,52,Constraint Value Sequence,ConstraintValueSequence,SQ,1,FALSE
00820035,0082,0035,130,53,Recommended Default Value Sequence,RecommendedDefaultValueSequence,SQ,1,FALSE
00820036,0082,0036,130,54,Constraint Violation Significance,ConstraintViolationSignificance,CS,1,FALSE
00820037,0082,0037,130,55,Constraint Violation Condition,ConstraintViolationCondition,UT,1,FALSE
00820038,0082,0038,130,56,Modifiable Constraint Flag,ModifiableConstraintFlag,CS,1,FALSE
00880130,0088,0130,136,304,Storage Media File-set ID,StorageMediaFileSetID,SH,1,FALSE
00880140,0088,0140,136,320,Storage Media File-set UID,StorageMediaFileSetUID,UI,1,FALSE
00880200,0088,0200,136,512,Icon Image Sequence,IconImageSequence,SQ,1,FALSE
00880904,0088,0904,136,2308,Topic Title,TopicTitle,LO,1,TRUE
00880906,0088,0906,136,2310,Topic Subject,TopicSubject,ST,1,TRUE
00880910,0088,0910,136,2320,Topic Author,TopicAuthor,LO,1,TRUE
00880912,0088,0912,136,2322,Topic Keywords,TopicKeywords,LO,1-32,TRUE
01000410,0100,0410,256,1040,SOP Instance Status,SOPInstanceStatus,CS,1,FALSE
01000420,0100,0420,256,1056,SOP Authorization DateTime,SOPAuthorizationDateTime,DT,1,FALSE
01000424,0100,0424,256,1060,SOP Authorization Comment,SOPAuthorizationComment,LT,1,FALSE
01000426,0100,0426,256,1062,Authorization Equipment Certification Number,AuthorizationEquipmentCertificationNumber,LO,1,FALSE
04000005,0400,0005,1024,5,MAC ID Number,MACIDNumber,US,1,FALSE
04000010,0400,0010,1024,16,MAC Calculation Transfer Syntax UID,MACCalculationTransferSyntaxUID,UI,1,FALSE
04000015,0400,0015,1024,21,MAC Algorithm,MACAlgorithm,CS,1,FALSE
04000020,0400,0020,1024,32,Data Elements Signed,DataElementsSigned,AT,1-n,FALSE
04000100,0400,0100,1024,256,Digital Signature UID,DigitalSignatureUID,UI,1,FALSE
04000105,0400,0105,1024,261,Digital Signature DateTime,DigitalSignatureDateTime,DT,1,FALSE
04000110,0400,0110,1024,272,Certificate Type,CertificateType,CS,1,FALSE
04000115,0400,0115,1024,277,Certificate of Signer,CertificateOfSigner,OB,1,FALSE
04000120,0400,0120,1024,288,Signature,Signature,OB,1,FALSE
04000305,0400,0305,1024,773,Certified Timestamp Type,CertifiedTimestampType,CS,1,FALSE
04000310,0400,0310,1024,784,Certified Timestamp,CertifiedTimestamp,OB,1,FALSE
04000315,0400,0315,1024,789,,,FL,1,TRUE
04000401,0400,0401,1024,1025,Digital Signature Purpose Code Sequence,DigitalSignaturePurposeCodeSequence,SQ,1,FALSE
04000402,0400,0402,1024,1026,Referenced Digital Signature Sequence,ReferencedDigitalSignatureSequence,SQ,1,FALSE
04000403,0400,0403,1024,1027,Referenced SOP Instance MAC Sequence,ReferencedSOPInstanceMACSequence,SQ,1,FALSE
04000404,0400,0404,1024,1028,MAC,MAC,OB,1,FALSE
04000500,0400,0500,1024,1280,Encrypted Attributes Sequence,EncryptedAttributesSequence,SQ,1,FALSE
04000510,0400,0510,1024,1296,Encrypted Content Transfer Syntax UID,EncryptedContentTransferSyntaxUID,UI,1,FALSE
04000520,0400,0520,1024,1312,Encrypted Content,EncryptedContent,OB,1,FALSE
04000550,0400,0550,1024,1360,Modified Attributes Sequence,ModifiedAttributesSequence,SQ,1,FALSE
04000551,0400,0551,1024,1361,Nonconforming Modified Attributes Sequence,NonconformingModifiedAttributesSequence,SQ,1,FALSE
04000552,0400,0552,1024,1362,Nonconforming Data Element Value,NonconformingDataElementValue,OB,1,FALSE
04000561,0400,0561,1024,1377,Original Attributes Sequence,OriginalAttributesSequence,SQ,1,FALSE
04000562,0400,0562,1024,1378,Attribute Modification DateTime,AttributeModificationDateTime,DT,1,FALSE
04000563,0400,0563,1024,1379,Modifying System,ModifyingSystem,LO,1,FALSE
04000564,0400,0564,1024,1380,Source of Previous Values,SourceOfPreviousValues,LO,1,FALSE
04000565,0400,0565,1024,1381,Reason for the Attribute Modification,ReasonForTheAttributeModification,CS,1,FALSE
04000600,0400,0600,1024,1536,Instance Origin Status,InstanceOriginStatus,CS,1,FALSE
1000xxx0,1000,xxx0,4096,-1,Escape Triplet,EscapeTriplet,US,3,TRUE
1000xxx1,1000,xxx1,4096,-1,Run Length Triplet,RunLengthTriplet,US,3,TRUE
1000xxx2,1000,xxx2,4096,-1,Huffman Table Size,HuffmanTableSize,US,1,TRUE
1000xxx3,1000,xxx3,4096,-1,Huffman Table Triplet,HuffmanTableTriplet,US,3,TRUE
1000xxx4,1000,xxx4,4096,-1,Shift Table Size,ShiftTableSize,US,1,TRUE
1000xxx5,1000,xxx5,4096,-1,Shift Table Triplet,ShiftTableTriplet,US,3,TRUE
1010xxxx,1010,xxxx,4112,-1,Zonal Map,ZonalMap,US,1-n,TRUE
20000010,2000,0010,8192,16,Number of Copies,NumberOfCopies,IS,1,FALSE
2000001E,2000,001E,8192,30,Printer Configuration Sequence,PrinterConfigurationSequence,SQ,1,FALSE
20000020,2000,0020,8192,32,Print Priority,PrintPriority,CS,1,FALSE
20000030,2000,0030,8192,48,Medium Type,MediumType,CS,1,FALSE
20000040,2000,0040,8192,64,Film Destination,FilmDestination,CS,1,FALSE
20000050,2000,0050,8192,80,Film Session Label,FilmSessionLabel,LO,1,FALSE
20000060,2000,0060,8192,96,Memory Allocation,MemoryAllocation,IS,1,FALSE
20000061,2000,0061,8192,97,Maximum Memory Allocation,MaximumMemoryAllocation,IS,1,FALSE
20000062,2000,0062,8192,98,Color Image Printing Flag,ColorImagePrintingFlag,CS,1,TRUE
20000063,2000,0063,8192,99,Collation Flag,CollationFlag,CS,1,TRUE
20000065,2000,0065,8192,101,Annotation Flag,AnnotationFlag,CS,1,TRUE
20000067,2000,0067,8192,103,Image Overlay Flag,ImageOverlayFlag,CS,1,TRUE
20000069,2000,0069,8192,105,Presentation LUT Flag,PresentationLUTFlag,CS,1,TRUE
2000006A,2000,006A,8192,106,Image Box Presentation LUT Flag,ImageBoxPresentationLUTFlag,CS,1,TRUE
200000A0,2000,00A0,8192,160,Memory Bit Depth,MemoryBitDepth,US,1,FALSE
200000A1,2000,00A1,8192,161,Printing Bit Depth,PrintingBitDepth,US,1,FALSE
200000A2,2000,00A2,8192,162,Media Installed Sequence,MediaInstalledSequence,SQ,1,FALSE
200000A4,2000,00A4,8192,164,Other Media Available Sequence,OtherMediaAvailableSequence,SQ,1,FALSE
200000A8,2000,00A8,8192,168,Supported Image Display Formats Sequence,SupportedImageDisplayFormatsSequence,SQ,1,FALSE
20000500,2000,0500,8192,1280,Referenced Film Box Sequence,ReferencedFilmBoxSequence,SQ,1,FALSE
20000510,2000,0510,8192,1296,Referenced Stored Print Sequence,ReferencedStoredPrintSequence,SQ,1,TRUE
20100010,2010,0010,8208,16,Image Display Format,ImageDisplayFormat,ST,1,FALSE
20100030,2010,0030,8208,48,Annotation Display Format ID,AnnotationDisplayFormatID,CS,1,FALSE
20100040,2010,0040,8208,64,Film Orientation,FilmOrientation,CS,1,FALSE
20100050,2010,0050,8208,80,Film Size ID,FilmSizeID,CS,1,FALSE
20100052,2010,0052,8208,82,Printer Resolution ID,PrinterResolutionID,CS,1,FALSE
20100054,2010,0054,8208,84,Default Printer Resolution ID,DefaultPrinterResolutionID,CS,1,FALSE
20100060,2010,0060,8208,96,Magnification Type,MagnificationType,CS,1,FALSE
20100080,2010,0080,8208,128,Smoothing Type,SmoothingType,CS,1,FALSE
201000A6,2010,00A6,8208,166,Default Magnification Type,DefaultMagnificationType,CS,1,FALSE
201000A7,2010,00A7,8208,167,Other Magnification Types Available,OtherMagnificationTypesAvailable,CS,1-n,FALSE
201000A8,2010,00A8,8208,168,Default Smoothing Type,DefaultSmoothingType,CS,1,FALSE
201000A9,2010,00A9,8208,169,Other Smoothing Types Available,OtherSmoothingTypesAvailable,CS,1-n,FALSE
20100100,2010,0100,8208,256,Border Density,BorderDensity,CS,1,FALSE
20100110,2010,0110,8208,272,Empty Image Density,EmptyImageDensity,CS,1,FALSE
20100120,2010,0120,8208,288,Min Density,MinDensity,US,1,FALSE
20100130,2010,0130,8208,304,Max Density,MaxDensity,US,1,FALSE
20100140,2010,0140,8208,320,Trim,Trim,CS,1,FALSE
20100150,2010,0150,8208,336,Configuration Information,ConfigurationInformation,ST,1,FALSE
20100152,2010,0152,8208,338,Configuration Information Description,ConfigurationInformationDescription,LT,1,FALSE
20100154,2010,0154,8208,340,Maximum Collated Films,MaximumCollatedFilms,IS,1,FALSE
2010015E,2010,015E,8208,350,Illumination,Illumination,US,1,FALSE
20100160,2010,0160,8208,352,Reflected Ambient Light,ReflectedAmbientLight,US,1,FALSE
20100376,2010,0376,8208,886,Printer Pixel Spacing,PrinterPixelSpacing,DS,2,FALSE
20100500,2010,0500,8208,1280,Referenced Film Session Sequence,ReferencedFilmSessionSequence,SQ,1,FALSE
20100510,2010,0510,8208,1296,Referenced Image Box Sequence,ReferencedImageBoxSequence,SQ,1,FALSE
20100520,2010,0520,8208,1312,Referenced Basic Annotation Box Sequence,ReferencedBasicAnnotationBoxSequence,SQ,1,FALSE
20200010,2020,0010,8224,16,Image Box Position,ImageBoxPosition,US,1,FALSE
20200020,2020,0020,8224,32,Polarity,Polarity,CS,1,FALSE
20200030,2020,0030,8224,48,Requested Image Size,RequestedImageSize,DS,1,FALSE
20200040,2020,0040,8224,64,Requested Decimate/Crop Behavior,RequestedDecimateCropBehavior,CS,1,FALSE
20200050,2020,0050,8224,80,Requested Resolution ID,RequestedResolutionID,CS,1,FALSE
202000A0,2020,00A0,8224,160,Requested Image Size Flag,RequestedImageSizeFlag,CS,1,FALSE
202000A2,2020,00A2,8224,162,Decimate/Crop Result,DecimateCropResult,CS,1,FALSE
20200110,2020,0110,8224,272,Basic Grayscale Image Sequence,BasicGrayscaleImageSequence,SQ,1,FALSE
20200111,2020,0111,8224,273,Basic Color Image Sequence,BasicColorImageSequence,SQ,1,FALSE
20200130,2020,0130,8224,304,Referenced Image Overlay Box Sequence,ReferencedImageOverlayBoxSequence,SQ,1,TRUE
20200140,2020,0140,8224,320,Referenced VOI LUT Box Sequence,ReferencedVOILUTBoxSequence,SQ,1,TRUE
20300010,2030,0010,8240,16,Annotation Position,AnnotationPosition,US,1,FALSE
20300020,2030,0020,8240,32,Text String,TextString,LO,1,FALSE
20400010,2040,0010,8256,16,Referenced Overlay Plane Sequence,ReferencedOverlayPlaneSequence,SQ,1,TRUE
20400011,2040,0011,8256,17,Referenced Overlay Plane Groups,ReferencedOverlayPlaneGroups,US,1-99,TRUE
20400020,2040,0020,8256,32,Overlay Pixel Data Sequence,OverlayPixelDataSequence,SQ,1,TRUE
20400060,2040,0060,8256,96,Overlay Magnification Type,OverlayMagnificationType,CS,1,TRUE
20400070,2040,0070,8256,112,Overlay Smoothing Type,OverlaySmoothingType,CS,1,TRUE
20400072,2040,0072,8256,114,Overlay or Image Magnification,OverlayOrImageMagnification,CS,1,TRUE
20400074,2040,0074,8256,116,Magnify to Number of Columns,MagnifyToNumberOfColumns,US,1,TRUE
20400080,2040,0080,8256,128,Overlay Foreground Density,OverlayForegroundDensity,CS,1,TRUE
20400082,2040,0082,8256,130,Overlay Background Density,OverlayBackgroundDensity,CS,1,TRUE
20400090,2040,0090,8256,144,Overlay Mode,OverlayMode,CS,1,TRUE
20400100,2040,0100,8256,256,Threshold Density,ThresholdDensity,CS,1,TRUE
20400500,2040,0500,8256,1280,Referenced Image Box Sequence (Retired),ReferencedImageBoxSequenceRetired,SQ,1,TRUE
20500010,2050,0010,8272,16,Presentation LUT Sequence,PresentationLUTSequence,SQ,1,FALSE
20500020,2050,0020,8272,32,Presentation LUT Shape,PresentationLUTShape,CS,1,FALSE
20500500,2050,0500,8272,1280,Referenced Presentation LUT Sequence,ReferencedPresentationLUTSequence,SQ,1,FALSE
21000010,2100,0010,8448,16,Print Job ID,PrintJobID,SH,1,TRUE
21000020,2100,0020,8448,32,Execution Status,ExecutionStatus,CS,1,FALSE
21000030,2100,0030,8448,48,Execution Status Info,ExecutionStatusInfo,CS,1,FALSE
21000040,2100,0040,8448,64,Creation Date,CreationDate,DA,1,FALSE
21000050,2100,0050,8448,80,Creation Time,CreationTime,TM,1,FALSE
21000070,2100,0070,8448,112,Originator,Originator,AE,1,FALSE
21000140,2100,0140,8448,320,Destination AE,DestinationAE,AE,1,FALSE
21000160,2100,0160,8448,352,Owner ID,OwnerID,SH,1,FALSE
21000170,2100,0170,8448,368,Number of Films,NumberOfFilms,IS,1,FALSE
21000500,2100,0500,8448,1280,Referenced Print Job Sequence (Pull Stored Print),ReferencedPrintJobSequencePullStoredPrint,SQ,1,TRUE
21100010,2110,0010,8464,16,Printer Status,PrinterStatus,CS,1,FALSE
21100020,2110,0020,8464,32,Printer Status Info,PrinterStatusInfo,CS,1,FALSE
21100030,2110,0030,8464,48,Printer Name,PrinterName,LO,1,FALSE
21100099,2110,0099,8464,153,Print Queue ID,PrintQueueID,SH,1,TRUE
21200010,2120,0010,8480,16,Queue Status,QueueStatus,CS,1,TRUE
21200050,2120,0050,8480,80,Print Job Description Sequence,PrintJobDescriptionSequence,SQ,1,TRUE
21200070,2120,0070,8480,112,Referenced Print Job Sequence,ReferencedPrintJobSequence,SQ,1,TRUE
21300010,2130,0010,8496,16,Print Management Capabilities Sequence,PrintManagementCapabilitiesSequence,SQ,1,TRUE
21300015,2130,0015,8496,21,Printer Characteristics Sequence,PrinterCharacteristicsSequence,SQ,1,TRUE
21300030,2130,0030,8496,48,Film Box Content Sequence,FilmBoxContentSequence,SQ,1,TRUE
21300040,2130,0040,8496,64,Image Box Content Sequence,ImageBoxContentSequence,SQ,1,TRUE
21300050,2130,0050,8496,80,Annotation Content Sequence,AnnotationContentSequence,SQ,1,TRUE
21300060,2130,0060,8496,96,Image Overlay Box Content Sequence,ImageOverlayBoxContentSequence,SQ,1,TRUE
21300080,2130,0080,8496,128,Presentation LUT Content Sequence,PresentationLUTContentSequence,SQ,1,TRUE
213000A0,2130,00A0,8496,160,Proposed Study Sequence,ProposedStudySequence,SQ,1,FALSE
213000C0,2130,00C0,8496,192,Original Image Sequence,OriginalImageSequence,SQ,1,FALSE
22000001,2200,0001,8704,1,Label Using Information Extracted From Instances,LabelUsingInformationExtractedFromInstances,CS,1,FALSE
22000002,2200,0002,8704,2,Label Text,LabelText,UT,1,FALSE
22000003,2200,0003,8704,3,Label Style Selection,LabelStyleSelection,CS,1,FALSE
22000004,2200,0004,8704,4,Media Disposition,MediaDisposition,LT,1,FALSE
22000005,2200,0005,8704,5,Barcode Value,BarcodeValue,LT,1,FALSE
22000006,2200,0006,8704,6,Barcode Symbology,BarcodeSymbology,CS,1,FALSE
22000007,2200,0007,8704,7,Allow Media Splitting,AllowMediaSplitting,CS,1,FALSE
22000008,2200,0008,8704,8,Include Non-DICOM Objects,IncludeNonDICOMObjects,CS,1,FALSE
22000009,2200,0009,8704,9,Include Display Application,IncludeDisplayApplication,CS,1,FALSE
2200000A,2200,000A,8704,10,Preserve Composite Instances After Media Creation,PreserveCompositeInstancesAfterMediaCreation,CS,1,FALSE
2200000B,2200,000B,8704,11,Total Number of Pieces of Media Created,TotalNumberOfPiecesOfMediaCreated,US,1,FALSE
2200000C,2200,000C,8704,12,Requested Media Application Profile,RequestedMediaApplicationProfile,LO,1,FALSE
2200000D,2200,000D,8704,13,Referenced Storage Media Sequence,ReferencedStorageMediaSequence,SQ,1,FALSE
2200000E,2200,000E,8704,14,Failure Attributes,FailureAttributes,AT,1-n,FALSE
2200000F,2200,000F,8704,15,Allow Lossy Compression,AllowLossyCompression,CS,1,FALSE
22000020,2200,0020,8704,32,Request Priority,RequestPriority,CS,1,FALSE
30020002,3002,0002,12290,2,RT Image Label,RTImageLabel,SH,1,FALSE
30020003,3002,0003,12290,3,RT Image Name,RTImageName,LO,1,FALSE
30020004,3002,0004,12290,4,RT Image Description,RTImageDescription,ST,1,FALSE
3002000A,3002,000A,12290,10,Reported Values Origin,ReportedValuesOrigin,CS,1,FALSE
3002000C,3002,000C,12290,12,RT Image Plane,RTImagePlane,CS,1,FALSE
3002000D,3002,000D,12290,13,X-Ray Image Receptor Translation,XRayImageReceptorTranslation,DS,3,FALSE
3002000E,3002,000E,12290,14,X-Ray Image Receptor Angle,XRayImageReceptorAngle,DS,1,FALSE
30020010,3002,0010,12290,16,RT Image Orientation,RTImageOrientation,DS,6,FALSE
30020011,3002,0011,12290,17,Image Plane Pixel Spacing,ImagePlanePixelSpacing,DS,2,FALSE
30020012,3002,0012,12290,18,RT Image Position,RTImagePosition,DS,2,FALSE
30020020,3002,0020,12290,32,Radiation Machine Name,RadiationMachineName,SH,1,FALSE
30020022,3002,0022,12290,34,Radiation Machine SAD,RadiationMachineSAD,DS,1,FALSE
30020024,3002,0024,12290,36,Radiation Machine SSD,RadiationMachineSSD,DS,1,FALSE
30020026,3002,0026,12290,38,RT Image SID,RTImageSID,DS,1,FALSE
30020028,3002,0028,12290,40,Source to Reference Object Distance,SourceToReferenceObjectDistance,DS,1,FALSE
30020029,3002,0029,12290,41,Fraction Number,FractionNumber,IS,1,FALSE
30020030,3002,0030,12290,48,Exposure Sequence,ExposureSequence,SQ,1,FALSE
30020032,3002,0032,12290,50,Meterset Exposure,MetersetExposure,DS,1,FALSE
30020034,3002,0034,12290,52,Diaphragm Position,DiaphragmPosition,DS,4,FALSE
30020040,3002,0040,12290,64,Fluence Map Sequence,FluenceMapSequence,SQ,1,FALSE
30020041,3002,0041,12290,65,Fluence Data Source,FluenceDataSource,CS,1,FALSE
30020042,3002,0042,12290,66,Fluence Data Scale,FluenceDataScale,DS,1,FALSE
30020050,3002,0050,12290,80,Primary Fluence Mode Sequence,PrimaryFluenceModeSequence,SQ,1,FALSE
30020051,3002,0051,12290,81,Fluence Mode,FluenceMode,CS,1,FALSE
30020052,3002,0052,12290,82,Fluence Mode ID,FluenceModeID,SH,1,FALSE
30020100,3002,0100,12290,256,Selected Frame Number,SelectedFrameNumber,IS,1,FALSE
30020101,3002,0101,12290,257,Selected Frame Functional Groups Sequence,SelectedFrameFunctionalGroupsSequence,SQ,1,FALSE
30020102,3002,0102,12290,258,RT Image Frame General Content Sequence,RTImageFrameGeneralContentSequence,SQ,1,FALSE
30020103,3002,0103,12290,259,RT Image Frame Context Sequence,RTImageFrameContextSequence,SQ,1,FALSE
30020104,3002,0104,12290,260,RT Image Scope Sequence,RTImageScopeSequence,SQ,1,FALSE
30020105,3002,0105,12290,261,Beam Modifier Coordinates Presence Flag,BeamModifierCoordinatesPresenceFlag,CS,1,FALSE
30020106,3002,0106,12290,262,Start Cumulative Meterset,StartCumulativeMeterset,FD,1,FALSE
30020107,3002,0107,12290,263,Stop Cumulative Meterset,StopCumulativeMeterset,FD,1,FALSE
30020108,3002,0108,12290,264,RT Acquisition Patient Position Sequence,RTAcquisitionPatientPositionSequence,SQ,1,FALSE
30020109,3002,0109,12290,265,RT Image Frame Imaging Device Position Sequence,RTImageFrameImagingDevicePositionSequence,SQ,1,FALSE
3002010A,3002,010A,12290,266,RT Image Frame kV Radiation Acquisition Sequence,RTImageFramekVRadiationAcquisitionSequence,SQ,1,FALSE
3002010B,3002,010B,12290,267,RT Image Frame MV Radiation Acquisition Sequence,RTImageFrameMVRadiationAcquisitionSequence,SQ,1,FALSE
3002010C,3002,010C,12290,268,RT Image Frame Radiation Acquisition Sequence,RTImageFrameRadiationAcquisitionSequence,SQ,1,FALSE
3002010D,3002,010D,12290,269,Imaging Source Position Sequence,ImagingSourcePositionSequence,SQ,1,FALSE
3002010E,3002,010E,12290,270,Image Receptor Position Sequence,ImageReceptorPositionSequence,SQ,1,FALSE
3002010F,3002,010F,12290,271,Device Position to Equipment Mapping Matrix,DevicePositionToEquipmentMappingMatrix,FD,16,FALSE
30020110,3002,0110,12290,272,Device Position Parameter Sequence,DevicePositionParameterSequence,SQ,1,FALSE
30020111,3002,0111,12290,273,Imaging Source Location Specification Type,ImagingSourceLocationSpecificationType,CS,1,FALSE
30020112,3002,0112,12290,274,Imaging Device Location Matrix Sequence,ImagingDeviceLocationMatrixSequence,SQ,1,FALSE
30020113,3002,0113,12290,275,Imaging Device Location Parameter Sequence,ImagingDeviceLocationParameterSequence,SQ,1,FALSE
30020114,3002,0114,12290,276,Imaging Aperture Sequence,ImagingApertureSequence,SQ,1,FALSE
30020115,3002,0115,12290,277,Imaging Aperture Specification Type,ImagingApertureSpecificationType,CS,1,FALSE
30020116,3002,0116,12290,278,Number of Acquisition Devices,NumberOfAcquisitionDevices,US,1,FALSE
30020117,3002,0117,12290,279,Acquisition Device Sequence,AcquisitionDeviceSequence,SQ,1,FALSE
30020118,3002,0118,12290,280,Acquisition Task Sequence,AcquisitionTaskSequence,SQ,1,FALSE
30020119,3002,0119,12290,281,Acquisition Task Workitem Code Sequence,AcquisitionTaskWorkitemCodeSequence,SQ,1,FALSE
3002011A,3002,011A,12290,282,Acquisition Subtask Sequence,AcquisitionSubtaskSequence,SQ,1,FALSE
3002011B,3002,011B,12290,283,Subtask Workitem Code Sequence,SubtaskWorkitemCodeSequence,SQ,1,FALSE
3002011C,3002,011C,12290,284,Acquisition Task Index,AcquisitionTaskIndex,US,1,FALSE
3002011D,3002,011D,12290,285,Acquisition Subtask Index,AcquisitionSubtaskIndex,US,1,FALSE
3002011E,3002,011E,12290,286,Referenced Baseline Parameters RT Radiation Instance Sequence,ReferencedBaselineParametersRTRadiationInstanceSequence,SQ,1,FALSE
3002011F,3002,011F,12290,287,Position Acquisition Template Identification Sequence,PositionAcquisitionTemplateIdentificationSequence,SQ,1,FALSE
30020120,3002,0120,12290,288,Position Acquisition Template ID,PositionAcquisitionTemplateID,ST,1,FALSE
30020121,3002,0121,12290,289,Position Acquisition Template Name,PositionAcquisitionTemplateName,LO,1,FALSE
30020122,3002,0122,12290,290,Position Acquisition Template Code Sequence,PositionAcquisitionTemplateCodeSequence,SQ,1,FALSE
30020123,3002,0123,12290,291,Position Acquisition Template Description,PositionAcquisitionTemplateDescription,LT,1,FALSE
30020124,3002,0124,12290,292,Acquisition Task Applicability Sequence,AcquisitionTaskApplicabilitySequence,SQ,1,FALSE
30020125,3002,0125,12290,293,Projection Imaging Acquisition Parameter Sequence,ProjectionImagingAcquisitionParameterSequence,SQ,1,FALSE
30020126,3002,0126,12290,294,CT Imaging Acquisition Parameter Sequence,CTImagingAcquisitionParameterSequence,SQ,1,FALSE
30020127,3002,0127,12290,295,KV Imaging Generation Parameters Sequence,KVImagingGenerationParametersSequence,SQ,1,FALSE
30020128,3002,0128,12290,296,MV Imaging Generation Parameters Sequence,MVImagingGenerationParametersSequence,SQ,1,FALSE
30020129,3002,0129,12290,297,Acquisition Signal Type,AcquisitionSignalType,CS,1,FALSE
3002012A,3002,012A,12290,298,Acquisition Method,AcquisitionMethod,CS,1,FALSE
3002012B,3002,012B,12290,299,Scan Start Position Sequence,ScanStartPositionSequence,SQ,1,FALSE
3002012C,3002,012C,12290,300,Scan Stop Position Sequence,ScanStopPositionSequence,SQ,1,FALSE
3002012D,3002,012D,12290,301,Imaging Source to Beam Modifier Definition Plane Distance,ImagingSourceToBeamModifierDefinitionPlaneDistance,FD,1,FALSE
3002012E,3002,012E,12290,302,Scan Arc Type,ScanArcType,CS,1,FALSE
3002012F,3002,012F,12290,303,Detector Positioning Type,DetectorPositioningType,CS,1,FALSE
30020130,3002,0130,12290,304,Additional RT Accessory Device Sequence,AdditionalRTAccessoryDeviceSequence,SQ,1,FALSE
30020131,3002,0131,12290,305,Device-Specific Acquisition Parameter Sequence,DeviceSpecificAcquisitionParameterSequence,SQ,1,FALSE
30020132,3002,0132,12290,306,Referenced Position Reference Instance Sequence,ReferencedPositionReferenceInstanceSequence,SQ,1,FALSE
30020133,3002,0133,12290,307,Energy Derivation Code Sequence,EnergyDerivationCodeSequence,SQ,1,FALSE
30020134,3002,0134,12290,308,Maximum Cumulative Meterset Exposure,MaximumCumulativeMetersetExposure,FD,1,FALSE
30020135,3002,0135,12290,309,Acquisition Initiation Sequence,AcquisitionInitiationSequence,SQ,1,FALSE
30040001,3004,0001,12292,1,DVH Type,DVHType,CS,1,FALSE
30040002,3004,0002,12292,2,Dose Units,DoseUnits,CS,1,FALSE
30040004,3004,0004,12292,4,Dose Type,DoseType,CS,1,FALSE
30040005,3004,0005,12292,5,Spatial Transform of Dose,SpatialTransformOfDose,CS,1,FALSE
30040006,3004,0006,12292,6,Dose Comment,DoseComment,LO,1,FALSE
30040008,3004,0008,12292,8,Normalization Point,NormalizationPoint,DS,3,FALSE
3004000A,3004,000A,12292,10,Dose Summation Type,DoseSummationType,CS,1,FALSE
3004000C,3004,000C,12292,12,Grid Frame Offset Vector,GridFrameOffsetVector,DS,2-n,FALSE
3004000E,3004,000E,12292,14,Dose Grid Scaling,DoseGridScaling,DS,1,FALSE
30040010,3004,0010,12292,16,RT Dose ROI Sequence,RTDoseROISequence,SQ,1,TRUE
30040012,3004,0012,12292,18,Dose Value,DoseValue,DS,1,TRUE
30040014,3004,0014,12292,20,Tissue Heterogeneity Correction,TissueHeterogeneityCorrection,CS,1-3,FALSE
30040040,3004,0040,12292,64,DVH Normalization Point,DVHNormalizationPoint,DS,3,FALSE
30040042,3004,0042,12292,66,DVH Normalization Dose Value,DVHNormalizationDoseValue,DS,1,FALSE
30040050,3004,0050,12292,80,DVH Sequence,DVHSequence,SQ,1,FALSE
30040052,3004,0052,12292,82,DVH Dose Scaling,DVHDoseScaling,DS,1,FALSE
30040054,3004,0054,12292,84,DVH Volume Units,DVHVolumeUnits,CS,1,FALSE
30040056,3004,0056,12292,86,DVH Number of Bins,DVHNumberOfBins,IS,1,FALSE
30040058,3004,0058,12292,88,DVH Data,DVHData,DS,2-2n,FALSE
30040060,3004,0060,12292,96,DVH Referenced ROI Sequence,DVHReferencedROISequence,SQ,1,FALSE
30040062,3004,0062,12292,98,DVH ROI Contribution Type,DVHROIContributionType,CS,1,FALSE
30040070,3004,0070,12292,112,DVH Minimum Dose,DVHMinimumDose,DS,1,FALSE
30040072,3004,0072,12292,114,DVH Maximum Dose,DVHMaximumDose,DS,1,FALSE
30040074,3004,0074,12292,116,DVH Mean Dose,DVHMeanDose,DS,1,FALSE
30060002,3006,0002,12294,2,Structure Set Label,StructureSetLabel,SH,1,FALSE
30060004,3006,0004,12294,4,Structure Set Name,StructureSetName,LO,1,FALSE
30060006,3006,0006,12294,6,Structure Set Description,StructureSetDescription,ST,1,FALSE
30060008,3006,0008,12294,8,Structure Set Date,StructureSetDate,DA,1,FALSE
30060009,3006,0009,12294,9,Structure Set Time,StructureSetTime,TM,1,FALSE
30060010,3006,0010,12294,16,Referenced Frame of Reference Sequence,ReferencedFrameOfReferenceSequence,SQ,1,FALSE
30060012,3006,0012,12294,18,RT Referenced Study Sequence,RTReferencedStudySequence,SQ,1,FALSE
30060014,3006,0014,12294,20,RT Referenced Series Sequence,RTReferencedSeriesSequence,SQ,1,FALSE
30060016,3006,0016,12294,22,Contour Image Sequence,ContourImageSequence,SQ,1,FALSE
30060018,3006,0018,12294,24,Predecessor Structure Set Sequence,PredecessorStructureSetSequence,SQ,1,FALSE
30060020,3006,0020,12294,32,Structure Set ROI Sequence,StructureSetROISequence,SQ,1,FALSE
30060022,3006,0022,12294,34,ROI Number,ROINumber,IS,1,FALSE
30060024,3006,0024,12294,36,Referenced Frame of Reference UID,ReferencedFrameOfReferenceUID,UI,1,FALSE
30060026,3006,0026,12294,38,ROI Name,ROIName,LO,1,FALSE
30060028,3006,0028,12294,40,ROI Description,ROIDescription,ST,1,FALSE
3006002A,3006,002A,12294,42,ROI Display Color,ROIDisplayColor,IS,3,FALSE
3006002C,3006,002C,12294,44,ROI Volume,ROIVolume,DS,1,FALSE
30060030,3006,0030,12294,48,RT Related ROI Sequence,RTRelatedROISequence,SQ,1,FALSE
30060033,3006,0033,12294,51,RT ROI Relationship,RTROIRelationship,CS,1,FALSE
30060036,3006,0036,12294,54,ROI Generation Algorithm,ROIGenerationAlgorithm,CS,1,FALSE
30060037,3006,0037,12294,55,ROI Derivation Algorithm Identification Sequence,ROIDerivationAlgorithmIdentificationSequence,SQ,1,FALSE
30060038,3006,0038,12294,56,ROI Generation Description,ROIGenerationDescription,LO,1,FALSE
30060039,3006,0039,12294,57,ROI Contour Sequence,ROIContourSequence,SQ,1,FALSE
30060040,3006,0040,12294,64,Contour Sequence,ContourSequence,SQ,1,FALSE
30060042,3006,0042,12294,66,Contour Geometric Type,ContourGeometricType,CS,1,FALSE
30060044,3006,0044,12294,68,Contour Slab Thickness,ContourSlabThickness,DS,1,TRUE
30060045,3006,0045,12294,69,Contour Offset Vector,ContourOffsetVector,DS,3,TRUE
30060046,3006,0046,12294,70,Number of Contour Points,NumberOfContourPoints,IS,1,FALSE
30060048,3006,0048,12294,72,Contour Number,ContourNumber,IS,1,FALSE
30060049,3006,0049,12294,73,Attached Contours,AttachedContours,IS,1-n,TRUE
3006004A,3006,004A,12294,74,Source Pixel Planes Characteristics Sequence,SourcePixelPlanesCharacteristicsSequence,SQ,1,FALSE
30060050,3006,0050,12294,80,Contour Data,ContourData,DS,3-3n,FALSE
30060080,3006,0080,12294,128,RT ROI Observations Sequence,RTROIObservationsSequence,SQ,1,FALSE
30060082,3006,0082,12294,130,Observation Number,ObservationNumber,IS,1,FALSE
30060084,3006,0084,12294,132,Referenced ROI Number,ReferencedROINumber,IS,1,FALSE
30060085,3006,0085,12294,133,ROI Observation Label,ROIObservationLabel,SH,1,TRUE
30060086,3006,0086,12294,134,RT ROI Identification Code Sequence,RTROIIdentificationCodeSequence,SQ,1,FALSE
30060088,3006,0088,12294,136,ROI Observation Description,ROIObservationDescription,ST,1,TRUE
300600A0,3006,00A0,12294,160,Related RT ROI Observations Sequence,RelatedRTROIObservationsSequence,SQ,1,FALSE
300600A4,3006,00A4,12294,164,RT ROI Interpreted Type,RTROIInterpretedType,CS,1,FALSE
300600A6,3006,00A6,12294,166,ROI Interpreter,ROIInterpreter,PN,1,FALSE
300600B0,3006,00B0,12294,176,ROI Physical Properties Sequence,ROIPhysicalPropertiesSequence,SQ,1,FALSE
300600B2,3006,00B2,12294,178,ROI Physical Property,ROIPhysicalProperty,CS,1,FALSE
300600B4,3006,00B4,12294,180,ROI Physical Property Value,ROIPhysicalPropertyValue,DS,1,FALSE
300600B6,3006,00B6,12294,182,ROI Elemental Composition Sequence,ROIElementalCompositionSequence,SQ,1,FALSE
300600B7,3006,00B7,12294,183,ROI Elemental Composition Atomic Number,ROIElementalCompositionAtomicNumber,US,1,FALSE
300600B8,3006,00B8,12294,184,ROI Elemental Composition Atomic Mass Fraction,ROIElementalCompositionAtomicMassFraction,FL,1,FALSE
300600B9,3006,00B9,12294,185,Additional RT ROI Identification Code Sequence,AdditionalRTROIIdentificationCodeSequence,SQ,1,TRUE
300600C0,3006,00C0,12294,192,Frame of Reference Relationship Sequence,FrameOfReferenceRelationshipSequence,SQ,1,TRUE
300600C2,3006,00C2,12294,194,Related Frame of Reference UID,RelatedFrameOfReferenceUID,UI,1,TRUE
300600C4,3006,00C4,12294,196,Frame of Reference Transformation Type,FrameOfReferenceTransformationType,CS,1,TRUE
300600C6,3006,00C6,12294,198,Frame of Reference Transformation Matrix,FrameOfReferenceTransformationMatrix,DS,16,FALSE
300600C8,3006,00C8,12294,200,Frame of Reference Transformation Comment,FrameOfReferenceTransformationComment,LO,1,FALSE
300600C9,3006,00C9,12294,201,Patient Location Coordinates Sequence,PatientLocationCoordinatesSequence,SQ,1,FALSE
300600CA,3006,00CA,12294,202,Patient Location Coordinates Code Sequence,PatientLocationCoordinatesCodeSequence,SQ,1,FALSE
300600CB,3006,00CB,12294,203,Patient Support Position Sequence,PatientSupportPositionSequence,SQ,1,FALSE
30080010,3008,0010,12296,16,Measured Dose Reference Sequence,MeasuredDoseReferenceSequence,SQ,1,FALSE
30080012,3008,0012,12296,18,Measured Dose Description,MeasuredDoseDescription,ST,1,FALSE
30080014,3008,0014,12296,20,Measured Dose Type,MeasuredDoseType,CS,1,FALSE
30080016,3008,0016,12296,22,Measured Dose Value,MeasuredDoseValue,DS,1,FALSE
30080020,3008,0020,12296,32,Treatment Session Beam Sequence,TreatmentSessionBeamSequence,SQ,1,FALSE
30080021,3008,0021,12296,33,Treatment Session Ion Beam Sequence,TreatmentSessionIonBeamSequence,SQ,1,FALSE
30080022,3008,0022,12296,34,Current Fraction Number,CurrentFractionNumber,IS,1,FALSE
30080024,3008,0024,12296,36,Treatment Control Point Date,TreatmentControlPointDate,DA,1,FALSE
30080025,3008,0025,12296,37,Treatment Control Point Time,TreatmentControlPointTime,TM,1,FALSE
3008002A,3008,002A,12296,42,Treatment Termination Status,TreatmentTerminationStatus,CS,1,FALSE
3008002B,3008,002B,12296,43,Treatment Termination Code,TreatmentTerminationCode,SH,1,FALSE
3008002C,3008,002C,12296,44,Treatment Verification Status,TreatmentVerificationStatus,CS,1,FALSE
30080030,3008,0030,12296,48,Referenced Treatment Record Sequence,ReferencedTreatmentRecordSequence,SQ,1,FALSE
30080032,3008,0032,12296,50,Specified Primary Meterset,SpecifiedPrimaryMeterset,DS,1,FALSE
30080033,3008,0033,12296,51,Specified Secondary Meterset,SpecifiedSecondaryMeterset,DS,1,FALSE
30080036,3008,0036,12296,54,Delivered Primary Meterset,DeliveredPrimaryMeterset,DS,1,FALSE
30080037,3008,0037,12296,55,Delivered Secondary Meterset,DeliveredSecondaryMeterset,DS,1,FALSE
3008003A,3008,003A,12296,58,Specified Treatment Time,SpecifiedTreatmentTime,DS,1,FALSE
3008003B,3008,003B,12296,59,Delivered Treatment Time,DeliveredTreatmentTime,DS,1,FALSE
30080040,3008,0040,12296,64,Control Point Delivery Sequence,ControlPointDeliverySequence,SQ,1,FALSE
30080041,3008,0041,12296,65,Ion Control Point Delivery Sequence,IonControlPointDeliverySequence,SQ,1,FALSE
30080042,3008,0042,12296,66,Specified Meterset,SpecifiedMeterset,DS,1,FALSE
30080044,3008,0044,12296,68,Delivered Meterset,DeliveredMeterset,DS,1,FALSE
30080045,3008,0045,12296,69,Meterset Rate Set,MetersetRateSet,FL,1,FALSE
30080046,3008,0046,12296,70,Meterset Rate Delivered,MetersetRateDelivered,FL,1,FALSE
30080047,3008,0047,12296,71,Scan Spot Metersets Delivered,ScanSpotMetersetsDelivered,FL,1-n,FALSE
30080048,3008,0048,12296,72,Dose Rate Delivered,DoseRateDelivered,DS,1,FALSE
30080050,3008,0050,12296,80,Treatment Summary Calculated Dose Reference Sequence,TreatmentSummaryCalculatedDoseReferenceSequence,SQ,1,FALSE
30080052,3008,0052,12296,82,Cumulative Dose to Dose Reference,CumulativeDoseToDoseReference,DS,1,FALSE
30080054,3008,0054,12296,84,First Treatment Date,FirstTreatmentDate,DA,1,FALSE
30080056,3008,0056,12296,86,Most Recent Treatment Date,MostRecentTreatmentDate,DA,1,FALSE
3008005A,3008,005A,12296,90,Number of Fractions Delivered,NumberOfFractionsDelivered,IS,1,FALSE
30080060,3008,0060,12296,96,Override Sequence,OverrideSequence,SQ,1,FALSE
30080061,3008,0061,12296,97,Parameter Sequence Pointer,ParameterSequencePointer,AT,1,FALSE
30080062,3008,0062,12296,98,Override Parameter Pointer,OverrideParameterPointer,AT,1,FALSE
30080063,3008,0063,12296,99,Parameter Item Index,ParameterItemIndex,IS,1,FALSE
30080064,3008,0064,12296,100,Measured Dose Reference Number,MeasuredDoseReferenceNumber,IS,1,FALSE
30080065,3008,0065,12296,101,Parameter Pointer,ParameterPointer,AT,1,FALSE
30080066,3008,0066,12296,102,Override Reason,OverrideReason,ST,1,FALSE
30080067,3008,0067,12296,103,Parameter Value Number,ParameterValueNumber,US,1,FALSE
30080068,3008,0068,12296,104,Corrected Parameter Sequence,CorrectedParameterSequence,SQ,1,FALSE
3008006A,3008,006A,12296,106,Correction Value,CorrectionValue,FL,1,FALSE
30080070,3008,0070,12296,112,Calculated Dose Reference Sequence,CalculatedDoseReferenceSequence,SQ,1,FALSE
30080072,3008,0072,12296,114,Calculated Dose Reference Number,CalculatedDoseReferenceNumber,IS,1,FALSE
30080074,3008,0074,12296,116,Calculated Dose Reference Description,CalculatedDoseReferenceDescription,ST,1,FALSE
30080076,3008,0076,12296,118,Calculated Dose Reference Dose Value,CalculatedDoseReferenceDoseValue,DS,1,FALSE
30080078,3008,0078,12296,120,Start Meterset,StartMeterset,DS,1,FALSE
3008007A,3008,007A,12296,122,End Meterset,EndMeterset,DS,1,FALSE
30080080,3008,0080,12296,128,Referenced Measured Dose Reference Sequence,ReferencedMeasuredDoseReferenceSequence,SQ,1,FALSE
30080082,3008,0082,12296,130,Referenced Measured Dose Reference Number,ReferencedMeasuredDoseReferenceNumber,IS,1,FALSE
30080090,3008,0090,12296,144,Referenced Calculated Dose Reference Sequence,ReferencedCalculatedDoseReferenceSequence,SQ,1,FALSE
30080092,3008,0092,12296,146,Referenced Calculated Dose Reference Number,ReferencedCalculatedDoseReferenceNumber,IS,1,FALSE
300800A0,3008,00A0,12296,160,Beam Limiting Device Leaf Pairs Sequence,BeamLimitingDeviceLeafPairsSequence,SQ,1,FALSE
300800A1,3008,00A1,12296,161,Enhanced RT Beam Limiting Device Sequence,EnhancedRTBeamLimitingDeviceSequence,SQ,1,FALSE
300800A2,3008,00A2,12296,162,Enhanced RT Beam Limiting Opening Sequence,EnhancedRTBeamLimitingOpeningSequence,SQ,1,FALSE
300800A3,3008,00A3,12296,163,Enhanced RT Beam Limiting Device Definition Flag,EnhancedRTBeamLimitingDeviceDefinitionFlag,CS,1,FALSE
300800A4,3008,00A4,12296,164,Parallel RT Beam Delimiter Opening Extents,ParallelRTBeamDelimiterOpeningExtents,FD,2-2n,FALSE
300800B0,3008,00B0,12296,176,Recorded Wedge Sequence,RecordedWedgeSequence,SQ,1,FALSE
300800C0,3008,00C0,12296,192,Recorded Compensator Sequence,RecordedCompensatorSequence,SQ,1,FALSE
300800D0,3008,00D0,12296,208,Recorded Block Sequence,RecordedBlockSequence,SQ,1,FALSE
300800D1,3008,00D1,12296,209,Recorded Block Slab Sequence,RecordedBlockSlabSequence,SQ,1,FALSE
300800E0,3008,00E0,12296,224,Treatment Summary Measured Dose Reference Sequence,TreatmentSummaryMeasuredDoseReferenceSequence,SQ,1,FALSE
300800F0,3008,00F0,12296,240,Recorded Snout Sequence,RecordedSnoutSequence,SQ,1,FALSE
300800F2,3008,00F2,12296,242,Recorded Range Shifter Sequence,RecordedRangeShifterSequence,SQ,1,FALSE
300800F4,3008,00F4,12296,244,Recorded Lateral Spreading Device Sequence,RecordedLateralSpreadingDeviceSequence,SQ,1,FALSE
300800F6,3008,00F6,12296,246,Recorded Range Modulator Sequence,RecordedRangeModulatorSequence,SQ,1,FALSE
30080100,3008,0100,12296,256,Recorded Source Sequence,RecordedSourceSequence,SQ,1,FALSE
30080105,3008,0105,12296,261,Source Serial Number,SourceSerialNumber,LO,1,FALSE
30080110,3008,0110,12296,272,Treatment Session Application Setup Sequence,TreatmentSessionApplicationSetupSequence,SQ,1,FALSE
30080116,3008,0116,12296,278,Application Setup Check,ApplicationSetupCheck,CS,1,FALSE
30080120,3008,0120,12296,288,Recorded Brachy Accessory Device Sequence,RecordedBrachyAccessoryDeviceSequence,SQ,1,FALSE
30080122,3008,0122,12296,290,Referenced Brachy Accessory Device Number,ReferencedBrachyAccessoryDeviceNumber,IS,1,FALSE
30080130,3008,0130,12296,304,Recorded Channel Sequence,RecordedChannelSequence,SQ,1,FALSE
30080132,3008,0132,12296,306,Specified Channel Total Time,SpecifiedChannelTotalTime,DS,1,FALSE
30080134,3008,0134,12296,308,Delivered Channel Total Time,DeliveredChannelTotalTime,DS,1,FALSE
30080136,3008,0136,12296,310,Specified Number of Pulses,SpecifiedNumberOfPulses,IS,1,FALSE
30080138,3008,0138,12296,312,Delivered Number of Pulses,DeliveredNumberOfPulses,IS,1,FALSE
3008013A,3008,013A,12296,314,Specified Pulse Repetition Interval,SpecifiedPulseRepetitionInterval,DS,1,FALSE
3008013C,3008,013C,12296,316,Delivered Pulse Repetition Interval,DeliveredPulseRepetitionInterval,DS,1,FALSE
30080140,3008,0140,12296,320,Recorded Source Applicator Sequence,RecordedSourceApplicatorSequence,SQ,1,FALSE
30080142,3008,0142,12296,322,Referenced Source Applicator Number,ReferencedSourceApplicatorNumber,IS,1,FALSE
30080150,3008,0150,12296,336,Recorded Channel Shield Sequence,RecordedChannelShieldSequence,SQ,1,FALSE
30080152,3008,0152,12296,338,Referenced Channel Shield Number,ReferencedChannelShieldNumber,IS,1,FALSE
30080160,3008,0160,12296,352,Brachy Control Point Delivered Sequence,BrachyControlPointDeliveredSequence,SQ,1,FALSE
30080162,3008,0162,12296,354,Safe Position Exit Date,SafePositionExitDate,DA,1,FALSE
30080164,3008,0164,12296,356,Safe Position Exit Time,SafePositionExitTime,TM,1,FALSE
30080166,3008,0166,12296,358,Safe Position Return Date,SafePositionReturnDate,DA,1,FALSE
30080168,3008,0168,12296,360,Safe Position Return Time,SafePositionReturnTime,TM,1,FALSE
30080171,3008,0171,12296,369,Pulse Specific Brachy Control Point Delivered Sequence,PulseSpecificBrachyControlPointDeliveredSequence,SQ,1,FALSE
30080172,3008,0172,12296,370,Pulse Number,PulseNumber,US,1,FALSE
30080173,3008,0173,12296,371,Brachy Pulse Control Point Delivered Sequence,BrachyPulseControlPointDeliveredSequence,SQ,1,FALSE
30080200,3008,0200,12296,512,Current Treatment Status,CurrentTreatmentStatus,CS,1,FALSE
30080202,3008,0202,12296,514,Treatment Status Comment,TreatmentStatusComment,ST,1,FALSE
30080220,3008,0220,12296,544,Fraction Group Summary Sequence,FractionGroupSummarySequence,SQ,1,FALSE
30080223,3008,0223,12296,547,Referenced Fraction Number,ReferencedFractionNumber,IS,1,FALSE
30080224,3008,0224,12296,548,Fraction Group Type,FractionGroupType,CS,1,FALSE
30080230,3008,0230,12296,560,Beam Stopper Position,BeamStopperPosition,CS,1,FALSE
30080240,3008,0240,12296,576,Fraction Status Summary Sequence,FractionStatusSummarySequence,SQ,1,FALSE
30080250,3008,0250,12296,592,Treatment Date,TreatmentDate,DA,1,FALSE
30080251,3008,0251,12296,593,Treatment Time,TreatmentTime,TM,1,FALSE
300A0002,300A,0002,12298,2,RT Plan Label,RTPlanLabel,SH,1,FALSE
300A0003,300A,0003,12298,3,RT Plan Name,RTPlanName,LO,1,FALSE
300A0004,300A,0004,12298,4,RT Plan Description,RTPlanDescription,ST,1,FALSE
300A0006,300A,0006,12298,6,RT Plan Date,RTPlanDate,DA,1,FALSE
300A0007,300A,0007,12298,7,RT Plan Time,RTPlanTime,TM,1,FALSE
300A0009,300A,0009,12298,9,Treatment Protocols,TreatmentProtocols,LO,1-n,FALSE
300A000A,300A,000A,12298,10,Plan Intent,PlanIntent,CS,1,FALSE
300A000B,300A,000B,12298,11,Treatment Sites,TreatmentSites,LO,1-n,TRUE
300A000C,300A,000C,12298,12,RT Plan Geometry,RTPlanGeometry,CS,1,FALSE
300A000E,300A,000E,12298,14,Prescription Description,PrescriptionDescription,ST,1,FALSE
300A0010,300A,0010,12298,16,Dose Reference Sequence,DoseReferenceSequence,SQ,1,FALSE
300A0012,300A,0012,12298,18,Dose Reference Number,DoseReferenceNumber,IS,1,FALSE
300A0013,300A,0013,12298,19,Dose Reference UID,DoseReferenceUID,UI,1,FALSE
300A0014,300A,0014,12298,20,Dose Reference Structure Type,DoseReferenceStructureType,CS,1,FALSE
300A0015,300A,0015,12298,21,Nominal Beam Energy Unit,NominalBeamEnergyUnit,CS,1,FALSE
300A0016,300A,0016,12298,22,Dose Reference Description,DoseReferenceDescription,LO,1,FALSE
300A0018,300A,0018,12298,24,Dose Reference Point Coordinates,DoseReferencePointCoordinates,DS,3,FALSE
300A001A,300A,001A,12298,26,Nominal Prior Dose,NominalPriorDose,DS,1,FALSE
300A0020,300A,0020,12298,32,Dose Reference Type,DoseReferenceType,CS,1,FALSE
300A0021,300A,0021,12298,33,Constraint Weight,ConstraintWeight,DS,1,FALSE
300A0022,300A,0022,12298,34,Delivery Warning Dose,DeliveryWarningDose,DS,1,FALSE
300A0023,300A,0023,12298,35,Delivery Maximum Dose,DeliveryMaximumDose,DS,1,FALSE
300A0025,300A,0025,12298,37,Target Minimum Dose,TargetMinimumDose,DS,1,FALSE
300A0026,300A,0026,12298,38,Target Prescription Dose,TargetPrescriptionDose,DS,1,FALSE
300A0027,300A,0027,12298,39,Target Maximum Dose,TargetMaximumDose,DS,1,FALSE
300A0028,300A,0028,12298,40,Target Underdose Volume Fraction,TargetUnderdoseVolumeFraction,DS,1,FALSE
300A002A,300A,002A,12298,42,Organ at Risk Full-volume Dose,OrganAtRiskFullVolumeDose,DS,1,FALSE
300A002B,300A,002B,12298,43,Organ at Risk Limit Dose,OrganAtRiskLimitDose,DS,1,FALSE
300A002C,300A,002C,12298,44,Organ at Risk Maximum Dose,OrganAtRiskMaximumDose,DS,1,FALSE
300A002D,300A,002D,12298,45,Organ at Risk Overdose Volume Fraction,OrganAtRiskOverdoseVolumeFraction,DS,1,FALSE
300A0040,300A,0040,12298,64,Tolerance Table Sequence,ToleranceTableSequence,SQ,1,FALSE
300A0042,300A,0042,12298,66,Tolerance Table Number,ToleranceTableNumber,IS,1,FALSE
300A0043,300A,0043,12298,67,Tolerance Table Label,ToleranceTableLabel,SH,1,FALSE
300A0044,300A,0044,12298,68,Gantry Angle Tolerance,GantryAngleTolerance,DS,1,FALSE
300A0046,300A,0046,12298,70,Beam Limiting Device Angle Tolerance,BeamLimitingDeviceAngleTolerance,DS,1,FALSE
300A0048,300A,0048,12298,72,Beam Limiting Device Tolerance Sequence,BeamLimitingDeviceToleranceSequence,SQ,1,FALSE
300A004A,300A,004A,12298,74,Beam Limiting Device Position Tolerance,BeamLimitingDevicePositionTolerance,DS,1,FALSE
300A004B,300A,004B,12298,75,Snout Position Tolerance,SnoutPositionTolerance,FL,1,FALSE
300A004C,300A,004C,12298,76,Patient Support Angle Tolerance,PatientSupportAngleTolerance,DS,1,FALSE
300A004E,300A,004E,12298,78,Table Top Eccentric Angle Tolerance,TableTopEccentricAngleTolerance,DS,1,FALSE
300A004F,300A,004F,12298,79,Table Top Pitch Angle Tolerance,TableTopPitchAngleTolerance,FL,1,FALSE
300A0050,300A,0050,12298,80,Table Top Roll Angle Tolerance,TableTopRollAngleTolerance,FL,1,FALSE
300A0051,300A,0051,12298,81,Table Top Vertical Position Tolerance,TableTopVerticalPositionTolerance,DS,1,FALSE
300A0052,300A,0052,12298,82,Table Top Longitudinal Position Tolerance,TableTopLongitudinalPositionTolerance,DS,1,FALSE
300A0053,300A,0053,12298,83,Table Top Lateral Position Tolerance,TableTopLateralPositionTolerance,DS,1,FALSE
300A0055,300A,0055,12298,85,RT Plan Relationship,RTPlanRelationship,CS,1,FALSE
300A0070,300A,0070,12298,112,Fraction Group Sequence,FractionGroupSequence,SQ,1,FALSE
300A0071,300A,0071,12298,113,Fraction Group Number,FractionGroupNumber,IS,1,FALSE
300A0072,300A,0072,12298,114,Fraction Group Description,FractionGroupDescription,LO,1,FALSE
300A0078,300A,0078,12298,120,Number of Fractions Planned,NumberOfFractionsPlanned,IS,1,FALSE
300A0079,300A,0079,12298,121,Number of Fraction Pattern Digits Per Day,NumberOfFractionPatternDigitsPerDay,IS,1,FALSE
300A007A,300A,007A,12298,122,Repeat Fraction Cycle Length,RepeatFractionCycleLength,IS,1,FALSE
300A007B,300A,007B,12298,123,Fraction Pattern,FractionPattern,LT,1,FALSE
300A0080,300A,0080,12298,128,Number of Beams,NumberOfBeams,IS,1,FALSE
300A0082,300A,0082,12298,130,Beam Dose Specification Point,BeamDoseSpecificationPoint,DS,3,TRUE
300A0083,300A,0083,12298,131,Referenced Dose Reference UID,ReferencedDoseReferenceUID,UI,1,FALSE
300A0084,300A,0084,12298,132,Beam Dose,BeamDose,DS,1,FALSE
300A0086,300A,0086,12298,134,Beam Meterset,BeamMeterset,DS,1,FALSE
300A0088,300A,0088,12298,136,Beam Dose Point Depth,BeamDosePointDepth,FL,1,FALSE
300A0089,300A,0089,12298,137,Beam Dose Point Equivalent Depth,BeamDosePointEquivalentDepth,FL,1,FALSE
300A008A,300A,008A,12298,138,Beam Dose Point SSD,BeamDosePointSSD,FL,1,FALSE
300A008B,300A,008B,12298,139,Beam Dose Meaning,BeamDoseMeaning,CS,1,FALSE
300A008C,300A,008C,12298,140,Beam Dose Verification Control Point Sequence,BeamDoseVerificationControlPointSequence,SQ,1,FALSE
300A008D,300A,008D,12298,141,Average Beam Dose Point Depth,AverageBeamDosePointDepth,FL,1,TRUE
300A008E,300A,008E,12298,142,Average Beam Dose Point Equivalent Depth,AverageBeamDosePointEquivalentDepth,FL,1,TRUE
300A008F,300A,008F,12298,143,Average Beam Dose Point SSD,AverageBeamDosePointSSD,FL,1,TRUE
300A0090,300A,0090,12298,144,Beam Dose Type,BeamDoseType,CS,1,FALSE
300A0091,300A,0091,12298,145,Alternate Beam Dose,AlternateBeamDose,DS,1,FALSE
300A0092,300A,0092,12298,146,Alternate Beam Dose Type,AlternateBeamDoseType,CS,1,FALSE
300A0093,300A,0093,12298,147,Depth Value Averaging Flag,DepthValueAveragingFlag,CS,1,FALSE
300A0094,300A,0094,12298,148,Beam Dose Point Source to External Contour Distance,BeamDosePointSourceToExternalContourDistance,DS,1,FALSE
300A00A0,300A,00A0,12298,160,Number of Brachy Application Setups,NumberOfBrachyApplicationSetups,IS,1,FALSE
300A00A2,300A,00A2,12298,162,Brachy Application Setup Dose Specification Point,BrachyApplicationSetupDoseSpecificationPoint,DS,3,FALSE
300A00A4,300A,00A4,12298,164,Brachy Application Setup Dose,BrachyApplicationSetupDose,DS,1,FALSE
300A00B0,300A,00B0,12298,176,Beam Sequence,BeamSequence,SQ,1,FALSE
300A00B2,300A,00B2,12298,178,Treatment Machine Name,TreatmentMachineName,SH,1,FALSE
300A00B3,300A,00B3,12298,179,Primary Dosimeter Unit,PrimaryDosimeterUnit,CS,1,FALSE
300A00B4,300A,00B4,12298,180,Source-Axis Distance,SourceAxisDistance,DS,1,FALSE
300A00B6,300A,00B6,12298,182,Beam Limiting Device Sequence,BeamLimitingDeviceSequence,SQ,1,FALSE
300A00B8,300A,00B8,12298,184,RT Beam Limiting Device Type,RTBeamLimitingDeviceType,CS,1,FALSE
300A00BA,300A,00BA,12298,186,Source to Beam Limiting Device Distance,SourceToBeamLimitingDeviceDistance,DS,1,FALSE
300A00BB,300A,00BB,12298,187,Isocenter to Beam Limiting Device Distance,IsocenterToBeamLimitingDeviceDistance,FL,1,FALSE
300A00BC,300A,00BC,12298,188,Number of Leaf/Jaw Pairs,NumberOfLeafJawPairs,IS,1,FALSE
300A00BE,300A,00BE,12298,190,Leaf Position Boundaries,LeafPositionBoundaries,DS,3-n,FALSE
300A00C0,300A,00C0,12298,192,Beam Number,BeamNumber,IS,1,FALSE
300A00C2,300A,00C2,12298,194,Beam Name,BeamName,LO,1,FALSE
300A00C3,300A,00C3,12298,195,Beam Description,BeamDescription,ST,1,FALSE
300A00C4,300A,00C4,12298,196,Beam Type,BeamType,CS,1,FALSE
300A00C5,300A,00C5,12298,197,Beam Delivery Duration Limit,BeamDeliveryDurationLimit,FD,1,FALSE
300A00C6,300A,00C6,12298,198,Radiation Type,RadiationType,CS,1,FALSE
300A00C7,300A,00C7,12298,199,High-Dose Technique Type,HighDoseTechniqueType,CS,1,FALSE
300A00C8,300A,00C8,12298,200,Reference Image Number,ReferenceImageNumber,IS,1,FALSE
300A00CA,300A,00CA,12298,202,Planned Verification Image Sequence,PlannedVerificationImageSequence,SQ,1,FALSE
300A00CC,300A,00CC,12298,204,Imaging Device-Specific Acquisition Parameters,ImagingDeviceSpecificAcquisitionParameters,LO,1-n,FALSE
300A00CE,300A,00CE,12298,206,Treatment Delivery Type,TreatmentDeliveryType,CS,1,FALSE
300A00D0,300A,00D0,12298,208,Number of Wedges,NumberOfWedges,IS,1,FALSE
300A00D1,300A,00D1,12298,209,Wedge Sequence,WedgeSequence,SQ,1,FALSE
300A00D2,300A,00D2,12298,210,Wedge Number,WedgeNumber,IS,1,FALSE
300A00D3,300A,00D3,12298,211,Wedge Type,WedgeType,CS,1,FALSE
300A00D4,300A,00D4,12298,212,Wedge ID,WedgeID,SH,1,FALSE
300A00D5,300A,00D5,12298,213,Wedge Angle,WedgeAngle,IS,1,FALSE
300A00D6,300A,00D6,12298,214,Wedge Factor,WedgeFactor,DS,1,FALSE
300A00D7,300A,00D7,12298,215,Total Wedge Tray Water-Equivalent Thickness,TotalWedgeTrayWaterEquivalentThickness,FL,1,FALSE
300A00D8,300A,00D8,12298,216,Wedge Orientation,WedgeOrientation,DS,1,FALSE
300A00D9,300A,00D9,12298,217,Isocenter to Wedge Tray Distance,IsocenterToWedgeTrayDistance,FL,1,FALSE
300A00DA,300A,00DA,12298,218,Source to Wedge Tray Distance,SourceToWedgeTrayDistance,DS,1,FALSE
300A00DB,300A,00DB,12298,219,Wedge Thin Edge Position,WedgeThinEdgePosition,FL,1,FALSE
300A00DC,300A,00DC,12298,220,Bolus ID,BolusID,SH,1,FALSE
300A00DD,300A,00DD,12298,221,Bolus Description,BolusDescription,ST,1,FALSE
300A00DE,300A,00DE,12298,222,Effective Wedge Angle,EffectiveWedgeAngle,DS,1,FALSE
300A00E0,300A,00E0,12298,224,Number of Compensators,NumberOfCompensators,IS,1,FALSE
300A00E1,300A,00E1,12298,225,Material ID,MaterialID,SH,1,FALSE
300A00E2,300A,00E2,12298,226,Total Compensator Tray Factor,TotalCompensatorTrayFactor,DS,1,FALSE
300A00E3,300A,00E3,12298,227,Compensator Sequence,CompensatorSequence,SQ,1,FALSE
300A00E4,300A,00E4,12298,228,Compensator Number,CompensatorNumber,IS,1,FALSE
300A00E5,300A,00E5,12298,229,Compensator ID,CompensatorID,SH,1,FALSE
300A00E6,300A,00E6,12298,230,Source to Compensator Tray Distance,SourceToCompensatorTrayDistance,DS,1,FALSE
300A00E7,300A,00E7,12298,231,Compensator Rows,CompensatorRows,IS,1,FALSE
300A00E8,300A,00E8,12298,232,Compensator Columns,CompensatorColumns,IS,1,FALSE
300A00E9,300A,00E9,12298,233,Compensator Pixel Spacing,CompensatorPixelSpacing,DS,2,FALSE
300A00EA,300A,00EA,12298,234,Compensator Position,CompensatorPosition,DS,2,FALSE
300A00EB,300A,00EB,12298,235,Compensator Transmission Data,CompensatorTransmissionData,DS,1-n,FALSE
300A00EC,300A,00EC,12298,236,Compensator Thickness Data,CompensatorThicknessData,DS,1-n,FALSE
300A00ED,300A,00ED,12298,237,Number of Boli,NumberOfBoli,IS,1,FALSE
300A00EE,300A,00EE,12298,238,Compensator Type,CompensatorType,CS,1,FALSE
300A00EF,300A,00EF,12298,239,Compensator Tray ID,CompensatorTrayID,SH,1,FALSE
300A00F0,300A,00F0,12298,240,Number of Blocks,NumberOfBlocks,IS,1,FALSE
300A00F2,300A,00F2,12298,242,Total Block Tray Factor,TotalBlockTrayFactor,DS,1,FALSE
300A00F3,300A,00F3,12298,243,Total Block Tray Water-Equivalent Thickness,TotalBlockTrayWaterEquivalentThickness,FL,1,FALSE
300A00F4,300A,00F4,12298,244,Block Sequence,BlockSequence,SQ,1,FALSE
300A00F5,300A,00F5,12298,245,Block Tray ID,BlockTrayID,SH,1,FALSE
300A00F6,300A,00F6,12298,246,Source to Block Tray Distance,SourceToBlockTrayDistance,DS,1,FALSE
300A00F7,300A,00F7,12298,247,Isocenter to Block Tray Distance,IsocenterToBlockTrayDistance,FL,1,FALSE
300A00F8,300A,00F8,12298,248,Block Type,BlockType,CS,1,FALSE
300A00F9,300A,00F9,12298,249,Accessory Code,AccessoryCode,LO,1,FALSE
300A00FA,300A,00FA,12298,250,Block Divergence,BlockDivergence,CS,1,FALSE
300A00FB,300A,00FB,12298,251,Block Mounting Position,BlockMountingPosition,CS,1,FALSE
300A00FC,300A,00FC,12298,252,Block Number,BlockNumber,IS,1,FALSE
300A00FE,300A,00FE,12298,254,Block Name,BlockName,LO,1,FALSE
300A0100,300A,0100,12298,256,Block Thickness,BlockThickness,DS,1,FALSE
300A0102,300A,0102,12298,258,Block Transmission,BlockTransmission,DS,1,FALSE
300A0104,300A,0104,12298,260,Block Number of Points,BlockNumberOfPoints,IS,1,FALSE
300A0106,300A,0106,12298,262,Block Data,BlockData,DS,2-2n,FALSE
300A0107,300A,0107,12298,263,Applicator Sequence,ApplicatorSequence,SQ,1,FALSE
300A0108,300A,0108,12298,264,Applicator ID,ApplicatorID,SH,1,FALSE
300A0109,300A,0109,12298,265,Applicator Type,ApplicatorType,CS,1,FALSE
300A010A,300A,010A,12298,266,Applicator Description,ApplicatorDescription,LO,1,FALSE
300A010C,300A,010C,12298,268,Cumulative Dose Reference Coefficient,CumulativeDoseReferenceCoefficient,DS,1,FALSE
300A010E,300A,010E,12298,270,Final Cumulative Meterset Weight,FinalCumulativeMetersetWeight,DS,1,FALSE
300A0110,300A,0110,12298,272,Number of Control Points,NumberOfControlPoints,IS,1,FALSE
300A0111,300A,0111,12298,273,Control Point Sequence,ControlPointSequence,SQ,1,FALSE
300A0112,300A,0112,12298,274,Control Point Index,ControlPointIndex,IS,1,FALSE
300A0114,300A,0114,12298,276,Nominal Beam Energy,NominalBeamEnergy,DS,1,FALSE
300A0115,300A,0115,12298,277,Dose Rate Set,DoseRateSet,DS,1,FALSE
300A0116,300A,0116,12298,278,Wedge Position Sequence,WedgePositionSequence,SQ,1,FALSE
300A0118,300A,0118,12298,280,Wedge Position,WedgePosition,CS,1,FALSE
300A011A,300A,011A,12298,282,Beam Limiting Device Position Sequence,BeamLimitingDevicePositionSequence,SQ,1,FALSE
300A011C,300A,011C,12298,284,Leaf/Jaw Positions,LeafJawPositions,DS,2-2n,FALSE
300A011E,300A,011E,12298,286,Gantry Angle,GantryAngle,DS,1,FALSE
300A011F,300A,011F,12298,287,Gantry Rotation Direction,GantryRotationDirection,CS,1,FALSE
300A0120,300A,0120,12298,288,Beam Limiting Device Angle,BeamLimitingDeviceAngle,DS,1,FALSE
300A0121,300A,0121,12298,289,Beam Limiting Device Rotation Direction,BeamLimitingDeviceRotationDirection,CS,1,FALSE
300A0122,300A,0122,12298,290,Patient Support Angle,PatientSupportAngle,DS,1,FALSE
300A0123,300A,0123,12298,291,Patient Support Rotation Direction,PatientSupportRotationDirection,CS,1,FALSE
300A0124,300A,0124,12298,292,Table Top Eccentric Axis Distance,TableTopEccentricAxisDistance,DS,1,FALSE
300A0125,300A,0125,12298,293,Table Top Eccentric Angle,TableTopEccentricAngle,DS,1,FALSE
300A0126,300A,0126,12298,294,Table Top Eccentric Rotation Direction,TableTopEccentricRotationDirection,CS,1,FALSE
300A0128,300A,0128,12298,296,Table Top Vertical Position,TableTopVerticalPosition,DS,1,FALSE
300A0129,300A,0129,12298,297,Table Top Longitudinal Position,TableTopLongitudinalPosition,DS,1,FALSE
300A012A,300A,012A,12298,298,Table Top Lateral Position,TableTopLateralPosition,DS,1,FALSE
300A012C,300A,012C,12298,300,Isocenter Position,IsocenterPosition,DS,3,FALSE
300A012E,300A,012E,12298,302,Surface Entry Point,SurfaceEntryPoint,DS,3,FALSE
300A0130,300A,0130,12298,304,Source to Surface Distance,SourceToSurfaceDistance,DS,1,FALSE
300A0131,300A,0131,12298,305,Average Beam Dose Point Source to External Contour Distance,AverageBeamDosePointSourceToExternalContourDistance,FL,1,FALSE
300A0132,300A,0132,12298,306,Source to External Contour Distance,SourceToExternalContourDistance,FL,1,FALSE
300A0133,300A,0133,12298,307,External Contour Entry Point,ExternalContourEntryPoint,FL,3,FALSE
300A0134,300A,0134,12298,308,Cumulative Meterset Weight,CumulativeMetersetWeight,DS,1,FALSE
300A0140,300A,0140,12298,320,Table Top Pitch Angle,TableTopPitchAngle,FL,1,FALSE
300A0142,300A,0142,12298,322,Table Top Pitch Rotation Direction,TableTopPitchRotationDirection,CS,1,FALSE
300A0144,300A,0144,12298,324,Table Top Roll Angle,TableTopRollAngle,FL,1,FALSE
300A0146,300A,0146,12298,326,Table Top Roll Rotation Direction,TableTopRollRotationDirection,CS,1,FALSE
300A0148,300A,0148,12298,328,Head Fixation Angle,HeadFixationAngle,FL,1,FALSE
300A014A,300A,014A,12298,330,Gantry Pitch Angle,GantryPitchAngle,FL,1,FALSE
300A014C,300A,014C,12298,332,Gantry Pitch Rotation Direction,GantryPitchRotationDirection,CS,1,FALSE
300A014E,300A,014E,12298,334,Gantry Pitch Angle Tolerance,GantryPitchAngleTolerance,FL,1,FALSE
300A0150,300A,0150,12298,336,Fixation Eye,FixationEye,CS,1,FALSE
300A0151,300A,0151,12298,337,Chair Head Frame Position,ChairHeadFramePosition,DS,1,FALSE
300A0152,300A,0152,12298,338,Head Fixation Angle Tolerance,HeadFixationAngleTolerance,DS,1,FALSE
300A0153,300A,0153,12298,339,Chair Head Frame Position Tolerance,ChairHeadFramePositionTolerance,DS,1,FALSE
300A0154,300A,0154,12298,340,Fixation Light Azimuthal Angle Tolerance,FixationLightAzimuthalAngleTolerance,DS,1,FALSE
300A0155,300A,0155,12298,341,Fixation Light Polar Angle Tolerance,FixationLightPolarAngleTolerance,DS,1,FALSE
300A0180,300A,0180,12298,384,Patient Setup Sequence,PatientSetupSequence,SQ,1,FALSE
300A0182,300A,0182,12298,386,Patient Setup Number,PatientSetupNumber,IS,1,FALSE
300A0183,300A,0183,12298,387,Patient Setup Label,PatientSetupLabel,LO,1,FALSE
300A0184,300A,0184,12298,388,Patient Additional Position,PatientAdditionalPosition,LO,1,FALSE
300A0190,300A,0190,12298,400,Fixation Device Sequence,FixationDeviceSequence,SQ,1,FALSE
300A0192,300A,0192,12298,402,Fixation Device Type,FixationDeviceType,CS,1,FALSE
300A0194,300A,0194,12298,404,Fixation Device Label,FixationDeviceLabel,SH,1,FALSE
300A0196,300A,0196,12298,406,Fixation Device Description,FixationDeviceDescription,ST,1,FALSE
300A0198,300A,0198,12298,408,Fixation Device Position,FixationDevicePosition,SH,1,FALSE
300A0199,300A,0199,12298,409,Fixation Device Pitch Angle,FixationDevicePitchAngle,FL,1,FALSE
300A019A,300A,019A,12298,410,Fixation Device Roll Angle,FixationDeviceRollAngle,FL,1,FALSE
300A01A0,300A,01A0,12298,416,Shielding Device Sequence,ShieldingDeviceSequence,SQ,1,FALSE
300A01A2,300A,01A2,12298,418,Shielding Device Type,ShieldingDeviceType,CS,1,FALSE
300A01A4,300A,01A4,12298,420,Shielding Device Label,ShieldingDeviceLabel,SH,1,FALSE
300A01A6,300A,01A6,12298,422,Shielding Device Description,ShieldingDeviceDescription,ST,1,FALSE
300A01A8,300A,01A8,12298,424,Shielding Device Position,ShieldingDevicePosition,SH,1,FALSE
300A01B0,300A,01B0,12298,432,Setup Technique,SetupTechnique,CS,1,FALSE
300A01B2,300A,01B2,12298,434,Setup Technique Description,SetupTechniqueDescription,ST,1,FALSE
300A01B4,300A,01B4,12298,436,Setup Device Sequence,SetupDeviceSequence,SQ,1,FALSE
300A01B6,300A,01B6,12298,438,Setup Device Type,SetupDeviceType,CS,1,FALSE
300A01B8,300A,01B8,12298,440,Setup Device Label,SetupDeviceLabel,SH,1,FALSE
300A01BA,300A,01BA,12298,442,Setup Device Description,SetupDeviceDescription,ST,1,FALSE
300A01BC,300A,01BC,12298,444,Setup Device Parameter,SetupDeviceParameter,DS,1,FALSE
300A01D0,300A,01D0,12298,464,Setup Reference Description,SetupReferenceDescription,ST,1,FALSE
300A01D2,300A,01D2,12298,466,Table Top Vertical Setup Displacement,TableTopVerticalSetupDisplacement,DS,1,FALSE
300A01D4,300A,01D4,12298,468,Table Top Longitudinal Setup Displacement,TableTopLongitudinalSetupDisplacement,DS,1,FALSE
300A01D6,300A,01D6,12298,470,Table Top Lateral Setup Displacement,TableTopLateralSetupDisplacement,DS,1,FALSE
300A0200,300A,0200,12298,512,Brachy Treatment Technique,BrachyTreatmentTechnique,CS,1,FALSE
300A0202,300A,0202,12298,514,Brachy Treatment Type,BrachyTreatmentType,CS,1,FALSE
300A0206,300A,0206,12298,518,Treatment Machine Sequence,TreatmentMachineSequence,SQ,1,FALSE
300A0210,300A,0210,12298,528,Source Sequence,SourceSequence,SQ,1,FALSE
300A0212,300A,0212,12298,530,Source Number,SourceNumber,IS,1,FALSE
300A0214,300A,0214,12298,532,Source Type,SourceType,CS,1,FALSE
300A0216,300A,0216,12298,534,Source Manufacturer,SourceManufacturer,LO,1,FALSE
300A0218,300A,0218,12298,536,Active Source Diameter,ActiveSourceDiameter,DS,1,FALSE
300A021A,300A,021A,12298,538,Active Source Length,ActiveSourceLength,DS,1,FALSE
300A021B,300A,021B,12298,539,Source Model ID,SourceModelID,SH,1,FALSE
300A021C,300A,021C,12298,540,Source Description,SourceDescription,LO,1,FALSE
300A0222,300A,0222,12298,546,Source Encapsulation Nominal Thickness,SourceEncapsulationNominalThickness,DS,1,FALSE
300A0224,300A,0224,12298,548,Source Encapsulation Nominal Transmission,SourceEncapsulationNominalTransmission,DS,1,FALSE
300A0226,300A,0226,12298,550,Source Isotope Name,SourceIsotopeName,LO,1,FALSE
300A0228,300A,0228,12298,552,Source Isotope Half Life,SourceIsotopeHalfLife,DS,1,FALSE
300A0229,300A,0229,12298,553,Source Strength Units,SourceStrengthUnits,CS,1,FALSE
300A022A,300A,022A,12298,554,Reference Air Kerma Rate,ReferenceAirKermaRate,DS,1,FALSE
300A022B,300A,022B,12298,555,Source Strength,SourceStrength,DS,1,FALSE
300A022C,300A,022C,12298,556,Source Strength Reference Date,SourceStrengthReferenceDate,DA,1,FALSE
300A022E,300A,022E,12298,558,Source Strength Reference Time,SourceStrengthReferenceTime,TM,1,FALSE
300A0230,300A,0230,12298,560,Application Setup Sequence,ApplicationSetupSequence,SQ,1,FALSE
300A0232,300A,0232,12298,562,Application Setup Type,ApplicationSetupType,CS,1,FALSE
300A0234,300A,0234,12298,564,Application Setup Number,ApplicationSetupNumber,IS,1,FALSE
300A0236,300A,0236,12298,566,Application Setup Name,ApplicationSetupName,LO,1,FALSE
300A0238,300A,0238,12298,568,Application Setup Manufacturer,ApplicationSetupManufacturer,LO,1,FALSE
300A0240,300A,0240,12298,576,Template Number,TemplateNumber,IS,1,FALSE
300A0242,300A,0242,12298,578,Template Type,TemplateType,SH,1,FALSE
300A0244,300A,0244,12298,580,Template Name,TemplateName,LO,1,FALSE
300A0250,300A,0250,12298,592,Total Reference Air Kerma,TotalReferenceAirKerma,DS,1,FALSE
300A0260,300A,0260,12298,608,Brachy Accessory Device Sequence,BrachyAccessoryDeviceSequence,SQ,1,FALSE
300A0262,300A,0262,12298,610,Brachy Accessory Device Number,BrachyAccessoryDeviceNumber,IS,1,FALSE
300A0263,300A,0263,12298,611,Brachy Accessory Device ID,BrachyAccessoryDeviceID,SH,1,FALSE
300A0264,300A,0264,12298,612,Brachy Accessory Device Type,BrachyAccessoryDeviceType,CS,1,FALSE
300A0266,300A,0266,12298,614,Brachy Accessory Device Name,BrachyAccessoryDeviceName,LO,1,FALSE
300A026A,300A,026A,12298,618,Brachy Accessory Device Nominal Thickness,BrachyAccessoryDeviceNominalThickness,DS,1,FALSE
300A026C,300A,026C,12298,620,Brachy Accessory Device Nominal Transmission,BrachyAccessoryDeviceNominalTransmission,DS,1,FALSE
300A0271,300A,0271,12298,625,Channel Effective Length,ChannelEffectiveLength,DS,1,FALSE
300A0272,300A,0272,12298,626,Channel Inner Length,ChannelInnerLength,DS,1,FALSE
300A0273,300A,0273,12298,627,Afterloader Channel ID,AfterloaderChannelID,SH,1,FALSE
300A0274,300A,0274,12298,628,Source Applicator Tip Length,SourceApplicatorTipLength,DS,1,FALSE
300A0280,300A,0280,12298,640,Channel Sequence,ChannelSequence,SQ,1,FALSE
300A0282,300A,0282,12298,642,Channel Number,ChannelNumber,IS,1,FALSE
300A0284,300A,0284,12298,644,Channel Length,ChannelLength,DS,1,FALSE
300A0286,300A,0286,12298,646,Channel Total Time,ChannelTotalTime,DS,1,FALSE
300A0288,300A,0288,12298,648,Source Movement Type,SourceMovementType,CS,1,FALSE
300A028A,300A,028A,12298,650,Number of Pulses,NumberOfPulses,IS,1,FALSE
300A028C,300A,028C,12298,652,Pulse Repetition Interval,PulseRepetitionInterval,DS,1,FALSE
300A0290,300A,0290,12298,656,Source Applicator Number,SourceApplicatorNumber,IS,1,FALSE
300A0291,300A,0291,12298,657,Source Applicator ID,SourceApplicatorID,SH,1,FALSE
300A0292,300A,0292,12298,658,Source Applicator Type,SourceApplicatorType,CS,1,FALSE
300A0294,300A,0294,12298,660,Source Applicator Name,SourceApplicatorName,LO,1,FALSE
300A0296,300A,0296,12298,662,Source Applicator Length,SourceApplicatorLength,DS,1,FALSE
300A0298,300A,0298,12298,664,Source Applicator Manufacturer,SourceApplicatorManufacturer,LO,1,FALSE
300A029C,300A,029C,12298,668,Source Applicator Wall Nominal Thickness,SourceApplicatorWallNominalThickness,DS,1,FALSE
300A029E,300A,029E,12298,670,Source Applicator Wall Nominal Transmission,SourceApplicatorWallNominalTransmission,DS,1,FALSE
300A02A0,300A,02A0,12298,672,Source Applicator Step Size,SourceApplicatorStepSize,DS,1,FALSE
300A02A1,300A,02A1,12298,673,Applicator Shape Referenced ROI Number,ApplicatorShapeReferencedROINumber,IS,1,FALSE
300A02A2,300A,02A2,12298,674,Transfer Tube Number,TransferTubeNumber,IS,1,FALSE
300A02A4,300A,02A4,12298,676,Transfer Tube Length,TransferTubeLength,DS,1,FALSE
300A02B0,300A,02B0,12298,688,Channel Shield Sequence,ChannelShieldSequence,SQ,1,FALSE
300A02B2,300A,02B2,12298,690,Channel Shield Number,ChannelShieldNumber,IS,1,FALSE
300A02B3,300A,02B3,12298,691,Channel Shield ID,ChannelShieldID,SH,1,FALSE
300A02B4,300A,02B4,12298,692,Channel Shield Name,ChannelShieldName,LO,1,FALSE
300A02B8,300A,02B8,12298,696,Channel Shield Nominal Thickness,ChannelShieldNominalThickness,DS,1,FALSE
300A02BA,300A,02BA,12298,698,Channel Shield Nominal Transmission,ChannelShieldNominalTransmission,DS,1,FALSE
300A02C8,300A,02C8,12298,712,Final Cumulative Time Weight,FinalCumulativeTimeWeight,DS,1,FALSE
300A02D0,300A,02D0,12298,720,Brachy Control Point Sequence,BrachyControlPointSequence,SQ,1,FALSE
300A02D2,300A,02D2,12298,722,Control Point Relative Position,ControlPointRelativePosition,DS,1,FALSE
300A02D4,300A,02D4,12298,724,Control Point 3D Position,ControlPoint3DPosition,DS,3,FALSE
300A02D6,300A,02D6,12298,726,Cumulative Time Weight,CumulativeTimeWeight,DS,1,FALSE
300A02E0,300A,02E0,12298,736,Compensator Divergence,CompensatorDivergence,CS,1,FALSE
300A02E1,300A,02E1,12298,737,Compensator Mounting Position,CompensatorMountingPosition,CS,1,FALSE
300A02E2,300A,02E2,12298,738,Source to Compensator Distance,SourceToCompensatorDistance,DS,1-n,FALSE
300A02E3,300A,02E3,12298,739,Total Compensator Tray Water-Equivalent Thickness,TotalCompensatorTrayWaterEquivalentThickness,FL,1,FALSE
300A02E4,300A,02E4,12298,740,Isocenter to Compensator Tray Distance,IsocenterToCompensatorTrayDistance,FL,1,FALSE
300A02E5,300A,02E5,12298,741,Compensator Column Offset,CompensatorColumnOffset,FL,1,FALSE
300A02E6,300A,02E6,12298,742,Isocenter to Compensator Distances,IsocenterToCompensatorDistances,FL,1-n,FALSE
300A02E7,300A,02E7,12298,743,Compensator Relative Stopping Power Ratio,CompensatorRelativeStoppingPowerRatio,FL,1,FALSE
300A02E8,300A,02E8,12298,744,Compensator Milling Tool Diameter,CompensatorMillingToolDiameter,FL,1,FALSE
300A02EA,300A,02EA,12298,746,Ion Range Compensator Sequence,IonRangeCompensatorSequence,SQ,1,FALSE
300A02EB,300A,02EB,12298,747,Compensator Description,CompensatorDescription,LT,1,FALSE
300A0302,300A,0302,12298,770,Radiation Mass Number,RadiationMassNumber,IS,1,FALSE
300A0304,300A,0304,12298,772,Radiation Atomic Number,RadiationAtomicNumber,IS,1,FALSE
300A0306,300A,0306,12298,774,Radiation Charge State,RadiationChargeState,SS,1,FALSE
300A0308,300A,0308,12298,776,Scan Mode,ScanMode,CS,1,FALSE
300A0309,300A,0309,12298,777,Modulated Scan Mode Type,ModulatedScanModeType,CS,1,FALSE
300A030A,300A,030A,12298,778,Virtual Source-Axis Distances,VirtualSourceAxisDistances,FL,2,FALSE
300A030C,300A,030C,12298,780,Snout Sequence,SnoutSequence,SQ,1,FALSE
300A030D,300A,030D,12298,781,Snout Position,SnoutPosition,FL,1,FALSE
300A030F,300A,030F,12298,783,Snout ID,SnoutID,SH,1,FALSE
300A0312,300A,0312,12298,786,Number of Range Shifters,NumberOfRangeShifters,IS,1,FALSE
300A0314,300A,0314,12298,788,Range Shifter Sequence,RangeShifterSequence,SQ,1,FALSE
300A0316,300A,0316,12298,790,Range Shifter Number,RangeShifterNumber,IS,1,FALSE
300A0318,300A,0318,12298,792,Range Shifter ID,RangeShifterID,SH,1,FALSE
300A0320,300A,0320,12298,800,Range Shifter Type,RangeShifterType,CS,1,FALSE
300A0322,300A,0322,12298,802,Range Shifter Description,RangeShifterDescription,LO,1,FALSE
300A0330,300A,0330,12298,816,Number of Lateral Spreading Devices,NumberOfLateralSpreadingDevices,IS,1,FALSE
300A0332,300A,0332,12298,818,Lateral Spreading Device Sequence,LateralSpreadingDeviceSequence,SQ,1,FALSE
300A0334,300A,0334,12298,820,Lateral Spreading Device Number,LateralSpreadingDeviceNumber,IS,1,FALSE
300A0336,300A,0336,12298,822,Lateral Spreading Device ID,LateralSpreadingDeviceID,SH,1,FALSE
300A0338,300A,0338,12298,824,Lateral Spreading Device Type,LateralSpreadingDeviceType,CS,1,FALSE
300A033A,300A,033A,12298,826,Lateral Spreading Device Description,LateralSpreadingDeviceDescription,LO,1,FALSE
300A033C,300A,033C,12298,828,Lateral Spreading Device Water Equivalent Thickness,LateralSpreadingDeviceWaterEquivalentThickness,FL,1,FALSE
300A0340,300A,0340,12298,832,Number of Range Modulators,NumberOfRangeModulators,IS,1,FALSE
300A0342,300A,0342,12298,834,Range Modulator Sequence,RangeModulatorSequence,SQ,1,FALSE
300A0344,300A,0344,12298,836,Range Modulator Number,RangeModulatorNumber,IS,1,FALSE
300A0346,300A,0346,12298,838,Range Modulator ID,RangeModulatorID,SH,1,FALSE
300A0348,300A,0348,12298,840,Range Modulator Type,RangeModulatorType,CS,1,FALSE
300A034A,300A,034A,12298,842,Range Modulator Description,RangeModulatorDescription,LO,1,FALSE
300A034C,300A,034C,12298,844,Beam Current Modulation ID,BeamCurrentModulationID,SH,1,FALSE
300A0350,300A,0350,12298,848,Patient Support Type,PatientSupportType,CS,1,FALSE
300A0352,300A,0352,12298,850,Patient Support ID,PatientSupportID,SH,1,FALSE
300A0354,300A,0354,12298,852,Patient Support Accessory Code,PatientSupportAccessoryCode,LO,1,FALSE
300A0355,300A,0355,12298,853,Tray Accessory Code,TrayAccessoryCode,LO,1,FALSE
300A0356,300A,0356,12298,854,Fixation Light Azimuthal Angle,FixationLightAzimuthalAngle,FL,1,FALSE
300A0358,300A,0358,12298,856,Fixation Light Polar Angle,FixationLightPolarAngle,FL,1,FALSE
300A035A,300A,035A,12298,858,Meterset Rate,MetersetRate,FL,1,FALSE
300A0360,300A,0360,12298,864,Range Shifter Settings Sequence,RangeShifterSettingsSequence,SQ,1,FALSE
300A0362,300A,0362,12298,866,Range Shifter Setting,RangeShifterSetting,LO,1,FALSE
300A0364,300A,0364,12298,868,Isocenter to Range Shifter Distance,IsocenterToRangeShifterDistance,FL,1,FALSE
300A0366,300A,0366,12298,870,Range Shifter Water Equivalent Thickness,RangeShifterWaterEquivalentThickness,FL,1,FALSE
300A0370,300A,0370,12298,880,Lateral Spreading Device Settings Sequence,LateralSpreadingDeviceSettingsSequence,SQ,1,FALSE
300A0372,300A,0372,12298,882,Lateral Spreading Device Setting,LateralSpreadingDeviceSetting,LO,1,FALSE
300A0374,300A,0374,12298,884,Isocenter to Lateral Spreading Device Distance,IsocenterToLateralSpreadingDeviceDistance,FL,1,FALSE
300A0380,300A,0380,12298,896,Range Modulator Settings Sequence,RangeModulatorSettingsSequence,SQ,1,FALSE
300A0382,300A,0382,12298,898,Range Modulator Gating Start Value,RangeModulatorGatingStartValue,FL,1,FALSE
300A0384,300A,0384,12298,900,Range Modulator Gating Stop Value,RangeModulatorGatingStopValue,FL,1,FALSE
300A0386,300A,0386,12298,902,Range Modulator Gating Start Water Equivalent Thickness,RangeModulatorGatingStartWaterEquivalentThickness,FL,1,FALSE
300A0388,300A,0388,12298,904,Range Modulator Gating Stop Water Equivalent Thickness,RangeModulatorGatingStopWaterEquivalentThickness,FL,1,FALSE
300A038A,300A,038A,12298,906,Isocenter to Range Modulator Distance,IsocenterToRangeModulatorDistance,FL,1,FALSE
300A038F,300A,038F,12298,911,Scan Spot Time Offset,ScanSpotTimeOffset,FL,1-n,FALSE
300A0390,300A,0390,12298,912,Scan Spot Tune ID,ScanSpotTuneID,SH,1,FALSE
300A0391,300A,0391,12298,913,Scan Spot Prescribed Indices,ScanSpotPrescribedIndices,IS,1-n,FALSE
300A0392,300A,0392,12298,914,Number of Scan Spot Positions,NumberOfScanSpotPositions,IS,1,FALSE
300A0393,300A,0393,12298,915,Scan Spot Reordered,ScanSpotReordered,CS,1,FALSE
300A0394,300A,0394,12298,916,Scan Spot Position Map,ScanSpotPositionMap,FL,1-n,FALSE
300A0395,300A,0395,12298,917,Scan Spot Reordering Allowed,ScanSpotReorderingAllowed,CS,1,FALSE
300A0396,300A,0396,12298,918,Scan Spot Meterset Weights,ScanSpotMetersetWeights,FL,1-n,FALSE
300A0398,300A,0398,12298,920,Scanning Spot Size,ScanningSpotSize,FL,2,FALSE
300A0399,300A,0399,12298,921,Scan Spot Sizes Delivered,ScanSpotSizesDelivered,FL,2-2n,FALSE
300A039A,300A,039A,12298,922,Number of Paintings,NumberOfPaintings,IS,1,FALSE
300A03A0,300A,03A0,12298,928,Ion Tolerance Table Sequence,IonToleranceTableSequence,SQ,1,FALSE
300A03A2,300A,03A2,12298,930,Ion Beam Sequence,IonBeamSequence,SQ,1,FALSE
300A03A4,300A,03A4,12298,932,Ion Beam Limiting Device Sequence,IonBeamLimitingDeviceSequence,SQ,1,FALSE
300A03A6,300A,03A6,12298,934,Ion Block Sequence,IonBlockSequence,SQ,1,FALSE
300A03A8,300A,03A8,12298,936,Ion Control Point Sequence,IonControlPointSequence,SQ,1,FALSE
300A03AA,300A,03AA,12298,938,Ion Wedge Sequence,IonWedgeSequence,SQ,1,FALSE
300A03AC,300A,03AC,12298,940,Ion Wedge Position Sequence,IonWedgePositionSequence,SQ,1,FALSE
300A0401,300A,0401,12298,1025,Referenced Setup Image Sequence,ReferencedSetupImageSequence,SQ,1,FALSE
300A0402,300A,0402,12298,1026,Setup Image Comment,SetupImageComment,ST,1,FALSE
300A0410,300A,0410,12298,1040,Motion Synchronization Sequence,MotionSynchronizationSequence,SQ,1,FALSE
300A0412,300A,0412,12298,1042,Control Point Orientation,ControlPointOrientation,FL,3,FALSE
300A0420,300A,0420,12298,1056,General Accessory Sequence,GeneralAccessorySequence,SQ,1,FALSE
300A0421,300A,0421,12298,1057,General Accessory ID,GeneralAccessoryID,SH,1,FALSE
300A0422,300A,0422,12298,1058,General Accessory Description,GeneralAccessoryDescription,ST,1,FALSE
300A0423,300A,0423,12298,1059,General Accessory Type,GeneralAccessoryType,CS,1,FALSE
300A0424,300A,0424,12298,1060,General Accessory Number,GeneralAccessoryNumber,IS,1,FALSE
300A0425,300A,0425,12298,1061,Source to General Accessory Distance,SourceToGeneralAccessoryDistance,FL,1,FALSE
300A0426,300A,0426,12298,1062,Isocenter to General Accessory Distance,IsocenterToGeneralAccessoryDistance,DS,1,FALSE
300A0431,300A,0431,12298,1073,Applicator Geometry Sequence,ApplicatorGeometrySequence,SQ,1,FALSE
300A0432,300A,0432,12298,1074,Applicator Aperture Shape,ApplicatorApertureShape,CS,1,FALSE
300A0433,300A,0433,12298,1075,Applicator Opening,ApplicatorOpening,FL,1,FALSE
300A0434,300A,0434,12298,1076,Applicator Opening X,ApplicatorOpeningX,FL,1,FALSE
300A0435,300A,0435,12298,1077,Applicator Opening Y,ApplicatorOpeningY,FL,1,FALSE
300A0436,300A,0436,12298,1078,Source to Applicator Mounting Position Distance,SourceToApplicatorMountingPositionDistance,FL,1,FALSE
300A0440,300A,0440,12298,1088,Number of Block Slab Items,NumberOfBlockSlabItems,IS,1,FALSE
300A0441,300A,0441,12298,1089,Block Slab Sequence,BlockSlabSequence,SQ,1,FALSE
300A0442,300A,0442,12298,1090,Block Slab Thickness,BlockSlabThickness,DS,1,FALSE
300A0443,300A,0443,12298,1091,Block Slab Number,BlockSlabNumber,US,1,FALSE
300A0450,300A,0450,12298,1104,Device Motion Control Sequence,DeviceMotionControlSequence,SQ,1,FALSE
300A0451,300A,0451,12298,1105,Device Motion Execution Mode,DeviceMotionExecutionMode,CS,1,FALSE
300A0452,300A,0452,12298,1106,Device Motion Observation Mode,DeviceMotionObservationMode,CS,1,FALSE
300A0453,300A,0453,12298,1107,Device Motion Parameter Code Sequence,DeviceMotionParameterCodeSequence,SQ,1,FALSE
300A0501,300A,0501,12298,1281,Distal Depth Fraction,DistalDepthFraction,FL,1,FALSE
300A0502,300A,0502,12298,1282,Distal Depth,DistalDepth,FL,1,FALSE
300A0503,300A,0503,12298,1283,Nominal Range Modulation Fractions,NominalRangeModulationFractions,FL,2,FALSE
300A0504,300A,0504,12298,1284,Nominal Range Modulated Region Depths,NominalRangeModulatedRegionDepths,FL,2,FALSE
300A0505,300A,0505,12298,1285,Depth Dose Parameters Sequence,DepthDoseParametersSequence,SQ,1,FALSE
300A0506,300A,0506,12298,1286,Delivered Depth Dose Parameters Sequence,DeliveredDepthDoseParametersSequence,SQ,1,FALSE
300A0507,300A,0507,12298,1287,Delivered Distal Depth Fraction,DeliveredDistalDepthFraction,FL,1,FALSE
300A0508,300A,0508,12298,1288,Delivered Distal Depth,DeliveredDistalDepth,FL,1,FALSE
300A0509,300A,0509,12298,1289,Delivered Nominal Range Modulation Fractions,DeliveredNominalRangeModulationFractions,FL,2,FALSE
300A0510,300A,0510,12298,1296,Delivered Nominal Range Modulated Region Depths,DeliveredNominalRangeModulatedRegionDepths,FL,2,FALSE
300A0511,300A,0511,12298,1297,Delivered Reference Dose Definition,DeliveredReferenceDoseDefinition,CS,1,FALSE
300A0512,300A,0512,12298,1298,Reference Dose Definition,ReferenceDoseDefinition,CS,1,FALSE
300A0600,300A,0600,12298,1536,RT Control Point Index,RTControlPointIndex,US,1,FALSE
300A0601,300A,0601,12298,1537,Radiation Generation Mode Index,RadiationGenerationModeIndex,US,1,FALSE
300A0602,300A,0602,12298,1538,Referenced Defined Device Index,ReferencedDefinedDeviceIndex,US,1,FALSE
300A0603,300A,0603,12298,1539,Radiation Dose Identification Index,RadiationDoseIdentificationIndex,US,1,FALSE
300A0604,300A,0604,12298,1540,Number of RT Control Points,NumberOfRTControlPoints,US,1,FALSE
300A0605,300A,0605,12298,1541,Referenced Radiation Generation Mode Index,ReferencedRadiationGenerationModeIndex,US,1,FALSE
300A0606,300A,0606,12298,1542,Treatment Position Index,TreatmentPositionIndex,US,1,FALSE
300A0607,300A,0607,12298,1543,Referenced Device Index,ReferencedDeviceIndex,US,1,FALSE
300A0608,300A,0608,12298,1544,Treatment Position Group Label,TreatmentPositionGroupLabel,LO,1,FALSE
300A0609,300A,0609,12298,1545,Treatment Position Group UID,TreatmentPositionGroupUID,UI,1,FALSE
300A060A,300A,060A,12298,1546,Treatment Position Group Sequence,TreatmentPositionGroupSequence,SQ,1,FALSE
300A060B,300A,060B,12298,1547,Referenced Treatment Position Index,ReferencedTreatmentPositionIndex,US,1,FALSE
300A060C,300A,060C,12298,1548,Referenced Radiation Dose Identification Index,ReferencedRadiationDoseIdentificationIndex,US,1,FALSE
300A060D,300A,060D,12298,1549,RT Accessory Holder Water-Equivalent Thickness,RTAccessoryHolderWaterEquivalentThickness,FD,1,FALSE
300A060E,300A,060E,12298,1550,Referenced RT Accessory Holder Device Index,ReferencedRTAccessoryHolderDeviceIndex,US,1,FALSE
300A060F,300A,060F,12298,1551,RT Accessory Holder Slot Existence Flag,RTAccessoryHolderSlotExistenceFlag,CS,1,FALSE
300A0610,300A,0610,12298,1552,RT Accessory Holder Slot Sequence,RTAccessoryHolderSlotSequence,SQ,1,FALSE
300A0611,300A,0611,12298,1553,RT Accessory Holder Slot ID,RTAccessoryHolderSlotID,LO,1,FALSE
300A0612,300A,0612,12298,1554,RT Accessory Holder Slot Distance,RTAccessoryHolderSlotDistance,FD,1,FALSE
300A0613,300A,0613,12298,1555,RT Accessory Slot Distance,RTAccessorySlotDistance,FD,1,FALSE
300A0614,300A,0614,12298,1556,RT Accessory Holder Definition Sequence,RTAccessoryHolderDefinitionSequence,SQ,1,FALSE
300A0615,300A,0615,12298,1557,RT Accessory Device Slot ID,RTAccessoryDeviceSlotID,LO,1,FALSE
300A0616,300A,0616,12298,1558,RT Radiation Sequence,RTRadiationSequence,SQ,1,FALSE
300A0617,300A,0617,12298,1559,Radiation Dose Sequence,RadiationDoseSequence,SQ,1,FALSE
300A0618,300A,0618,12298,1560,Radiation Dose Identification Sequence,RadiationDoseIdentificationSequence,SQ,1,FALSE
300A0619,300A,0619,12298,1561,Radiation Dose Identification Label,RadiationDoseIdentificationLabel,LO,1,FALSE
300A061A,300A,061A,12298,1562,Reference Dose Type,ReferenceDoseType,CS,1,FALSE
300A061B,300A,061B,12298,1563,Primary Dose Value Indicator,PrimaryDoseValueIndicator,CS,1,FALSE
300A061C,300A,061C,12298,1564,Dose Values Sequence,DoseValuesSequence,SQ,1,FALSE
300A061D,300A,061D,12298,1565,Dose Value Purpose,DoseValuePurpose,CS,1-n,FALSE
300A061E,300A,061E,12298,1566,Reference Dose Point Coordinates,ReferenceDosePointCoordinates,FD,3,FALSE
300A061F,300A,061F,12298,1567,Radiation Dose Values Parameters Sequence,RadiationDoseValuesParametersSequence,SQ,1,FALSE
300A0620,300A,0620,12298,1568,Meterset to Dose Mapping Sequence,MetersetToDoseMappingSequence,SQ,1,FALSE
300A0621,300A,0621,12298,1569,Expected In-Vivo Measurement Values Sequence,ExpectedInVivoMeasurementValuesSequence,SQ,1,FALSE
300A0622,300A,0622,12298,1570,Expected In-Vivo Measurement Value Index,ExpectedInVivoMeasurementValueIndex,US,1,FALSE
300A0623,300A,0623,12298,1571,Radiation Dose In-Vivo Measurement Label,RadiationDoseInVivoMeasurementLabel,LO,1,FALSE
300A0624,300A,0624,12298,1572,Radiation Dose Central Axis Displacement,RadiationDoseCentralAxisDisplacement,FD,2,FALSE
300A0625,300A,0625,12298,1573,Radiation Dose Value,RadiationDoseValue,FD,1,FALSE
300A0626,300A,0626,12298,1574,Radiation Dose Source to Skin Distance,RadiationDoseSourceToSkinDistance,FD,1,FALSE
300A0627,300A,0627,12298,1575,Radiation Dose Measurement Point Coordinates,RadiationDoseMeasurementPointCoordinates,FD,3,FALSE
300A0628,300A,0628,12298,1576,Radiation Dose Source to External Contour Distance,RadiationDoseSourceToExternalContourDistance,FD,1,FALSE
300A0629,300A,0629,12298,1577,RT Tolerance Set Sequence,RTToleranceSetSequence,SQ,1,FALSE
300A062A,300A,062A,12298,1578,RT Tolerance Set Label,RTToleranceSetLabel,LO,1,FALSE
300A062B,300A,062B,12298,1579,Attribute Tolerance Values Sequence,AttributeToleranceValuesSequence,SQ,1,FALSE
300A062C,300A,062C,12298,1580,Tolerance Value,ToleranceValue,FD,1,FALSE
300A062D,300A,062D,12298,1581,Patient Support Position Tolerance Sequence,PatientSupportPositionToleranceSequence,SQ,1,FALSE
300A062E,300A,062E,12298,1582,Treatment Time Limit,TreatmentTimeLimit,FD,1,FALSE
300A062F,300A,062F,12298,1583,C-Arm Photon-Electron Control Point Sequence,CArmPhotonElectronControlPointSequence,SQ,1,FALSE
300A0630,300A,0630,12298,1584,Referenced RT Radiation Sequence,ReferencedRTRadiationSequence,SQ,1,FALSE
300A0631,300A,0631,12298,1585,Referenced RT Instance Sequence,ReferencedRTInstanceSequence,SQ,1,FALSE
300A0632,300A,0632,12298,1586,Referenced RT Patient Setup Sequence,ReferencedRTPatientSetupSequence,SQ,1,TRUE
300A0634,300A,0634,12298,1588,Source to Patient Surface Distance,SourceToPatientSurfaceDistance,FD,1,FALSE
300A0635,300A,0635,12298,1589,Treatment Machine Special Mode Code Sequence,TreatmentMachineSpecialModeCodeSequence,SQ,1,FALSE
300A0636,300A,0636,12298,1590,Intended Number of Fractions,IntendedNumberOfFractions,US,1,FALSE
300A0637,300A,0637,12298,1591,RT Radiation Set Intent,RTRadiationSetIntent,CS,1,FALSE
300A0638,300A,0638,12298,1592,RT Radiation Physical and Geometric Content Detail Flag,RTRadiationPhysicalAndGeometricContentDetailFlag,CS,1,FALSE
300A0639,300A,0639,12298,1593,RT Record Flag,RTRecordFlag,CS,1,FALSE
300A063A,300A,063A,12298,1594,Treatment Device Identification Sequence,TreatmentDeviceIdentificationSequence,SQ,1,FALSE
300A063B,300A,063B,12298,1595,Referenced RT Physician Intent Sequence,ReferencedRTPhysicianIntentSequence,SQ,1,FALSE
300A063C,300A,063C,12298,1596,Cumulative Meterset,CumulativeMeterset,FD,1,FALSE
300A063D,300A,063D,12298,1597,Delivery Rate,DeliveryRate,FD,1,FALSE
300A063E,300A,063E,12298,1598,Delivery Rate Unit Sequence,DeliveryRateUnitSequence,SQ,1,FALSE
300A063F,300A,063F,12298,1599,Treatment Position Sequence,TreatmentPositionSequence,SQ,1,FALSE
300A0640,300A,0640,12298,1600,Radiation Source-Axis Distance,RadiationSourceAxisDistance,FD,1,FALSE
300A0641,300A,0641,12298,1601,Number of RT Beam Limiting Devices,NumberOfRTBeamLimitingDevices,US,1,FALSE
300A0642,300A,0642,12298,1602,RT Beam Limiting Device Proximal Distance,RTBeamLimitingDeviceProximalDistance,FD,1,FALSE
300A0643,300A,0643,12298,1603,RT Beam Limiting Device Distal Distance,RTBeamLimitingDeviceDistalDistance,FD,1,FALSE
300A0644,300A,0644,12298,1604,Parallel RT Beam Delimiter Device Orientation Label Code Sequence,ParallelRTBeamDelimiterDeviceOrientationLabelCodeSequence,SQ,1,FALSE
300A0645,300A,0645,12298,1605,Beam Modifier Orientation Angle,BeamModifierOrientationAngle,FD,1,FALSE
300A0646,300A,0646,12298,1606,Fixed RT Beam Delimiter Device Sequence,FixedRTBeamDelimiterDeviceSequence,SQ,1,FALSE
300A0647,300A,0647,12298,1607,Parallel RT Beam Delimiter Device Sequence,ParallelRTBeamDelimiterDeviceSequence,SQ,1,FALSE
300A0648,300A,0648,12298,1608,Number of Parallel RT Beam Delimiters,NumberOfParallelRTBeamDelimiters,US,1,FALSE
300A0649,300A,0649,12298,1609,Parallel RT Beam Delimiter Boundaries,ParallelRTBeamDelimiterBoundaries,FD,2-n,FALSE
300A064A,300A,064A,12298,1610,Parallel RT Beam Delimiter Positions,ParallelRTBeamDelimiterPositions,FD,2-n,FALSE
300A064B,300A,064B,12298,1611,RT Beam Limiting Device Offset,RTBeamLimitingDeviceOffset,FD,2,FALSE
300A064C,300A,064C,12298,1612,RT Beam Delimiter Geometry Sequence,RTBeamDelimiterGeometrySequence,SQ,1,FALSE
300A064D,300A,064D,12298,1613,RT Beam Limiting Device Definition Sequence,RTBeamLimitingDeviceDefinitionSequence,SQ,1,FALSE
300A064E,300A,064E,12298,1614,Parallel RT Beam Delimiter Opening Mode,ParallelRTBeamDelimiterOpeningMode,CS,1,FALSE
300A064F,300A,064F,12298,1615,Parallel RT Beam Delimiter Leaf Mounting Side,ParallelRTBeamDelimiterLeafMountingSide,CS,1-n,FALSE
300A0650,300A,0650,12298,1616,Patient Setup UID,PatientSetupUID,UI,1,TRUE
300A0651,300A,0651,12298,1617,Wedge Definition Sequence,WedgeDefinitionSequence,SQ,1,FALSE
300A0652,300A,0652,12298,1618,Radiation Beam Wedge Angle,RadiationBeamWedgeAngle,FD,1,FALSE
300A0653,300A,0653,12298,1619,Radiation Beam Wedge Thin Edge Distance,RadiationBeamWedgeThinEdgeDistance,FD,1,FALSE
300A0654,300A,0654,12298,1620,Radiation Beam Effective Wedge Angle,RadiationBeamEffectiveWedgeAngle,FD,1,FALSE
300A0655,300A,0655,12298,1621,Number of Wedge Positions,NumberOfWedgePositions,US,1,FALSE
300A0656,300A,0656,12298,1622,RT Beam Limiting Device Opening Sequence,RTBeamLimitingDeviceOpeningSequence,SQ,1,FALSE
300A0657,300A,0657,12298,1623,Number of RT Beam Limiting Device Openings,NumberOfRTBeamLimitingDeviceOpenings,US,1,FALSE
300A0658,300A,0658,12298,1624,Radiation Dosimeter Unit Sequence,RadiationDosimeterUnitSequence,SQ,1,FALSE
300A0659,300A,0659,12298,1625,RT Device Distance Reference Location Code Sequence,RTDeviceDistanceReferenceLocationCodeSequence,SQ,1,FALSE
300A065A,300A,065A,12298,1626,Radiation Device Configuration and Commissioning Key Sequence,RadiationDeviceConfigurationAndCommissioningKeySequence,SQ,1,FALSE
300A065B,300A,065B,12298,1627,Patient Support Position Parameter Sequence,PatientSupportPositionParameterSequence,SQ,1,FALSE
300A065C,300A,065C,12298,1628,Patient Support Position Specification Method,PatientSupportPositionSpecificationMethod,CS,1,FALSE
300A065D,300A,065D,12298,1629,Patient Support Position Device Parameter Sequence,PatientSupportPositionDeviceParameterSequence,SQ,1,FALSE
300A065E,300A,065E,12298,1630,Device Order Index,DeviceOrderIndex,US,1,FALSE
300A065F,300A,065F,12298,1631,Patient Support Position Parameter Order Index,PatientSupportPositionParameterOrderIndex,US,1,FALSE
300A0660,300A,0660,12298,1632,Patient Support Position Device Tolerance Sequence,PatientSupportPositionDeviceToleranceSequence,SQ,1,FALSE
300A0661,300A,0661,12298,1633,Patient Support Position Tolerance Order Index,PatientSupportPositionToleranceOrderIndex,US,1,FALSE
300A0662,300A,0662,12298,1634,Compensator Definition Sequence,CompensatorDefinitionSequence,SQ,1,FALSE
300A0663,300A,0663,12298,1635,Compensator Map Orientation,CompensatorMapOrientation,CS,1,FALSE
300A0664,300A,0664,12298,1636,Compensator Proximal Thickness Map,CompensatorProximalThicknessMap,OF,1,FALSE
300A0665,300A,0665,12298,1637,Compensator Distal Thickness Map,CompensatorDistalThicknessMap,OF,1,FALSE
300A0666,300A,0666,12298,1638,Compensator Base Plane Offset,CompensatorBasePlaneOffset,FD,1,FALSE
300A0667,300A,0667,12298,1639,Compensator Shape Fabrication Code Sequence,CompensatorShapeFabricationCodeSequence,SQ,1,FALSE
300A0668,300A,0668,12298,1640,Compensator Shape Sequence,CompensatorShapeSequence,SQ,1,FALSE
300A0669,300A,0669,12298,1641,Radiation Beam Compensator Milling Tool Diameter,RadiationBeamCompensatorMillingToolDiameter,FD,1,FALSE
300A066A,300A,066A,12298,1642,Block Definition Sequence,BlockDefinitionSequence,SQ,1,FALSE
300A066B,300A,066B,12298,1643,Block Edge Data,BlockEdgeData,OF,1,FALSE
300A066C,300A,066C,12298,1644,Block Orientation,BlockOrientation,CS,1,FALSE
300A066D,300A,066D,12298,1645,Radiation Beam Block Thickness,RadiationBeamBlockThickness,FD,1,FALSE
300A066E,300A,066E,12298,1646,Radiation Beam Block Slab Thickness,RadiationBeamBlockSlabThickness,FD,1,FALSE
300A066F,300A,066F,12298,1647,Block Edge Data Sequence,BlockEdgeDataSequence,SQ,1,FALSE
300A0670,300A,0670,12298,1648,Number of RT Accessory Holders,NumberOfRTAccessoryHolders,US,1,FALSE
300A0671,300A,0671,12298,1649,General Accessory Definition Sequence,GeneralAccessoryDefinitionSequence,SQ,1,FALSE
300A0672,300A,0672,12298,1650,Number of General Accessories,NumberOfGeneralAccessories,US,1,FALSE
300A0673,300A,0673,12298,1651,Bolus Definition Sequence,BolusDefinitionSequence,SQ,1,FALSE
300A0674,300A,0674,12298,1652,Number of Boluses,NumberOfBoluses,US,1,FALSE
300A0675,300A,0675,12298,1653,Equipment Frame of Reference UID,EquipmentFrameOfReferenceUID,UI,1,FALSE
300A0676,300A,0676,12298,1654,Equipment Frame of Reference Description,EquipmentFrameOfReferenceDescription,ST,1,FALSE
300A0677,300A,0677,12298,1655,Equipment Reference Point Coordinates Sequence,EquipmentReferencePointCoordinatesSequence,SQ,1,FALSE
300A0678,300A,0678,12298,1656,Equipment Reference Point Code Sequence,EquipmentReferencePointCodeSequence,SQ,1,FALSE
300A0679,300A,0679,12298,1657,RT Beam Limiting Device Angle,RTBeamLimitingDeviceAngle,FD,1,FALSE
300A067A,300A,067A,12298,1658,Source Roll Angle,SourceRollAngle,FD,1,FALSE
300A067B,300A,067B,12298,1659,Radiation GenerationMode Sequence,RadiationGenerationModeSequence,SQ,1,FALSE
300A067C,300A,067C,12298,1660,Radiation GenerationMode Label,RadiationGenerationModeLabel,SH,1,FALSE
300A067D,300A,067D,12298,1661,Radiation GenerationMode Description,RadiationGenerationModeDescription,ST,1,FALSE
300A067E,300A,067E,12298,1662,Radiation GenerationMode Machine Code Sequence,RadiationGenerationModeMachineCodeSequence,SQ,1,FALSE
300A067F,300A,067F,12298,1663,Radiation Type Code Sequence,RadiationTypeCodeSequence,SQ,1,FALSE
300A0680,300A,0680,12298,1664,Nominal Energy,NominalEnergy,DS,1,FALSE
300A0681,300A,0681,12298,1665,Minimum Nominal Energy,MinimumNominalEnergy,DS,1,FALSE
300A0682,300A,0682,12298,1666,Maximum Nominal Energy,MaximumNominalEnergy,DS,1,FALSE
300A0683,300A,0683,12298,1667,Radiation Fluence Modifier Code Sequence,RadiationFluenceModifierCodeSequence,SQ,1,FALSE
300A0684,300A,0684,12298,1668,Energy Unit Code Sequence,EnergyUnitCodeSequence,SQ,1,FALSE
300A0685,300A,0685,12298,1669,Number of Radiation GenerationModes,NumberOfRadiationGenerationModes,US,1,FALSE
300A0686,300A,0686,12298,1670,Patient Support Devices Sequence,PatientSupportDevicesSequence,SQ,1,FALSE
300A0687,300A,0687,12298,1671,Number of Patient Support Devices,NumberOfPatientSupportDevices,US,1,FALSE
300A0688,300A,0688,12298,1672,RT Beam Modifier Definition Distance,RTBeamModifierDefinitionDistance,FD,1,FALSE
300A0689,300A,0689,12298,1673,Beam Area Limit Sequence,BeamAreaLimitSequence,SQ,1,FALSE
300A068A,300A,068A,12298,1674,Referenced RT Prescription Sequence,ReferencedRTPrescriptionSequence,SQ,1,FALSE
300A0700,300A,0700,12298,1792,Treatment Session UID,TreatmentSessionUID,UI,1,FALSE
300A0701,300A,0701,12298,1793,RT Radiation Usage,RTRadiationUsage,CS,1,FALSE
300A0702,300A,0702,12298,1794,Referenced RT Radiation Set Sequence,ReferencedRTRadiationSetSequence,SQ,1,FALSE
300A0703,300A,0703,12298,1795,Referenced RT Radiation Record Sequence,ReferencedRTRadiationRecordSequence,SQ,1,FALSE
300A0704,300A,0704,12298,1796,RT Radiation Set Delivery Number,RTRadiationSetDeliveryNumber,US,1,FALSE
300A0705,300A,0705,12298,1797,Clinical Fraction Number,ClinicalFractionNumber,US,1,FALSE
300A0706,300A,0706,12298,1798,RT Treatment Fraction Completion Status,RTTreatmentFractionCompletionStatus,CS,1,FALSE
300A0707,300A,0707,12298,1799,RT Radiation Set Usage,RTRadiationSetUsage,CS,1,FALSE
300A0708,300A,0708,12298,1800,Treatment Delivery Continuation Flag,TreatmentDeliveryContinuationFlag,CS,1,FALSE
300A0709,300A,0709,12298,1801,Treatment Record Content Origin,TreatmentRecordContentOrigin,CS,1,FALSE
300A0714,300A,0714,12298,1812,RT Treatment Termination Status,RTTreatmentTerminationStatus,CS,1,FALSE
300A0715,300A,0715,12298,1813,RT Treatment Termination Reason Code Sequence,RTTreatmentTerminationReasonCodeSequence,SQ,1,FALSE
300A0716,300A,0716,12298,1814,Machine-Specific Treatment Termination Code Sequence,MachineSpecificTreatmentTerminationCodeSequence,SQ,1,FALSE
300A0722,300A,0722,12298,1826,RT Radiation Salvage Record Control Point Sequence,RTRadiationSalvageRecordControlPointSequence,SQ,1,FALSE
300A0723,300A,0723,12298,1827,Starting Meterset Value Known Flag,StartingMetersetValueKnownFlag,CS,1,FALSE
300A0730,300A,0730,12298,1840,Treatment Termination Description,TreatmentTerminationDescription,ST,1,FALSE
300A0731,300A,0731,12298,1841,Treatment Tolerance Violation Sequence,TreatmentToleranceViolationSequence,SQ,1,FALSE
300A0732,300A,0732,12298,1842,Treatment Tolerance Violation Category,TreatmentToleranceViolationCategory,CS,1,FALSE
300A0733,300A,0733,12298,1843,Treatment Tolerance Violation Attribute Sequence,TreatmentToleranceViolationAttributeSequence,SQ,1,FALSE
300A0734,300A,0734,12298,1844,Treatment Tolerance Violation Description,TreatmentToleranceViolationDescription,ST,1,FALSE
300A0735,300A,0735,12298,1845,Treatment Tolerance Violation Identification,TreatmentToleranceViolationIdentification,ST,1,FALSE
300A0736,300A,0736,12298,1846,Treatment Tolerance Violation DateTime,TreatmentToleranceViolationDateTime,DT,1,FALSE
300A073A,300A,073A,12298,1850,Recorded RT Control Point DateTime,RecordedRTControlPointDateTime,DT,1,FALSE
300A073B,300A,073B,12298,1851,Referenced Radiation RT Control Point Index,ReferencedRadiationRTControlPointIndex,US,1,FALSE
300A073E,300A,073E,12298,1854,Alternate Value Sequence,AlternateValueSequence,SQ,1,FALSE
300A073F,300A,073F,12298,1855,Confirmation Sequence,ConfirmationSequence,SQ,1,FALSE
300A0740,300A,0740,12298,1856,Interlock Sequence,InterlockSequence,SQ,1,FALSE
300A0741,300A,0741,12298,1857,Interlock DateTime,InterlockDateTime,DT,1,FALSE
300A0742,300A,0742,12298,1858,Interlock Description,InterlockDescription,ST,1,FALSE
300A0743,300A,0743,12298,1859,Interlock Originating Device Sequence,InterlockOriginatingDeviceSequence,SQ,1,FALSE
300A0744,300A,0744,12298,1860,Interlock Code Sequence,InterlockCodeSequence,SQ,1,FALSE
300A0745,300A,0745,12298,1861,Interlock Resolution Code Sequence,InterlockResolutionCodeSequence,SQ,1,FALSE
300A0746,300A,0746,12298,1862,Interlock Resolution User Sequence,InterlockResolutionUserSequence,SQ,1,FALSE
300A0760,300A,0760,12298,1888,Override DateTime,OverrideDateTime,DT,1,FALSE
300A0761,300A,0761,12298,1889,Treatment Tolerance Violation Type Code Sequence,TreatmentToleranceViolationTypeCodeSequence,SQ,1,FALSE
300A0762,300A,0762,12298,1890,Treatment Tolerance Violation Cause Code Sequence,TreatmentToleranceViolationCauseCodeSequence,SQ,1,FALSE
300A0772,300A,0772,12298,1906,Measured Meterset to Dose Mapping Sequence,MeasuredMetersetToDoseMappingSequence,SQ,1,FALSE
300A0773,300A,0773,12298,1907,Referenced Expected In-Vivo Measurement Value Index,ReferencedExpectedInVivoMeasurementValueIndex,US,1,FALSE
300A0774,300A,0774,12298,1908,Dose Measurement Device Code Sequence,DoseMeasurementDeviceCodeSequence,SQ,1,FALSE
300A0780,300A,0780,12298,1920,Additional Parameter Recording Instance Sequence,AdditionalParameterRecordingInstanceSequence,SQ,1,FALSE
300A0782,300A,0782,12298,1922,,,US,1,TRUE
300A0783,300A,0783,12298,1923,Interlock Origin Description,InterlockOriginDescription,ST,1,FALSE
300A0784,300A,0784,12298,1924,RT Patient Position Scope Sequence,RTPatientPositionScopeSequence,SQ,1,FALSE
300A0785,300A,0785,12298,1925,Referenced Treatment Position Group UID,ReferencedTreatmentPositionGroupUID,UI,1,FALSE
300A0786,300A,0786,12298,1926,Radiation Order Index,RadiationOrderIndex,US,1,FALSE
300A0787,300A,0787,12298,1927,Omitted Radiation Sequence,OmittedRadiationSequence,SQ,1,FALSE
300A0788,300A,0788,12298,1928,Reason for Omission Code Sequence,ReasonForOmissionCodeSequence,SQ,1,FALSE
300A0789,300A,0789,12298,1929,RT Delivery Start Patient Position Sequence,RTDeliveryStartPatientPositionSequence,SQ,1,FALSE
300A078A,300A,078A,12298,1930,RT Treatment Preparation Patient Position Sequence,RTTreatmentPreparationPatientPositionSequence,SQ,1,FALSE
300A078B,300A,078B,12298,1931,Referenced RT Treatment Preparation Sequence,ReferencedRTTreatmentPreparationSequence,SQ,1,FALSE
300A078C,300A,078C,12298,1932,Referenced Patient Setup Photo Sequence,ReferencedPatientSetupPhotoSequence,SQ,1,FALSE
300A078D,300A,078D,12298,1933,Patient Treatment Preparation Method Code Sequence,PatientTreatmentPreparationMethodCodeSequence,SQ,1,FALSE
300A078E,300A,078E,12298,1934,Patient Treatment Preparation Procedure Parameter Description,PatientTreatmentPreparationProcedureParameterDescription,LT,1,FALSE
300A078F,300A,078F,12298,1935,Patient Treatment Preparation Device Sequence,PatientTreatmentPreparationDeviceSequence,SQ,1,FALSE
300A0790,300A,0790,12298,1936,Patient Treatment Preparation Procedure Sequence,PatientTreatmentPreparationProcedureSequence,SQ,1,FALSE
300A0791,300A,0791,12298,1937,Patient Treatment Preparation Procedure Code Sequence,PatientTreatmentPreparationProcedureCodeSequence,SQ,1,FALSE
300A0792,300A,0792,12298,1938,Patient Treatment Preparation Method Description,PatientTreatmentPreparationMethodDescription,LT,1,FALSE
300A0793,300A,0793,12298,1939,Patient Treatment Preparation Procedure Parameter Sequence,PatientTreatmentPreparationProcedureParameterSequence,SQ,1,FALSE
300A0794,300A,0794,12298,1940,Patient Setup Photo Description,PatientSetupPhotoDescription,LT,1,FALSE
300A0795,300A,0795,12298,1941,Patient Treatment Preparation Procedure Index,PatientTreatmentPreparationProcedureIndex,US,1,FALSE
300A0796,300A,0796,12298,1942,Referenced Patient Setup Procedure Index,ReferencedPatientSetupProcedureIndex,US,1,FALSE
300A0797,300A,0797,12298,1943,RT Radiation Task Sequence,RTRadiationTaskSequence,SQ,1,FALSE
300A0798,300A,0798,12298,1944,RT Patient Position Displacement Sequence,RTPatientPositionDisplacementSequence,SQ,1,FALSE
300A0799,300A,0799,12298,1945,RT Patient Position Sequence,RTPatientPositionSequence,SQ,1,FALSE
300A079A,300A,079A,12298,1946,Displacement Reference Label,DisplacementReferenceLabel,LO,1,FALSE
300A079B,300A,079B,12298,1947,Displacement Matrix,DisplacementMatrix,FD,16,FALSE
300A079C,300A,079C,12298,1948,Patient Support Displacement Sequence,PatientSupportDisplacementSequence,SQ,1,FALSE
300A079D,300A,079D,12298,1949,Displacement Reference Location Code Sequence,DisplacementReferenceLocationCodeSequence,SQ,1,FALSE
300A079E,300A,079E,12298,1950,RT Radiation Set Delivery Usage,RTRadiationSetDeliveryUsage,CS,1,FALSE
300C0002,300C,0002,12300,2,Referenced RT Plan Sequence,ReferencedRTPlanSequence,SQ,1,FALSE
300C0004,300C,0004,12300,4,Referenced Beam Sequence,ReferencedBeamSequence,SQ,1,FALSE
300C0006,300C,0006,12300,6,Referenced Beam Number,ReferencedBeamNumber,IS,1,FALSE
300C0007,300C,0007,12300,7,Referenced Reference Image Number,ReferencedReferenceImageNumber,IS,1,FALSE
300C0008,300C,0008,12300,8,Start Cumulative Meterset Weight,StartCumulativeMetersetWeight,DS,1,FALSE
300C0009,300C,0009,12300,9,End Cumulative Meterset Weight,EndCumulativeMetersetWeight,DS,1,FALSE
300C000A,300C,000A,12300,10,Referenced Brachy Application Setup Sequence,ReferencedBrachyApplicationSetupSequence,SQ,1,FALSE
300C000C,300C,000C,12300,12,Referenced Brachy Application Setup Number,ReferencedBrachyApplicationSetupNumber,IS,1,FALSE
300C000E,300C,000E,12300,14,Referenced Source Number,ReferencedSourceNumber,IS,1,FALSE
300C0020,300C,0020,12300,32,Referenced Fraction Group Sequence,ReferencedFractionGroupSequence,SQ,1,FALSE
300C0022,300C,0022,12300,34,Referenced Fraction Group Number,ReferencedFractionGroupNumber,IS,1,FALSE
300C0040,300C,0040,12300,64,Referenced Verification Image Sequence,ReferencedVerificationImageSequence,SQ,1,FALSE
300C0042,300C,0042,12300,66,Referenced Reference Image Sequence,ReferencedReferenceImageSequence,SQ,1,FALSE
300C0050,300C,0050,12300,80,Referenced Dose Reference Sequence,ReferencedDoseReferenceSequence,SQ,1,FALSE
300C0051,300C,0051,12300,81,Referenced Dose Reference Number,ReferencedDoseReferenceNumber,IS,1,FALSE
300C0055,300C,0055,12300,85,Brachy Referenced Dose Reference Sequence,BrachyReferencedDoseReferenceSequence,SQ,1,FALSE
300C0060,300C,0060,12300,96,Referenced Structure Set Sequence,ReferencedStructureSetSequence,SQ,1,FALSE
300C006A,300C,006A,12300,106,Referenced Patient Setup Number,ReferencedPatientSetupNumber,IS,1,FALSE
300C0080,300C,0080,12300,128,Referenced Dose Sequence,ReferencedDoseSequence,SQ,1,FALSE
300C00A0,300C,00A0,12300,160,Referenced Tolerance Table Number,ReferencedToleranceTableNumber,IS,1,FALSE
300C00B0,300C,00B0,12300,176,Referenced Bolus Sequence,ReferencedBolusSequence,SQ,1,FALSE
300C00C0,300C,00C0,12300,192,Referenced Wedge Number,ReferencedWedgeNumber,IS,1,FALSE
300C00D0,300C,00D0,12300,208,Referenced Compensator Number,ReferencedCompensatorNumber,IS,1,FALSE
300C00E0,300C,00E0,12300,224,Referenced Block Number,ReferencedBlockNumber,IS,1,FALSE
300C00F0,300C,00F0,12300,240,Referenced Control Point Index,ReferencedControlPointIndex,IS,1,FALSE
300C00F2,300C,00F2,12300,242,Referenced Control Point Sequence,ReferencedControlPointSequence,SQ,1,FALSE
300C00F4,300C,00F4,12300,244,Referenced Start Control Point Index,ReferencedStartControlPointIndex,IS,1,FALSE
300C00F6,300C,00F6,12300,246,Referenced Stop Control Point Index,ReferencedStopControlPointIndex,IS,1,FALSE
300C0100,300C,0100,12300,256,Referenced Range Shifter Number,ReferencedRangeShifterNumber,IS,1,FALSE
300C0102,300C,0102,12300,258,Referenced Lateral Spreading Device Number,ReferencedLateralSpreadingDeviceNumber,IS,1,FALSE
300C0104,300C,0104,12300,260,Referenced Range Modulator Number,ReferencedRangeModulatorNumber,IS,1,FALSE
300C0111,300C,0111,12300,273,Omitted Beam Task Sequence,OmittedBeamTaskSequence,SQ,1,FALSE
300C0112,300C,0112,12300,274,Reason for Omission,ReasonForOmission,CS,1,FALSE
300C0113,300C,0113,12300,275,Reason for Omission Description,ReasonForOmissionDescription,LO,1,FALSE
300C0114,300C,0114,12300,276,Prescription Overview Sequence,PrescriptionOverviewSequence,SQ,1,FALSE
300C0115,300C,0115,12300,277,Total Prescription Dose,TotalPrescriptionDose,FL,1,FALSE
300C0116,300C,0116,12300,278,Plan Overview Sequence,PlanOverviewSequence,SQ,1,FALSE
300C0117,300C,0117,12300,279,Plan Overview Index,PlanOverviewIndex,US,1,FALSE
300C0118,300C,0118,12300,280,Referenced Plan Overview Index,ReferencedPlanOverviewIndex,US,1,FALSE
300C0119,300C,0119,12300,281,Number of Fractions Included,NumberOfFractionsIncluded,US,1,FALSE
300C0120,300C,0120,12300,288,Dose Calibration Conditions Sequence,DoseCalibrationConditionsSequence,SQ,1,FALSE
300C0121,300C,0121,12300,289,Absorbed Dose to Meterset Ratio,AbsorbedDoseToMetersetRatio,FD,1,FALSE
300C0122,300C,0122,12300,290,Delineated Radiation Field Size,DelineatedRadiationFieldSize,FD,2,FALSE
300C0123,300C,0123,12300,291,Dose Calibration Conditions Verified Flag,DoseCalibrationConditionsVerifiedFlag,CS,1,FALSE
300C0124,300C,0124,12300,292,Calibration Reference Point Depth,CalibrationReferencePointDepth,FD,1,FALSE
300C0125,300C,0125,12300,293,Gating Beam Hold Transition Sequence,GatingBeamHoldTransitionSequence,SQ,1,FALSE
300C0126,300C,0126,12300,294,Beam Hold Transition,BeamHoldTransition,CS,1,FALSE
300C0127,300C,0127,12300,295,Beam Hold Transition DateTime,BeamHoldTransitionDateTime,DT,1,FALSE
300C0128,300C,0128,12300,296,Beam Hold Originating Device Sequence,BeamHoldOriginatingDeviceSequence,SQ,1,FALSE
300E0002,300E,0002,12302,2,Approval Status,ApprovalStatus,CS,1,FALSE
300E0004,300E,0004,12302,4,Review Date,ReviewDate,DA,1,FALSE
300E0005,300E,0005,12302,5,Review Time,ReviewTime,TM,1,FALSE
300E0008,300E,0008,12302,8,Reviewer Name,ReviewerName,PN,1,FALSE
30100001,3010,0001,12304,1,Radiobiological Dose Effect Sequence,RadiobiologicalDoseEffectSequence,SQ,1,FALSE
30100002,3010,0002,12304,2,Radiobiological Dose Effect Flag,RadiobiologicalDoseEffectFlag,CS,1,FALSE
30100003,3010,0003,12304,3,Effective Dose Calculation Method Category Code Sequence,EffectiveDoseCalculationMethodCategoryCodeSequence,SQ,1,FALSE
30100004,3010,0004,12304,4,Effective Dose Calculation Method Code Sequence,EffectiveDoseCalculationMethodCodeSequence,SQ,1,FALSE
30100005,3010,0005,12304,5,Effective Dose Calculation Method Description,EffectiveDoseCalculationMethodDescription,LO,1,FALSE
30100006,3010,0006,12304,6,Conceptual Volume UID,ConceptualVolumeUID,UI,1,FALSE
30100007,3010,0007,12304,7,Originating SOP Instance Reference Sequence,OriginatingSOPInstanceReferenceSequence,SQ,1,FALSE
30100008,3010,0008,12304,8,Conceptual Volume Constituent Sequence,ConceptualVolumeConstituentSequence,SQ,1,FALSE
30100009,3010,0009,12304,9,Equivalent Conceptual Volume Instance Reference Sequence,EquivalentConceptualVolumeInstanceReferenceSequence,SQ,1,FALSE
3010000A,3010,000A,12304,10,Equivalent Conceptual Volumes Sequence,EquivalentConceptualVolumesSequence,SQ,1,FALSE
3010000B,3010,000B,12304,11,Referenced Conceptual Volume UID,ReferencedConceptualVolumeUID,UI,1,FALSE
3010000C,3010,000C,12304,12,Conceptual Volume Combination Expression,ConceptualVolumeCombinationExpression,UT,1,FALSE
3010000D,3010,000D,12304,13,Conceptual Volume Constituent Index,ConceptualVolumeConstituentIndex,US,1,FALSE
3010000E,3010,000E,12304,14,Conceptual Volume Combination Flag,ConceptualVolumeCombinationFlag,CS,1,FALSE
3010000F,3010,000F,12304,15,Conceptual Volume Combination Description,ConceptualVolumeCombinationDescription,ST,1,FALSE
30100010,3010,0010,12304,16,Conceptual Volume Segmentation Defined Flag,ConceptualVolumeSegmentationDefinedFlag,CS,1,FALSE
30100011,3010,0011,12304,17,Conceptual Volume Segmentation Reference Sequence,ConceptualVolumeSegmentationReferenceSequence,SQ,1,FALSE
30100012,3010,0012,12304,18,Conceptual Volume Constituent Segmentation Reference Sequence,ConceptualVolumeConstituentSegmentationReferenceSequence,SQ,1,FALSE
30100013,3010,0013,12304,19,Constituent Conceptual Volume UID,ConstituentConceptualVolumeUID,UI,1,FALSE
30100014,3010,0014,12304,20,Derivation Conceptual Volume Sequence,DerivationConceptualVolumeSequence,SQ,1,FALSE
30100015,3010,0015,12304,21,Source Conceptual Volume UID,SourceConceptualVolumeUID,UI,1,FALSE
30100016,3010,0016,12304,22,Conceptual Volume Derivation Algorithm Sequence,ConceptualVolumeDerivationAlgorithmSequence,SQ,1,FALSE
30100017,3010,0017,12304,23,Conceptual Volume Description,ConceptualVolumeDescription,ST,1,FALSE
30100018,3010,0018,12304,24,Source Conceptual Volume Sequence,SourceConceptualVolumeSequence,SQ,1,FALSE
30100019,3010,0019,12304,25,Author Identification Sequence,AuthorIdentificationSequence,SQ,1,FALSE
3010001A,3010,001A,12304,26,Manufacturer's Model Version,ManufacturerModelVersion,LO,1,FALSE
3010001B,3010,001B,12304,27,Device Alternate Identifier,DeviceAlternateIdentifier,UC,1,FALSE
3010001C,3010,001C,12304,28,Device Alternate Identifier Type,DeviceAlternateIdentifierType,CS,1,FALSE
3010001D,3010,001D,12304,29,Device Alternate Identifier Format,DeviceAlternateIdentifierFormat,LT,1,FALSE
3010001E,3010,001E,12304,30,Segmentation Creation Template Label,SegmentationCreationTemplateLabel,LO,1,FALSE
3010001F,3010,001F,12304,31,Segmentation Template UID,SegmentationTemplateUID,UI,1,FALSE
30100020,3010,0020,12304,32,Referenced Segment Reference Index,ReferencedSegmentReferenceIndex,US,1,FALSE
30100021,3010,0021,12304,33,Segment Reference Sequence,SegmentReferenceSequence,SQ,1,FALSE
30100022,3010,0022,12304,34,Segment Reference Index,SegmentReferenceIndex,US,1,FALSE
30100023,3010,0023,12304,35,Direct Segment Reference Sequence,DirectSegmentReferenceSequence,SQ,1,FALSE
30100024,3010,0024,12304,36,Combination Segment Reference Sequence,CombinationSegmentReferenceSequence,SQ,1,FALSE
30100025,3010,0025,12304,37,Conceptual Volume Sequence,ConceptualVolumeSequence,SQ,1,FALSE
30100026,3010,0026,12304,38,Segmented RT Accessory Device Sequence,SegmentedRTAccessoryDeviceSequence,SQ,1,FALSE
30100027,3010,0027,12304,39,Segment Characteristics Sequence,SegmentCharacteristicsSequence,SQ,1,FALSE
30100028,3010,0028,12304,40,Related Segment Characteristics Sequence,RelatedSegmentCharacteristicsSequence,SQ,1,FALSE
30100029,3010,0029,12304,41,Segment Characteristics Precedence,SegmentCharacteristicsPrecedence,US,1,FALSE
3010002A,3010,002A,12304,42,RT Segment Annotation Sequence,RTSegmentAnnotationSequence,SQ,1,FALSE
3010002B,3010,002B,12304,43,Segment Annotation Category Code Sequence,SegmentAnnotationCategoryCodeSequence,SQ,1,FALSE
3010002C,3010,002C,12304,44,Segment Annotation Type Code Sequence,SegmentAnnotationTypeCodeSequence,SQ,1,FALSE
3010002D,3010,002D,12304,45,Device Label,DeviceLabel,LO,1,FALSE
3010002E,3010,002E,12304,46,Device Type Code Sequence,DeviceTypeCodeSequence,SQ,1,FALSE
3010002F,3010,002F,12304,47,Segment Annotation Type Modifier Code Sequence,SegmentAnnotationTypeModifierCodeSequence,SQ,1,FALSE
30100030,3010,0030,12304,48,Patient Equipment Relationship Code Sequence,PatientEquipmentRelationshipCodeSequence,SQ,1,FALSE
30100031,3010,0031,12304,49,Referenced Fiducials UID,ReferencedFiducialsUID,UI,1,FALSE
30100032,3010,0032,12304,50,Patient Treatment Orientation Sequence,PatientTreatmentOrientationSequence,SQ,1,FALSE
30100033,3010,0033,12304,51,User Content Label,UserContentLabel,SH,1,FALSE
30100034,3010,0034,12304,52,User Content Long Label,UserContentLongLabel,LO,1,FALSE
30100035,3010,0035,12304,53,Entity Label,EntityLabel,SH,1,FALSE
30100036,3010,0036,12304,54,Entity Name,EntityName,LO,1,FALSE
30100037,3010,0037,12304,55,Entity Description,EntityDescription,ST,1,FALSE
30100038,3010,0038,12304,56,Entity Long Label,EntityLongLabel,LO,1,FALSE
30100039,3010,0039,12304,57,Device Index,DeviceIndex,US,1,FALSE
3010003A,3010,003A,12304,58,RT Treatment Phase Index,RTTreatmentPhaseIndex,US,1,FALSE
3010003B,3010,003B,12304,59,RT Treatment Phase UID,RTTreatmentPhaseUID,UI,1,FALSE
3010003C,3010,003C,12304,60,RT Prescription Index,RTPrescriptionIndex,US,1,FALSE
3010003D,3010,003D,12304,61,RT Segment Annotation Index,RTSegmentAnnotationIndex,US,1,FALSE
3010003E,3010,003E,12304,62,Basis RT Treatment Phase Index,BasisRTTreatmentPhaseIndex,US,1,FALSE
3010003F,3010,003F,12304,63,Related RT Treatment Phase Index,RelatedRTTreatmentPhaseIndex,US,1,FALSE
30100040,3010,0040,12304,64,Referenced RT Treatment Phase Index,ReferencedRTTreatmentPhaseIndex,US,1,FALSE
30100041,3010,0041,12304,65,Referenced RT Prescription Index,ReferencedRTPrescriptionIndex,US,1,FALSE
30100042,3010,0042,12304,66,Referenced Parent RT Prescription Index,ReferencedParentRTPrescriptionIndex,US,1,FALSE
30100043,3010,0043,12304,67,Manufacturer's Device Identifier,ManufacturerDeviceIdentifier,ST,1,FALSE
30100044,3010,0044,12304,68,Instance-Level Referenced Performed Procedure Step Sequence,InstanceLevelReferencedPerformedProcedureStepSequence,SQ,1,FALSE
30100045,3010,0045,12304,69,RT Treatment Phase Intent Presence Flag,RTTreatmentPhaseIntentPresenceFlag,CS,1,FALSE
30100046,3010,0046,12304,70,Radiotherapy Treatment Type,RadiotherapyTreatmentType,CS,1,FALSE
30100047,3010,0047,12304,71,Teletherapy Radiation Type,TeletherapyRadiationType,CS,1-n,FALSE
30100048,3010,0048,12304,72,Brachytherapy Source Type,BrachytherapySourceType,CS,1-n,FALSE
30100049,3010,0049,12304,73,Referenced RT Treatment Phase Sequence,ReferencedRTTreatmentPhaseSequence,SQ,1,FALSE
3010004A,3010,004A,12304,74,Referenced Direct Segment Instance Sequence,ReferencedDirectSegmentInstanceSequence,SQ,1,FALSE
3010004B,3010,004B,12304,75,Intended RT Treatment Phase Sequence,IntendedRTTreatmentPhaseSequence,SQ,1,FALSE
3010004C,3010,004C,12304,76,Intended Phase Start Date,IntendedPhaseStartDate,DA,1,FALSE
3010004D,3010,004D,12304,77,Intended Phase End Date,IntendedPhaseEndDate,DA,1,FALSE
3010004E,3010,004E,12304,78,RT Treatment Phase Interval Sequence,RTTreatmentPhaseIntervalSequence,SQ,1,FALSE
3010004F,3010,004F,12304,79,Temporal Relationship Interval Anchor,TemporalRelationshipIntervalAnchor,CS,1,FALSE
30100050,3010,0050,12304,80,Minimum Number of Interval Days,MinimumNumberOfIntervalDays,FD,1,FALSE
30100051,3010,0051,12304,81,Maximum Number of Interval Days,MaximumNumberOfIntervalDays,FD,1,FALSE
30100052,3010,0052,12304,82,Pertinent SOP Classes in Study,PertinentSOPClassesInStudy,UI,1-n,FALSE
30100053,3010,0053,12304,83,Pertinent SOP Classes in Series,PertinentSOPClassesInSeries,UI,1-n,FALSE
30100054,3010,0054,12304,84,RT Prescription Label,RTPrescriptionLabel,LO,1,FALSE
30100055,3010,0055,12304,85,RT Physician Intent Predecessor Sequence,RTPhysicianIntentPredecessorSequence,SQ,1,FALSE
30100056,3010,0056,12304,86,RT Treatment Approach Label,RTTreatmentApproachLabel,LO,1,FALSE
30100057,3010,0057,12304,87,RT Physician Intent Sequence,RTPhysicianIntentSequence,SQ,1,FALSE
30100058,3010,0058,12304,88,RT Physician Intent Index,RTPhysicianIntentIndex,US,1,FALSE
30100059,3010,0059,12304,89,RT Treatment Intent Type,RTTreatmentIntentType,CS,1,FALSE
3010005A,3010,005A,12304,90,RT Physician Intent Narrative,RTPhysicianIntentNarrative,UT,1,FALSE
3010005B,3010,005B,12304,91,RT Protocol Code Sequence,RTProtocolCodeSequence,SQ,1,FALSE
3010005C,3010,005C,12304,92,Reason for Superseding,ReasonForSuperseding,ST,1,FALSE
3010005D,3010,005D,12304,93,RT Diagnosis Code Sequence,RTDiagnosisCodeSequence,SQ,1,FALSE
3010005E,3010,005E,12304,94,Referenced RT Physician Intent Index,ReferencedRTPhysicianIntentIndex,US,1,FALSE
3010005F,3010,005F,12304,95,RT Physician Intent Input Instance Sequence,RTPhysicianIntentInputInstanceSequence,SQ,1,FALSE
30100060,3010,0060,12304,96,RT Anatomic Prescription Sequence,RTAnatomicPrescriptionSequence,SQ,1,FALSE
30100061,3010,0061,12304,97,Prior Treatment Dose Description,PriorTreatmentDoseDescription,UT,1,FALSE
30100062,3010,0062,12304,98,Prior Treatment Reference Sequence,PriorTreatmentReferenceSequence,SQ,1,FALSE
30100063,3010,0063,12304,99,Dosimetric Objective Evaluation Scope,DosimetricObjectiveEvaluationScope,CS,1,FALSE
30100064,3010,0064,12304,100,Therapeutic Role Category Code Sequence,TherapeuticRoleCategoryCodeSequence,SQ,1,FALSE
30100065,3010,0065,12304,101,Therapeutic Role Type Code Sequence,TherapeuticRoleTypeCodeSequence,SQ,1,FALSE
30100066,3010,0066,12304,102,Conceptual Volume Optimization Precedence,ConceptualVolumeOptimizationPrecedence,US,1,FALSE
30100067,3010,0067,12304,103,Conceptual Volume Category Code Sequence,ConceptualVolumeCategoryCodeSequence,SQ,1,FALSE
30100068,3010,0068,12304,104,Conceptual Volume Blocking Constraint,ConceptualVolumeBlockingConstraint,CS,1,FALSE
30100069,3010,0069,12304,105,Conceptual Volume Type Code Sequence,ConceptualVolumeTypeCodeSequence,SQ,1,FALSE
3010006A,3010,006A,12304,106,Conceptual Volume Type Modifier Code Sequence,ConceptualVolumeTypeModifierCodeSequence,SQ,1,FALSE
3010006B,3010,006B,12304,107,RT Prescription Sequence,RTPrescriptionSequence,SQ,1,FALSE
3010006C,3010,006C,12304,108,Dosimetric Objective Sequence,DosimetricObjectiveSequence,SQ,1,FALSE
3010006D,3010,006D,12304,109,Dosimetric Objective Type Code Sequence,DosimetricObjectiveTypeCodeSequence,SQ,1,FALSE
3010006E,3010,006E,12304,110,Dosimetric Objective UID,DosimetricObjectiveUID,UI,1,FALSE
3010006F,3010,006F,12304,111,Referenced Dosimetric Objective UID,ReferencedDosimetricObjectiveUID,UI,1,FALSE
30100070,3010,0070,12304,112,Dosimetric Objective Parameter Sequence,DosimetricObjectiveParameterSequence,SQ,1,FALSE
30100071,3010,0071,12304,113,Referenced Dosimetric Objectives Sequence,ReferencedDosimetricObjectivesSequence,SQ,1,FALSE
30100073,3010,0073,12304,115,Absolute Dosimetric Objective Flag,AbsoluteDosimetricObjectiveFlag,CS,1,FALSE
30100074,3010,0074,12304,116,Dosimetric Objective Weight,DosimetricObjectiveWeight,FD,1,FALSE
30100075,3010,0075,12304,117,Dosimetric Objective Purpose,DosimetricObjectivePurpose,CS,1,FALSE
30100076,3010,0076,12304,118,Planning Input Information Sequence,PlanningInputInformationSequence,SQ,1,FALSE
30100077,3010,0077,12304,119,Treatment Site,TreatmentSite,LO,1,FALSE
30100078,3010,0078,12304,120,Treatment Site Code Sequence,TreatmentSiteCodeSequence,SQ,1,FALSE
30100079,3010,0079,12304,121,Fraction Pattern Sequence,FractionPatternSequence,SQ,1,FALSE
3010007A,3010,007A,12304,122,Treatment Technique Notes,TreatmentTechniqueNotes,UT,1,FALSE
3010007B,3010,007B,12304,123,Prescription Notes,PrescriptionNotes,UT,1,FALSE
3010007C,3010,007C,12304,124,Number of Interval Fractions,NumberOfIntervalFractions,IS,1,FALSE
3010007D,3010,007D,12304,125,Number of Fractions,NumberOfFractions,US,1,FALSE
3010007E,3010,007E,12304,126,Intended Delivery Duration,IntendedDeliveryDuration,US,1,FALSE
3010007F,3010,007F,12304,127,Fractionation Notes,FractionationNotes,UT,1,FALSE
30100080,3010,0080,12304,128,RT Treatment Technique Code Sequence,RTTreatmentTechniqueCodeSequence,SQ,1,FALSE
30100081,3010,0081,12304,129,Prescription Notes Sequence,PrescriptionNotesSequence,SQ,1,FALSE
30100082,3010,0082,12304,130,Fraction-Based Relationship Sequence,FractionBasedRelationshipSequence,SQ,1,FALSE
30100083,3010,0083,12304,131,Fraction-Based Relationship Interval Anchor,FractionBasedRelationshipIntervalAnchor,CS,1,FALSE
30100084,3010,0084,12304,132,Minimum Hours between Fractions,MinimumHoursBetweenFractions,FD,1,FALSE
30100085,3010,0085,12304,133,Intended Fraction Start Time,IntendedFractionStartTime,TM,1-n,FALSE
30100086,3010,0086,12304,134,Intended Start Day of Week,IntendedStartDayOfWeek,LT,1,FALSE
30100087,3010,0087,12304,135,Weekday Fraction Pattern Sequence,WeekdayFractionPatternSequence,SQ,1,FALSE
30100088,3010,0088,12304,136,Delivery Time Structure Code Sequence,DeliveryTimeStructureCodeSequence,SQ,1,FALSE
30100089,3010,0089,12304,137,Treatment Site Modifier Code Sequence,TreatmentSiteModifierCodeSequence,SQ,1,FALSE
30100090,3010,0090,12304,144,Robotic Base Location Indicator,RoboticBaseLocationIndicator,CS,1,TRUE
30100091,3010,0091,12304,145,Robotic Path Node Set Code Sequence,RoboticPathNodeSetCodeSequence,SQ,1,FALSE
30100092,3010,0092,12304,146,Robotic Node Identifier,RoboticNodeIdentifier,UL,1,FALSE
30100093,3010,0093,12304,147,RT Treatment Source Coordinates,RTTreatmentSourceCoordinates,FD,3,FALSE
30100094,3010,0094,12304,148,Radiation Source Coordinate SystemYaw Angle,RadiationSourceCoordinateSystemYawAngle,FD,1,FALSE
30100095,3010,0095,12304,149,Radiation Source Coordinate SystemRoll Angle,RadiationSourceCoordinateSystemRollAngle,FD,1,FALSE
30100096,3010,0096,12304,150,Radiation Source Coordinate System Pitch Angle,RadiationSourceCoordinateSystemPitchAngle,FD,1,FALSE
30100097,3010,0097,12304,151,Robotic Path Control Point Sequence,RoboticPathControlPointSequence,SQ,1,FALSE
30100098,3010,0098,12304,152,Tomotherapeutic Control Point Sequence,TomotherapeuticControlPointSequence,SQ,1,FALSE
30100099,3010,0099,12304,153,Tomotherapeutic Leaf Open Durations,TomotherapeuticLeafOpenDurations,FD,1-n,FALSE
3010009A,3010,009A,12304,154,Tomotherapeutic Leaf Initial Closed Durations,TomotherapeuticLeafInitialClosedDurations,FD,1-n,FALSE
301000A0,3010,00A0,12304,160,Conceptual Volume Identification Sequence,ConceptualVolumeIdentificationSequence,SQ,1,FALSE
40000010,4000,0010,16384,16,Arbitrary,Arbitrary,LT,1,TRUE
40004000,4000,4000,16384,16384,Text Comments,TextComments,LT,1,TRUE
40080040,4008,0040,16392,64,Results ID,ResultsID,SH,1,TRUE
40080042,4008,0042,16392,66,Results ID Issuer,ResultsIDIssuer,LO,1,TRUE
40080050,4008,0050,16392,80,Referenced Interpretation Sequence,ReferencedInterpretationSequence,SQ,1,TRUE
400800FF,4008,00FF,16392,255,Report Production Status (Trial),ReportProductionStatusTrial,CS,1,TRUE
40080100,4008,0100,16392,256,Interpretation Recorded Date,InterpretationRecordedDate,DA,1,TRUE
40080101,4008,0101,16392,257,Interpretation Recorded Time,InterpretationRecordedTime,TM,1,TRUE
40080102,4008,0102,16392,258,Interpretation Recorder,InterpretationRecorder,PN,1,TRUE
40080103,4008,0103,16392,259,Reference to Recorded Sound,ReferenceToRecordedSound,LO,1,TRUE
40080108,4008,0108,16392,264,Interpretation Transcription Date,InterpretationTranscriptionDate,DA,1,TRUE
40080109,4008,0109,16392,265,Interpretation Transcription Time,InterpretationTranscriptionTime,TM,1,TRUE
4008010A,4008,010A,16392,266,Interpretation Transcriber,InterpretationTranscriber,PN,1,TRUE
4008010B,4008,010B,16392,267,Interpretation Text,InterpretationText,ST,1,TRUE
4008010C,4008,010C,16392,268,Interpretation Author,InterpretationAuthor,PN,1,TRUE
40080111,4008,0111,16392,273,Interpretation Approver Sequence,InterpretationApproverSequence,SQ,1,TRUE
40080112,4008,0112,16392,274,Interpretation Approval Date,InterpretationApprovalDate,DA,1,TRUE
40080113,4008,0113,16392,275,Interpretation Approval Time,InterpretationApprovalTime,TM,1,TRUE
40080114,4008,0114,16392,276,Physician Approving Interpretation,PhysicianApprovingInterpretation,PN,1,TRUE
40080115,4008,0115,16392,277,Interpretation Diagnosis Description,InterpretationDiagnosisDescription,LT,1,TRUE
40080117,4008,0117,16392,279,Interpretation Diagnosis Code Sequence,InterpretationDiagnosisCodeSequence,SQ,1,TRUE
40080118,4008,0118,16392,280,Results Distribution List Sequence,ResultsDistributionListSequence,SQ,1,TRUE
40080119,4008,0119,16392,281,Distribution Name,DistributionName,PN,1,TRUE
4008011A,4008,011A,16392,282,Distribution Address,DistributionAddress,LO,1,TRUE
40080200,4008,0200,16392,512,Interpretation ID,InterpretationID,SH,1,TRUE
40080202,4008,0202,16392,514,Interpretation ID Issuer,InterpretationIDIssuer,LO,1,TRUE
40080210,4008,0210,16392,528,Interpretation Type ID,InterpretationTypeID,CS,1,TRUE
40080212,4008,0212,16392,530,Interpretation Status ID,InterpretationStatusID,CS,1,TRUE
40080300,4008,0300,16392,768,Impressions,Impressions,ST,1,TRUE
40084000,4008,4000,16392,16384,Results Comments,ResultsComments,ST,1,TRUE
40100001,4010,0001,16400,1,Low Energy Detectors,LowEnergyDetectors,CS,1,FALSE
40100002,4010,0002,16400,2,High Energy Detectors,HighEnergyDetectors,CS,1,FALSE
40100004,4010,0004,16400,4,Detector Geometry Sequence,DetectorGeometrySequence,SQ,1,FALSE
40101001,4010,1001,16400,4097,Threat ROI Voxel Sequence,ThreatROIVoxelSequence,SQ,1,FALSE
40101004,4010,1004,16400,4100,Threat ROI Base,ThreatROIBase,FL,3,FALSE
40101005,4010,1005,16400,4101,Threat ROI Extents,ThreatROIExtents,FL,3,FALSE
40101006,4010,1006,16400,4102,Threat ROI Bitmap,ThreatROIBitmap,OB,1,FALSE
40101007,4010,1007,16400,4103,Route Segment ID,RouteSegmentID,SH,1,FALSE
40101008,4010,1008,16400,4104,Gantry Type,GantryType,CS,1,FALSE
40101009,4010,1009,16400,4105,OOI Owner Type,OOIOwnerType,CS,1,FALSE
4010100A,4010,100A,16400,4106,Route Segment Sequence,RouteSegmentSequence,SQ,1,FALSE
40101010,4010,1010,16400,4112,Potential Threat Object ID,PotentialThreatObjectID,US,1,FALSE
40101011,4010,1011,16400,4113,Threat Sequence,ThreatSequence,SQ,1,FALSE
40101012,4010,1012,16400,4114,Threat Category,ThreatCategory,CS,1,FALSE
40101013,4010,1013,16400,4115,Threat Category Description,ThreatCategoryDescription,LT,1,FALSE
40101014,4010,1014,16400,4116,ATD Ability Assessment,ATDAbilityAssessment,CS,1,FALSE
40101015,4010,1015,16400,4117,ATD Assessment Flag,ATDAssessmentFlag,CS,1,FALSE
40101016,4010,1016,16400,4118,ATD Assessment Probability,ATDAssessmentProbability,FL,1,FALSE
40101017,4010,1017,16400,4119,Mass,Mass,FL,1,FALSE
40101018,4010,1018,16400,4120,Density,Density,FL,1,FALSE
40101019,4010,1019,16400,4121,Z Effective,ZEffective,FL,1,FALSE
4010101A,4010,101A,16400,4122,Boarding Pass ID,BoardingPassID,SH,1,FALSE
4010101B,4010,101B,16400,4123,Center of Mass,CenterOfMass,FL,3,FALSE
4010101C,4010,101C,16400,4124,Center of PTO,CenterOfPTO,FL,3,FALSE
4010101D,4010,101D,16400,4125,Bounding Polygon,BoundingPolygon,FL,6-n,FALSE
4010101E,4010,101E,16400,4126,Route Segment Start Location ID,RouteSegmentStartLocationID,SH,1,FALSE
4010101F,4010,101F,16400,4127,Route Segment End Location ID,RouteSegmentEndLocationID,SH,1,FALSE
40101020,4010,1020,16400,4128,Route Segment Location ID Type,RouteSegmentLocationIDType,CS,1,FALSE
40101021,4010,1021,16400,4129,Abort Reason,AbortReason,CS,1-n,FALSE
40101023,4010,1023,16400,4131,Volume of PTO,VolumeOfPTO,FL,1,FALSE
40101024,4010,1024,16400,4132,Abort Flag,AbortFlag,CS,1,FALSE
40101025,4010,1025,16400,4133,Route Segment Start Time,RouteSegmentStartTime,DT,1,FALSE
40101026,4010,1026,16400,4134,Route Segment End Time,RouteSegmentEndTime,DT,1,FALSE
40101027,4010,1027,16400,4135,TDR Type,TDRType,CS,1,FALSE
40101028,4010,1028,16400,4136,International Route Segment,InternationalRouteSegment,CS,1,FALSE
40101029,4010,1029,16400,4137,Threat Detection Algorithm and Version,ThreatDetectionAlgorithmAndVersion,LO,1-n,FALSE
4010102A,4010,102A,16400,4138,Assigned Location,AssignedLocation,SH,1,FALSE
4010102B,4010,102B,16400,4139,Alarm Decision Time,AlarmDecisionTime,DT,1,FALSE
40101031,4010,1031,16400,4145,Alarm Decision,AlarmDecision,CS,1,FALSE
40101033,4010,1033,16400,4147,Number of Total Objects,NumberOfTotalObjects,US,1,FALSE
40101034,4010,1034,16400,4148,Number of Alarm Objects,NumberOfAlarmObjects,US,1,FALSE
40101037,4010,1037,16400,4151,PTO Representation Sequence,PTORepresentationSequence,SQ,1,FALSE
40101038,4010,1038,16400,4152,ATD Assessment Sequence,ATDAssessmentSequence,SQ,1,FALSE
40101039,4010,1039,16400,4153,TIP Type,TIPType,CS,1,FALSE
4010103A,4010,103A,16400,4154,DICOS Version,DICOSVersion,CS,1,FALSE
40101041,4010,1041,16400,4161,OOI Owner Creation Time,OOIOwnerCreationTime,DT,1,FALSE
40101042,4010,1042,16400,4162,OOI Type,OOIType,CS,1,FALSE
40101043,4010,1043,16400,4163,OOI Size,OOISize,FL,3,FALSE
40101044,4010,1044,16400,4164,Acquisition Status,AcquisitionStatus,CS,1,FALSE
40101045,4010,1045,16400,4165,Basis Materials Code Sequence,BasisMaterialsCodeSequence,SQ,1,FALSE
40101046,4010,1046,16400,4166,Phantom Type,PhantomType,CS,1,FALSE
40101047,4010,1047,16400,4167,OOI Owner Sequence,OOIOwnerSequence,SQ,1,FALSE
40101048,4010,1048,16400,4168,Scan Type,ScanType,CS,1,FALSE
40101051,4010,1051,16400,4177,Itinerary ID,ItineraryID,LO,1,FALSE
40101052,4010,1052,16400,4178,Itinerary ID Type,ItineraryIDType,SH,1,FALSE
40101053,4010,1053,16400,4179,Itinerary ID Assigning Authority,ItineraryIDAssigningAuthority,LO,1,FALSE
40101054,4010,1054,16400,4180,Route ID,RouteID,SH,1,FALSE
40101055,4010,1055,16400,4181,Route ID Assigning Authority,RouteIDAssigningAuthority,SH,1,FALSE
40101056,4010,1056,16400,4182,Inbound Arrival Type,InboundArrivalType,CS,1,FALSE
40101058,4010,1058,16400,4184,Carrier ID,CarrierID,SH,1,FALSE
40101059,4010,1059,16400,4185,Carrier ID Assigning Authority,CarrierIDAssigningAuthority,CS,1,FALSE
40101060,4010,1060,16400,4192,Source Orientation,SourceOrientation,FL,3,FALSE
40101061,4010,1061,16400,4193,Source Position,SourcePosition,FL,3,FALSE
40101062,4010,1062,16400,4194,Belt Height,BeltHeight,FL,1,FALSE
40101064,4010,1064,16400,4196,Algorithm Routing Code Sequence,AlgorithmRoutingCodeSequence,SQ,1,FALSE
40101067,4010,1067,16400,4199,Transport Classification,TransportClassification,CS,1,FALSE
40101068,4010,1068,16400,4200,OOI Type Descriptor,OOITypeDescriptor,LT,1,FALSE
40101069,4010,1069,16400,4201,Total Processing Time,TotalProcessingTime,FL,1,FALSE
4010106C,4010,106C,16400,4204,Detector Calibration Data,DetectorCalibrationData,OB,1,FALSE
4010106D,4010,106D,16400,4205,Additional Screening Performed,AdditionalScreeningPerformed,CS,1,FALSE
4010106E,4010,106E,16400,4206,Additional Inspection Selection Criteria,AdditionalInspectionSelectionCriteria,CS,1,FALSE
4010106F,4010,106F,16400,4207,Additional Inspection Method Sequence,AdditionalInspectionMethodSequence,SQ,1,FALSE
40101070,4010,1070,16400,4208,AIT Device Type,AITDeviceType,CS,1,FALSE
40101071,4010,1071,16400,4209,QR Measurements Sequence,QRMeasurementsSequence,SQ,1,FALSE
40101072,4010,1072,16400,4210,Target Material Sequence,TargetMaterialSequence,SQ,1,FALSE
40101073,4010,1073,16400,4211,SNR Threshold,SNRThreshold,FD,1,FALSE
40101075,4010,1075,16400,4213,Image Scale Representation,ImageScaleRepresentation,DS,1,FALSE
40101076,4010,1076,16400,4214,Referenced PTO Sequence,ReferencedPTOSequence,SQ,1,FALSE
40101077,4010,1077,16400,4215,Referenced TDR Instance Sequence,ReferencedTDRInstanceSequence,SQ,1,FALSE
40101078,4010,1078,16400,4216,PTO Location Description,PTOLocationDescription,ST,1,FALSE
40101079,4010,1079,16400,4217,Anomaly Locator Indicator Sequence,AnomalyLocatorIndicatorSequence,SQ,1,FALSE
4010107A,4010,107A,16400,4218,Anomaly Locator Indicator,AnomalyLocatorIndicator,FL,3,FALSE
4010107B,4010,107B,16400,4219,PTO Region Sequence,PTORegionSequence,SQ,1,FALSE
4010107C,4010,107C,16400,4220,Inspection Selection Criteria,InspectionSelectionCriteria,CS,1,FALSE
4010107D,4010,107D,16400,4221,Secondary Inspection Method Sequence,SecondaryInspectionMethodSequence,SQ,1,FALSE
4010107E,4010,107E,16400,4222,PRCS to RCS Orientation,PRCSToRCSOrientation,DS,6,FALSE
4FFE0001,4FFE,0001,20478,1,MAC Parameters Sequence,MACParametersSequence,SQ,1,FALSE
50xx0005,50xx,0005,-1,5,Curve Dimensions,CurveDimensions,US,1,TRUE
50xx0010,50xx,0010,-1,16,Number of Points,NumberOfPoints,US,1,TRUE
50xx0020,50xx,0020,-1,32,Type of Data,TypeOfData,CS,1,TRUE
50xx0022,50xx,0022,-1,34,Curve Description,CurveDescription,LO,1,TRUE
50xx0030,50xx,0030,-1,48,Axis Units,AxisUnits,SH,1-n,TRUE
50xx0040,50xx,0040,-1,64,Axis Labels,AxisLabels,SH,1-n,TRUE
50xx0103,50xx,0103,-1,259,Data Value Representation,DataValueRepresentation,US,1,TRUE
50xx0104,50xx,0104,-1,260,Minimum Coordinate Value,MinimumCoordinateValue,US,1-n,TRUE
50xx0105,50xx,0105,-1,261,Maximum Coordinate Value,MaximumCoordinateValue,US,1-n,TRUE
50xx0106,50xx,0106,-1,262,Curve Range,CurveRange,SH,1-n,TRUE
50xx0110,50xx,0110,-1,272,Curve Data Descriptor,CurveDataDescriptor,US,1-n,TRUE
50xx0112,50xx,0112,-1,274,Coordinate Start Value,CoordinateStartValue,US,1-n,TRUE
50xx0114,50xx,0114,-1,276,Coordinate Step Value,CoordinateStepValue,US,1-n,TRUE
50xx1001,50xx,1001,-1,4097,Curve Activation Layer,CurveActivationLayer,CS,1,TRUE
50xx2000,50xx,2000,-1,8192,Audio Type,AudioType,US,1,TRUE
50xx2002,50xx,2002,-1,8194,Audio Sample Format,AudioSampleFormat,US,1,TRUE
50xx2004,50xx,2004,-1,8196,Number of Channels,NumberOfChannels,US,1,TRUE
50xx2006,50xx,2006,-1,8198,Number of Samples,NumberOfSamples,UL,1,TRUE
50xx2008,50xx,2008,-1,8200,Sample Rate,SampleRate,UL,1,TRUE
50xx200A,50xx,200A,-1,8202,Total Time,TotalTime,UL,1,TRUE
50xx200C,50xx,200C,-1,8204,Audio Sample Data,AudioSampleData,OB or OW,1,TRUE
50xx200E,50xx,200E,-1,8206,Audio Comments,AudioComments,LT,1,TRUE
50xx2500,50xx,2500,-1,9472,Curve Label,CurveLabel,LO,1,TRUE
50xx2600,50xx,2600,-1,9728,Curve Referenced Overlay Sequence,CurveReferencedOverlaySequence,SQ,1,TRUE
50xx2610,50xx,2610,-1,9744,Curve Referenced Overlay Group,CurveReferencedOverlayGroup,US,1,TRUE
50xx3000,50xx,3000,-1,12288,Curve Data,CurveData,OB or OW,1,TRUE
52009229,5200,9229,20992,37417,Shared Functional Groups Sequence,SharedFunctionalGroupsSequence,SQ,1,FALSE
52009230,5200,9230,20992,37424,Per-frame Functional Groups Sequence,PerFrameFunctionalGroupsSequence,SQ,1,FALSE
54000100,5400,0100,21504,256,Waveform Sequence,WaveformSequence,SQ,1,FALSE
54000110,5400,0110,21504,272,Channel Minimum Value,ChannelMinimumValue,OB or OW,1,FALSE
54000112,5400,0112,21504,274,Channel Maximum Value,ChannelMaximumValue,OB or OW,1,FALSE
54001004,5400,1004,21504,4100,Waveform Bits Allocated,WaveformBitsAllocated,US,1,FALSE
54001006,5400,1006,21504,4102,Waveform Sample Interpretation,WaveformSampleInterpretation,CS,1,FALSE
5400100A,5400,100A,21504,4106,Waveform Padding Value,WaveformPaddingValue,OB or OW,1,FALSE
54001010,5400,1010,21504,4112,Waveform Data,WaveformData,OB or OW,1,FALSE
56000010,5600,0010,22016,16,First Order Phase Correction Angle,FirstOrderPhaseCorrectionAngle,OF,1,FALSE
56000020,5600,0020,22016,32,Spectroscopy Data,SpectroscopyData,OF,1,FALSE
60xx0010,60xx,0010,-1,16,Overlay Rows,OverlayRows,US,1,FALSE
60xx0011,60xx,0011,-1,17,Overlay Columns,OverlayColumns,US,1,FALSE
60xx0012,60xx,0012,-1,18,Overlay Planes,OverlayPlanes,US,1,TRUE
60xx0015,60xx,0015,-1,21,Number of Frames in Overlay,NumberOfFramesInOverlay,IS,1,FALSE
60xx0022,60xx,0022,-1,34,Overlay Description,OverlayDescription,LO,1,FALSE
60xx0040,60xx,0040,-1,64,Overlay Type,OverlayType,CS,1,FALSE
60xx0045,60xx,0045,-1,69,Overlay Subtype,OverlaySubtype,LO,1,FALSE
60xx0050,60xx,0050,-1,80,Overlay Origin,OverlayOrigin,SS,2,FALSE
60xx0051,60xx,0051,-1,81,Image Frame Origin,ImageFrameOrigin,US,1,FALSE
60xx0052,60xx,0052,-1,82,Overlay Plane Origin,OverlayPlaneOrigin,US,1,TRUE
60xx0060,60xx,0060,-1,96,Overlay Compression Code,OverlayCompressionCode,CS,1,TRUE
60xx0061,60xx,0061,-1,97,Overlay Compression Originator,OverlayCompressionOriginator,SH,1,TRUE
60xx0062,60xx,0062,-1,98,Overlay Compression Label,OverlayCompressionLabel,SH,1,TRUE
60xx0063,60xx,0063,-1,99,Overlay Compression Description,OverlayCompressionDescription,CS,1,TRUE
60xx0066,60xx,0066,-1,102,Overlay Compression Step Pointers,OverlayCompressionStepPointers,AT,1-n,TRUE
60xx0068,60xx,0068,-1,104,Overlay Repeat Interval,OverlayRepeatInterval,US,1,TRUE
60xx0069,60xx,0069,-1,105,Overlay Bits Grouped,OverlayBitsGrouped,US,1,TRUE
60xx0100,60xx,0100,-1,256,Overlay Bits Allocated,OverlayBitsAllocated,US,1,FALSE
60xx0102,60xx,0102,-1,258,Overlay Bit Position,OverlayBitPosition,US,1,FALSE
60xx0110,60xx,0110,-1,272,Overlay Format,OverlayFormat,CS,1,TRUE
60xx0200,60xx,0200,-1,512,Overlay Location,OverlayLocation,US,1,TRUE
60xx0800,60xx,0800,-1,2048,Overlay Code Label,OverlayCodeLabel,CS,1-n,TRUE
60xx0802,60xx,0802,-1,2050,Overlay Number of Tables,OverlayNumberOfTables,US,1,TRUE
60xx0803,60xx,0803,-1,2051,Overlay Code Table Location,OverlayCodeTableLocation,AT,1-n,TRUE
60xx0804,60xx,0804,-1,2052,Overlay Bits For Code Word,OverlayBitsForCodeWord,US,1,TRUE
60xx1001,60xx,1001,-1,4097,Overlay Activation Layer,OverlayActivationLayer,CS,1,FALSE
60xx1100,60xx,1100,-1,4352,Overlay Descriptor - Gray,OverlayDescriptorGray,US,1,TRUE
60xx1101,60xx,1101,-1,4353,Overlay Descriptor - Red,OverlayDescriptorRed,US,1,TRUE
60xx1102,60xx,1102,-1,4354,Overlay Descriptor - Green,OverlayDescriptorGreen,US,1,TRUE
60xx1103,60xx,1103,-1,4355,Overlay Descriptor - Blue,OverlayDescriptorBlue,US,1,TRUE
60xx1200,60xx,1200,-1,4608,Overlays - Gray,OverlaysGray,US,1-n,TRUE
60xx1201,60xx,1201,-1,4609,Overlays - Red,OverlaysRed,US,1-n,TRUE
60xx1202,60xx,1202,-1,4610,Overlays - Green,OverlaysGreen,US,1-n,TRUE
60xx1203,60xx,1203,-1,4611,Overlays - Blue,OverlaysBlue,US,1-n,TRUE
60xx1301,60xx,1301,-1,4865,ROI Area,ROIArea,IS,1,FALSE
60xx1302,60xx,1302,-1,4866,ROI Mean,ROIMean,DS,1,FALSE
60xx1303,60xx,1303,-1,4867,ROI Standard Deviation,ROIStandardDeviation,DS,1,FALSE
60xx1500,60xx,1500,-1,5376,Overlay Label,OverlayLabel,LO,1,FALSE
60xx3000,60xx,3000,-1,12288,Overlay Data,OverlayData,OB or OW,1,FALSE
60xx4000,60xx,4000,-1,16384,Overlay Comments,OverlayComments,LT,1,TRUE
7FE00001,7FE0,0001,32736,1,Extended Offset Table,ExtendedOffsetTable,OV,1,FALSE
7FE00002,7FE0,0002,32736,2,Extended Offset Table Lengths,ExtendedOffsetTableLengths,OV,1,FALSE
7FE00003,7FE0,0003,32736,3,Encapsulated Pixel Data Value Total Length,EncapsulatedPixelDataValueTotalLength,UV,1,FALSE
7FE00008,7FE0,0008,32736,8,Float Pixel Data,FloatPixelData,OF,1,FALSE
7FE00009,7FE0,0009,32736,9,Double Float Pixel Data,DoubleFloatPixelData,OD,1,FALSE
7FE00010,7FE0,0010,32736,16,Pixel Data,PixelData,OB or OW,1,FALSE
7FE00020,7FE0,0020,32736,32,Coefficients SDVN,CoefficientsSDVN,OW,1,TRUE
7FE00030,7FE0,0030,32736,48,Coefficients SDHN,CoefficientsSDHN,OW,1,TRUE
7FE00040,7FE0,0040,32736,64,Coefficients SDDN,CoefficientsSDDN,OW,1,TRUE
7Fxx0010,7Fxx,0010,-1,16,Variable Pixel Data,VariablePixelData,OB or OW,1,TRUE
7Fxx0011,7Fxx,0011,-1,17,Variable Next Data Group,VariableNextDataGroup,US,1,TRUE
7Fxx0020,7Fxx,0020,-1,32,Variable Coefficients SDVN,VariableCoefficientsSDVN,OW,1,TRUE
7Fxx0030,7Fxx,0030,-1,48,Variable Coefficients SDHN,VariableCoefficientsSDHN,OW,1,TRUE
7Fxx0040,7Fxx,0040,-1,64,Variable Coefficients SDDN,VariableCoefficientsSDDN,OW,1,TRUE
FFFAFFFA,FFFA,FFFA,65530,65530,Digital Signatures Sequence,DigitalSignaturesSequence,SQ,1,FALSE
FFFCFFFC,FFFC,FFFC,65532,65532,Data Set Trailing Padding,DataSetTrailingPadding,OB,1,FALSE
FFFEE000,FFFE,E000,65534,57344,Item,Item,See Note,1,FALSE
FFFEE00D,FFFE,E00D,65534,57357,Item Delimitation Item,ItemDelimitationItem,See Note,1,FALSE
FFFEE0DD,FFFE,E0DD,65534,57565,Sequence Delimitation Item,SequenceDelimitationItem,See Note,1,FALSE
00080000,0008,0000,8,0,Identifying Group Length (Retired),IdentifyingGroupLengthRetired,UL,1,TRUE
00100000,0010,0000,16,0,Patient Group Length (Retired),PatientGroupLengthRetired,UL,1,TRUE
00180000,0018,0000,24,0,Acquisition Group Length (Retired),AcquisitionGroupLengthRetired,UL,1,TRUE
00200000,0020,0000,32,0,Relationship Group Length (Retired),RelationshipGroupLengthRetired,UL,1,TRUE
00280000,0028,0000,40,0,Image Presentation Group Length (Retired),ImagePresentationGroupLengthRetired,UL,1,TRUE
00540000,0054,0000,84,0,Generic Group Length (Retired),GenericGroupLengthRetired,UL,1,TRUE
7FE00000,7FE0,0000,32736,0,Pixel Data Group Length (Retired),PixelDataGroupLengthRetired,UL,1,TRUE
